book_name,chapter,chapter_summary
1 Korintus,1,"Pasal-pasal ini membahas tentang persatuan Kristen, pengaruh Injil dalam hidup mereka, dan kekuatan salib Kristus. Mereka juga mengingatkan tentang persepsi dunia terhadap kebijaksanaan dan keberanian, serta bagaimana Allah memilih orang-orang yang tidak berhak untuk menyelamatkan dunia. Tema utama adalah persatuan Kristen dalam keragaman umat Allah, pengaruh Injil dalam hidup mereka, dan kekuatan salib Kristus sebagai alasan bagi semua orang untuk menghormati Tuhan."
1 Korintus,2,"Pasal-pasal ini membahas tentang pengorbanan Yesus dan kekuasaan Roh Kudus dalam hidup Kristen. Mereka menggambarkan bagaimana pengorbanan Yesus memberikan kesaksian Allah kepada dunia, serta bagaimana Roh Kudus memberi pengetahuan yang tidak dapat diterima oleh manusia secara natural. Pasal-pasal ini juga menekankan pentingnya keyakinan pada Roh Kudus dalam iman dan pengertian tentang kekuasaan Allah."
1 Korintus,3,"Pasal-pasal ini membahas tentang kepentingan Roh Kudus dalam hidup Kristen, serta perbedaan antara manusia duniawi (yang belum dewasa dalam iman) dengan manusia rohani (yang sudah dewasa dalam iman). Mereka juga mengajarkan bahwa hasil kerja seseorang dalam Kristus akan diuji oleh Tuhan dan ditentukan oleh Roh Kudus yang tinggal dalam diri mereka. Selain itu, pasal-pasal ini juga menekankan pentingnya tidak membangun bangunan sendiri tanpa dasar Yesus Kristus, serta mengingatkan agar tidak ada orang yang memegang dirinya atas manusia atau berhikmat dunia."
1 Korintus,4,"Pasal-pasal Alkitab tersebut membahas tentang kedudukan, pengakuan, dan tanggung jawab sebagai hamba Kristus. Mereka juga mengajarkan tentang kehormatan dan penilaian dari Tuhan, serta pentingnya tidak menilai sebelum waktunya. Selain itu, pasal-pasal ini juga mencerminkan pengorbanan dan ketidakpuasan dalam hidup sebagai hamba Allah, meskipun mereka dianggap rendah oleh dunia."
1 Korintus,5,"Pasal-pasal Alkitab tersebut membahas tentang konflik dan percabulan dalam kelompok Kristen, hukuman atas perilaku tidak bermoral, penghapusan dari jemaat bagi mereka yang berbuat dosa, serta pentingnya menjaga kebersihan rohani. Konsep utama adalah perlunya mempertahankan kualitas spiritual dalam kelompok dan menghapus orang-orang yang merusak moral atau etika."
1 Korintus,6,"Pasal-pasal Alkitab tersebut membahas tentang pentingnya keadilan, kudusian, dan penghakiman dalam hidup beriman. Mereka juga mengajarkan bahwa orang-orang kudus akan menghakimi dunia, sementara kita sebagai umat Kristus harus lebih suka menderita ketidakadilan daripada melakukan hal-hal yang tidak adil. Pasal-pasal ini juga menekankan pentingnya menjaga kebersihan diri dari percabulan dan dosa lain, serta menghargai tubuh kita sebagai tempat Allah tinggal."
1 Korintus,7,"Pasal-pasal Alkitab ini membahas tentang masalah pernikahan dan kawin, termasuk konsep ideal dari hubungan suami-isteri, prinsip kebebasan dalam pernikahan, serta panduan untuk menghadapi situasi-situasi tertentu seperti perceraian. Konteksnya adalah bagaimana manusia harus hidup dengan damai dan beriman kepada Tuhan, terutama dalam konteks pernikahan yang dianggap sebagai bentuk kudusan."
1 Korintus,8,"Pasal-pasal Alkitab tersebut membahas tentang pentingnya pengetahuan yang berasal dari kasih dan Allah dalam hidup Kristen. Mereka mengajarkan bahwa pengetahuan yang benar adalah pengetahuan tentang satu Allah tunggal, Yesus Kristus sebagai Tuhan dan Anak-Nya, serta tidak ada berhala atau tuhan lain selain mereka. Pasal-pasal ini juga menekankan pentingnya menjaga diri agar tidak menjadi batu sandungan bagi orang yang lemah dalam iman, karena pengetahuan yang salah dapat merusak kepercayaan dan kasih sayang mereka terhadap Kristus."
1 Korintus,9,"Pasal-pasal ini membahas tentang peran dan hak-hak para rasul dalam melayani Tuhan, serta bagaimana mereka harus menghargai pekerjaan satu sama lain dalam pengembangan Injil. Konteksnya adalah pada era awal gereja di mana ada perselisihan tentang hak dan tanggung jawab setiap anggota komuniti Kristen. Tema utama dari pasal-pasal ini adalah saling menghargai, berbagi, dan bekerja sama dalam upaya mewujudkan pengembangan Injil yang seimbang dan efektif."
1 Korintus,10,"Pasal-pasal Alkitab yang Anda cantumkan membahas tentang pengajaran dan peringatan kepada umat Kristus agar tidak melakukan hal-hal jahat seperti nenek moyang mereka di masa lalu. Konteksnya adalah untuk mengingatkan umat bahwa mereka harus menjadi contoh baik bagi dunia, menjauhi penyembahan berhala dan mencari keuntungan pribadi, tetapi lebih memikirkan kebaikan orang lain."
1 Korintus,11,"Pasal-pasal Alkitab ini membahas berbagai aspek dalam kehidup Kristen, termasuk hubungan antara laki-laki dan perempuan, penggunaan kepala dalam doa atau bernubuat, serta ritual makan dan minum di gereja. Tema utama dari pasal-pasal ini adalah menghargai Tuhan dan menjaga keharmonisan dalam komuniti Kristen. Konteksnya berasal dari perbedaan pendekatan dalam berbagai jemaat terhadap praktik-praktik ini, yang menyebabkan konflik dan pertentangan."
1 Korintus,12,"Pasal-pasal ini membahas tentang pengaruh dan kerjasama Roh Kudus dalam hidup Kristen, serta bagaimana berbagai karunia diberikan oleh Tuhan kepada umat-Nya. Mereka juga mengingatkan bahwa walaupun ada banyak anggota dalam tubuh Kristus, mereka semua adalah bagian dari satu tubuh yang sama dan saling memperhatikan."
1 Korintus,13,"Pasal-pasal Alkitab tersebut membahas tentang pentingnya kasih dalam kehiduppan manusia. Kasih dinyatakan sebagai inti dari semua kemampuan dan pengetahuan, serta merupakan sifat yang paling berharga. Pasal-pasal ini mengajarkan bahwa walaupun kita memiliki banyak kemampuan, tanpa kasih, segala itu menjadi sia-sia. Kasih dinyatakan sebagai sifat yang sabar, murah hati, tidak bersikap cemburuan atau sombong, dan selalu berpandangan positif terhadap kebenaran dan ketulusan."
1 Korintus,14,"Pasal-pasal ini membahas tentang penggunaan dan penafsiran karunia Roh Kudus dalam gereja, khususnya berkaitan dengan kemampuan bernubuat dan berkata-kata dengan bahasa roh. Tema utama adalah pentingnya menggunakan karunia tersebut untuk membangun Jemaat, baik melalui pengajaran dan pembangunan diri sendiri maupun dalam membantu orang lain. Pasal-pasal ini juga mengajarkan tentang pentingnya penafsiran yang jelas dan sopan dalam penggunaan karunia-karunia Roh Kudus tersebut."
1 Korintus,15,"Pasal-pasal ini membahas tentang kebangkitan Yesus Kristus, saling percaya kepada Injil, dan kekuatan Kristen yang didasarkan pada pengenalan dan percaya pada kematian dan kebangkitan Yesus. Konsep utama adalah bahwa keyakinan dalam kebangkitan Yesus memberikan kekuatan bagi umat-Nya untuk berani menghadapi musuh-musuh mereka, termasuk maut. Selain itu, pasal-pasal ini juga membahas tentang perubahan dari kematian menjadi kehidup, yang merupakan konsep penting dalam pengajaran Kristen."
1 Korintus,16,"Pasal-pasal ini membahas berbagai aspek penting dalam komuniti Kristen, termasuk pengumpulan dana bagi orang-orang kudus, perjalanan ke Yerusalem, pengajaran dan dukungan kepada saudara-saudara, serta kasih karunia Tuhan. Konteksnya adalah dalam konteks perkembangan dan pertumbuhan komuniti Kristen di berbagai tempat, terutama Galatia, Korintus, Efesus, dan Asia Kecil."
1 Petrus,1,"Pasal-pasal ini membahas tentang pengaruh Roh Kudus dalam hidup Kristen, keselamatan melalui Yesus Kristus, dan pentingnya iman dan kepercayaan. Mereka juga mengajarkan tentang kudusitas dan kasih yang tulus antara sahabat Kristen. Konteksnya adalah pengaruh Injil dalam hidup para pendeta dan orang-orang yang dipilih Allah untuk taat kepada Yesus Kristus, serta mereka yang telah diberkati dengan keselamatan dan kehormatan."
1 Petrus,2,"Pasal-pasal Alkitab yang disajikan berfokus pada tema utama kesucian, kebenaran, dan pengampunan Tuhan. Konteksnya adalah tentang bagaimana umat Kristus harus bersih dari dosa-dosa, menjadi seperti bayi yang percaya kepada Tuhan, dan hidup dengan cara-cara yang baik di tengah-tengah dunia. Tujuan utama adalah untuk menunjukkan kebenaran-Nya melalui perbuatan-perbuatan yang baik mereka, sehingga orang-orang tidak dapat menyalahkan umat Kristus atas dosa-dosa mereka sendiri."
1 Petrus,3,"Pasal-pasal ini membahas tentang hubungan suami-istri dalam perspektif Kristen, perhiasan yang sebenarnya adalah manusia batiniah, serta pentingnya hidup baik dan berdiam diri di tengah kebencian atau ancaman. Mereka juga mengajarkan untuk tidak membalas kejahatan dengan kejahatan, tetapi memberkati orang-orang yang mencintai mereka. Selain itu, pasal-pasal ini menekankan pentingnya berdiam diri dalam Roh dan hidup baik demi mendapatkan berkat dari Tuhan."
1 Petrus,4,"Pasal-pasal ini membahas tentang penderitaan dan penghargaan atas iman dalam Kristus, serta mengajarkan pentingnya bersikap kasih sayang dan tenang di tengah kehiduppan yang sulit. Mereka juga menekankan pentingnya berdoa dan memuliakan Allah, serta menghargai penderitaan sebagai bagian dari penghargaan atas iman."
1 Petrus,5,"Pasal-pasal Alkitab tersebut membahas tentang kebijaksanaan, pengaturan dan pengabdian terhadap orang-orang muda, penolong Tuhan, dan penderitaan iman. Mereka juga mengajarkan pentingnya mempercayai Tuhan dalam kasih karunia-Nya, serta berjalan di bawah kuasa-Nya untuk meneguhkan diri."
1 Raja-Raja,1,"Pasal-pasal ini membahas konflik politik dan dinasti dalam keluarga Daud. Raja Daud telah tua dan sedang memilih penggantinya setelah meninggalnya anak-anaknya. Para pegawai menyarankan agar Daud mencari seorang gadis muda untuk menjadi perawat raja, yang akhirnya berhasil didapatkan Abisag. Namun, konflik semakin mendalam ketika Adonia, putra Hagit dan adik Salomo, memimpin keluarga Yehuda dengan kekuasaan dan pengikutnya sendiri. Daud tidak mengetahui bahwa Adonia telah menjadi raja sebenarnya, sementara para pegawai lain seperti Zadok, Abyatar, dan Natan tetap setia pada Daud. Akhirnya, Batsyeba, ibu Salomo, meminta nasihat kepada Natan untuk menyelamatkan nyawa Daud dan anaknya. Natan kemudian membantu Daud mengetahui bahwa Adonia telah menjadi raja tanpa diketahuinya oleh Daud sendiri. Akhirnya, Batsyeba berbicara dengan kehormatan kepada Daud, yang akhirnya memutuskan untuk mengangkat Salomo sebagai penggantinya."
1 Raja-Raja,2,"Pasal Alkitab ini membahas tentang kehidup dan penghormatan kepada Daud setelah kematiannya, serta masalah-masalah yang terjadi dalam keluarganya dan kerajaannya. Konteksnya adalah masa setelah Daud meninggal, Salomo memerintah Israel dengan kokoh, sementara beberapa orang seperti Yoab dan Abyatar masih berperan penting dalam kehidup kerajaan. Namun, ada juga masalah-masalah yang muncul, termasuk konflik antar anggota keluarga Daud dan tindakan tidak etis dari beberapa pihak. Salomo harus menghadapi dan menyelesaikan berbagai masalah ini untuk memastikan kekuatan dan ketenangan kerajaannya."
1 Raja-Raja,3,"Pasal-pasal Alkitab tersebut membahas tentang kehidup Salomo sebagai raja Israel setelah Daud. Tema utama adalah penghormatan dan kasih sayang Tuhan terhadap Salomo, serta permintaan hikmat dan pengertian dari Tuhan untuk menghakimi umat-Nya. Konteksnya adalah tentang kehidup Salomo sebagai raja baru yang diutus Tuhan untuk menggantikan Daud, dengan harapan bahwa ia akan hidup menurut jalan Tuhan dan memberi hikmat kepada umat-Nya."
1 Raja-Raja,4,"Pasal-pasal ini membahas kekuasaan dan kemakmuan Salomo sebagai raja Israel. Tema utamanya adalah penghormatan dan kemerdekaan Salomo atas seluruh Israel, termasuk organisasi pemerintahannya yang cermat dan sistem pembayaran makanan bagi para kepala daerah. Konteksnya adalah masa awal kekuasaan Salomo setelah perjanjian dengan Allah di Geba, dimana ia menjadi raja atas seluruh Israel."
1 Raja-Raja,5,"Pasal-pasal ini membahas konstruksi gedung agama di Israel, yaitu Gedung Daud (Gedung Kudus). Konteksnya adalah Salomo, raja baru yang menggantikan ayahnya Daud, ingin membangun sebuah gedung besar bagi Tuhan. Hiram, raja Tirus, berkontribusi dalam proyek tersebut dengan menyediakan kayu dari gunung Libanon. Proses pembangunan ini melibatkan kerjasama antara dua negara dan melibatkan banyak tenaga kerja."
1 Raja-Raja,6,"Tema utama pasal-pasal ini adalah pembangunan dan peresmian Rumah TUHAN oleh Raja Salomo di Yerusalem, yang merupakan salah satu dari tiga tempat suci dalam agama Yahudi. Konteksnya berada pada masa raja Salomo, setelah Israel keluar dari tanah Mesir dan sebelum ia menjadi raja atas Israel. Pasal-pasal ini membahas detail pembangunan rumah tersebut, mulai dari ukuran dan struktur bangunan hingga peresmian dan penghiasan interior dan eksteriornya."
1 Raja-Raja,7,"Pasal-pasal ini membahas konstruksi dan perlengkapan rumah Tuhan yang dipersembahkan oleh Raja Salomo di Yerusalem. Tema utamanya adalah kebesaran dan keindahan bangunan rumah Tuhan, termasuk gedung-gedung utama seperti Istana, Hutan Libanon, Balai Saka, dan Balai Singgasana. Bangunan-bangunan ini dilengkapi dengan berbagai perlengkapan emas yang mewah, menunjukkan kekayaan dan pengorbanan besar Salomo untuk membangun rumah Tuhan. Konteksnya adalah dalam konteks pembangunan rumah Tuhan oleh Salomo setelah ia mengambil alih kerajaan dari ayahnya, Daud."
1 Raja-Raja,8,"Pasal-pasal ini membahas peristiwa penting dalam sejarah Israel, terutama pembangunan Masjid Al-Aksa (Masjid Daud) di Yerusalem oleh raja Salomo. Konteksnya melibatkan doa dan pengakuan kepada Tuhan Allah sebagai pemilik tanah tersebut. Berikut beberapa poin utamanya:

1. Pembangunan Masjid Al-Aksa oleh Salomo, yang merupakan masjid pertama dalam sejarah Islam.

2. Doa dan pengakuan umat Israel terhadap kekuasaan dan perintah Tuhan Allah.

3. Perayaan dan penghormatan kepada raja Daud (Salomo) sebagai pemimpin Israel.

4. Pengakuan bahwa Tuhan adalah satu-satunya yang maha kuasa dan berhak diangkat oleh umat-Nya.

5. Doa untuk keadilan, keselamatan, dan kemuliaan Tuhan.

6. Pengingat tentang kewajiban umat Israel dalam mengikuti perintah-perintah Tuhan.

7. Perayaan atas berbagai keridhoan Tuhan kepada Daud dan Israel.

8. Doa untuk kebaikan yang telah dilakukan oleh Tuhan kepada raja Salomo.

9. Pengakuan bahwa Tuhan adalah pemilik tanah tersebut, termasuk Yerusalem.

Secara keseluruhan, pasal-pasal ini menggambarkan penghormatan dan doa umat Israel terhadap kekuasaan dan perintah Tuhan, serta pengakuan atas kemerdekaan dan keridhoan Tuhan kepada raja Salomo."
1 Raja-Raja,9,"Pasal-pasal ini membahas tentang pembangunan rumah Tuhan dan istana raja oleh Salomo di Israel. Konflik utama adalah hubungan antara Salomo dengan Tuhan, dimana ia harus mempertahankan takhta kerajaannya agar tetap diberkati Tuhan. Pasal-pasal ini juga mencakup detail tentang pembangunan dan pengiriman barang-barang keemasan dari Tiran untuk proyek tersebut. Hubungan ini dipengaruhi oleh doa dan permohonan Salomo, serta ketulusan dan ketauhidan dalam memelihara hubungan dengan Tuhan."
1 Raja-Raja,10,"Pasal-pasal ini membahas kejayaan dan kemakmuran Salomo sebagai raja Israel, termasuk dalam hal hikmatnya, pembangunan gedung-gedung seperti Hutan Libanon, serta kekayaannya yang melampaui semua kerajaan di bumi. Konteksnya adalah tentang bagaimana Salomo berhasil mencapai status dan kemakmuran tersebut, baik melalui kebijaksanaannya sendiri maupun dengan bantuan dari negeri Syeba."
1 Raja-Raja,11,"Tema utama pasal-pasal ini adalah kesialan dan kegagalan kerajaan Salomo. Konteksnya berkisar pada bagaimana raja yang mulia akhirnya jatuh karena berhutang kepada perempuan asing, mengejar hawa nafsu, dan mengikuti dewa-dewa lain sebaliknya dari ketetapan Tuhan. Salomo terjebak dalam kekayaan dan kemewahan yang membuatnya lupa akan Tuhan, akhirnya merendahkan kerajaannya sendiri."
1 Raja-Raja,12,"Tema utama pasal-pasal ini adalah konflik politis dan agama antara keluarga Daud (Yehuda) dan Yerobeam, yang merupakan pengganti mereka sebagai raja Israel setelah kepergiannya dari Salomo. Konteksnya adalah perbedaan pendapat tentang tanggungan kerja dan penolakan terhadap pemerintahan Daud oleh sebagian rakyat Israel. Konflik ini berlanjut hingga menjadi konflik agama ketika Yerobeam membangun kuil-kuil sendiri di luar wilayah Yehuda, yang mengakibatkan penolakan terhadap pemerintahan Daud dan menimbulkan perpecahan dalam bangsa Israel."
1 Raja-Raja,13,"Pasal-pasal ini membahas konflik antara raja Yerobeam dan abdi Allah (nabi) yang menentang kebijakan pemerintahnya dalam hal pengorbanan di mezbah Betel. Konflik berlangsung ketika nabi tersebut memberikan tanda ajaib kepada mezbah, yang akhirnya pecah dan tercurahkan abu sesuai dengan firman Tuhan. Raja Yerobeam mencoba mengancam nabi tersebut, tetapi gagal. Nabi kemudian pergi ke rumah raja untuk makan roti, namun berbohong tentang perintah Tuhan yang tidak membolehkan makan di tempat itu.

Konflik ini menunjukkan ketidaksetujuan abdi Allah terhadap kebijakan Yerobeam dalam hal pengorbanan dan konflik antara pemerintahan manusia dengan firman Tuhan. Akhirnya, nabi tersebut pergi dan mati di jalan, yang menjadi bukti bahwa Tuhan telah mengabulkan tanda ajaib dan menentang kebijakan Yerobeam."
1 Raja-Raja,14,"Tema utama pasal ini adalah kekecewaan dan hukuman atas kesalahannya yang dilakukan oleh Yerobeam sebagai raja Israel. Konteksnya berada dalam masa peradaban Israel setelah keluarga Daud, di mana Yerobeam menjabat sebagai raja. Pasal ini mencakup penghinaan kepada Yerobeam dan hukuman Tuhan terhadap keluarganya, yang disebabkan oleh kejahatan-kejahatannya dalam mengisi kerajaan."
1 Raja-Raja,15,"Tema utama pasal-pasal ini adalah perjalanan kekuasaan dan kemerosotan raja-raja Yehuda dan Israel, terutama Asa dan Nadab. Konteksnya adalah sejarah politik dan agama di Israel, dengan konflik antara raja-raja yang berusaha mempertahankan kedaulatan mereka sendiri sambil menghadapi tekanan dari raja-rakyat lain. Pasal-pasal ini juga menyoroti bagaimana keputusan pribadi raja dapat mempengaruhi nasib umat Allah dan Israel secara luas."
1 Raja-Raja,16,"Tema utama pasal-pasal ini adalah keadilan dan dosa Tuhan terhadap Israel, serta konsekuensinya melalui penerus-penerus kerajaan Baesa. Konteksnya adalah tentang bagaimana Tuhan menghukum dan membalas dosa-dosa umat-Nya, baik melalui pengasingan mereka dari tanah air maupun pembunuhan keluarga-keluarganya. Pasal-pasal ini juga menunjukkan bagaimana Israel terus-menerus berdosa dan mengabaikan perintah Tuhan, yang akhirnya memaksa-Nya untuk mengadili mereka dengan cara-cara yang ekstrem."
1 Raja-Raja,17,"Pasal-pasal ini membahas pengujian kepercayaan Elia terhadap Tuhan. Awalnya, Elia menolak kemampuan Tuhan untuk menghentikan hujan selama beberapa tahun, yang membuatnya merasa tidak dapat dipercayai. Namun, Tuhan memerintahkan Elia untuk pergi ke timur dan bersembunyi di tepi sungai Kerit, memberinya makanan dan minuman dari Tuhan. Setelah beberapa waktu, hujan kembali karena Tuhan telah mengetahui kepercayaan Elia. Pasal-pasal ini juga menggambarkan bagaimana Elia membantu seorang janda yang tidak memiliki makanan dengan memberikan anaknya kepada Tuhan, dan bagaimana Tuhan membalas doa Elia untuk kembali nyawa anak tersebut."
1 Raja-Raja,18,"Pasal-pasal ini membahas peristiwa hujan besar yang disebabkan oleh firman Tuhan kepada Elia, seorang nabi Israel. Konteksnya adalah masa ketika Israel sedang menghadapi kelaparan dan kemarahan Tuhan karena kekeliruan mereka dengan Baal. Hujan besar ini menjadi tanda penghukuman atas dosa-dosa Ahab dan Izebel, serta sebagai tanda pengakuan kepada Tuhan sebagai satu-satunya Allah yang sejati. Elia memainkan peran penting dalam mengumpulkan seluruh Israel untuk menyaksikan hujan besar ini, yang menjadi bukti kuat bagi keberadaan Tuhan."
1 Raja-Raja,19,"Pasal-pasal ini membahas penghukuman Tuhan terhadap Israel karena kebodohan dan perbuatan tidak patuh mereka. Ia memilih Elia untuk menerima hukuman langsung, yang berujung pada kematiannya. Setelah mati, Elia mengalami pengampunan Tuhan dalam bentuk pertolongan nyata dari Tuhan melalui malaikat. Dalam pengampunan ini, Tuhan menunjukkan kepada Elia bahwa masih ada harapan bagi Israel, dengan memerintahkannya untuk merawat beberapa orang yang masih beriman dan mengurapi dua raja baru."
1 Raja-Raja,20,"Pasal-pasal ini membahas konflik antara Israel (Israel) dan Aram (Aram), terutama pertempuran besar yang berlangsung antara kedua belah pihak. Benhadad, raja Aram, memerintahkan utusan untuk menyerukan permintaan perdamaan kepada Ahab, raja Israel, dengan mengaku bahwa segala kekayaannya dan harta benda serta istrinya dan anak-anaknya adalah milik Ahab. Namun, Ahab tidak mau memberikan apa yang telah diajanakan oleh Benhadad.

Benhadad kemudian mempersiapkan pasukannya untuk menyerang Israel, tetapi Ahab mengirim utusan kepadanya dengan menyatakan bahwa segala harta yang diserukan adalah milik Tuhan. Pertempuran berlangsung dan akhirnya berhasil dimenangkan oleh Israel, yang diiringi dengan perintah Tuhan melalui nabi-nabi.

Pasal-pasal ini juga mencakup beberapa elemen lain seperti pertemuan antara Benhadad dan Ahab setelah pertempuran, serta penghukuman atas keputusan Ahab dalam membiarkan utusan Aram tersebut."
1 Raja-Raja,21,"Tema utama pasal ini adalah kejahatan dan balasan Tuhan terhadap kebohongan, kekerasan, dan perbuatan jahat yang dilakukan oleh raja Ahab dan isterinya Izebel. Konteksnya berada di Israel pada masa Ahab sebagai raja, dimana mereka melakukan banyak dosa seperti membunuh Nabot dan merampas miliknya tanpa hak, serta mengadili Nabot dengan cara yang tidak adil. Tuhan memberikan balasan atas kejahatan tersebut melalui malapetaka bagi keluarga Ahab dan Izebel."
1 Raja-Raja,22,"Tema utama pasal ini adalah perang antara Yehuda (Israel) dan Aram, serta bagaimana Yosafat, raja Yehuda, berusaha untuk menghindari konflik dengan meminta petunjuk kepada Tuhan melalui nabi-nabi. Konteksnya adalah masa keemasan Israel di bawah raja-raja seperti Ahab dan Jehu, namun juga era yang mulai menghadapi tekanan dari penguasa-penguasa lain, terutama Aram.

Pasal ini mencakup berbagai elemen penting:
1. Perang antara Yehuda dan Aram selama tiga tahun.
2. Yosafat meminta petunjuk kepada Tuhan melalui nabi-nabi.
3. Nabi-nabi tersebut memberikan firman yang menentukan hasil perang, dengan Tuhan menyerahkan kekuasaan kepada raja Aram.
4. Yosafat akhirnya mengikuti nasihat mereka untuk berperang.
5. Perang ini berakhir dengan kematian Yosafat dan kekalahan Israel.

Tema utama adalah konflik antara kepentingan agama (meminta petunjuk kepada Tuhan) dan realitas politis, serta bagaimana keputusan tersebut mempengaruhi hasil perang."
1 Samuel,1,"Pasal-pasal ini membahas tentang keluarga Elkana dari Ramataim-Zofim, yang berulang kali menghadiahi anak-anaknya kepada Tuhan dalam upacara persembahan korban. Namun, Hana, isteri Elkana, tetap tidak memiliki anak, sementara Penina, istri kedua Elkana, mempunyai banyak anak laki-laki. Elkana sendiri sangat cemas dan berdoa agar Tuhan memberikan kepadanya seorang anak. Doa Hana yang terus-menerus kepada Tuhan akhirnya diterima, dan ia melahirkan Samuel, anak pertamanya dari Tuhan. Ini menunjukkan bagaimana doa dan kesetiaan dapat membangkitkan harapan dalam kehidup yang sulit."
1 Samuel,2,"Pasal-pasal ini membahas berbagai aspek keagamaan dan etika hidup. Tema utamanya adalah penghormatan kepada Tuhan, integritas dalam pelayanan, dan konsekuensi dari pelanggaran agama. Konteksnya adalah tentang kehidup dan perjuangan imam Eli dan keluarganya di Silo, serta perkataan Tuhan kepada Samuel mengenai masa depan Israel."
1 Samuel,3,"Pasal-pasal ini membahas tentang kepercayaan Samuel sebagai nabi dan penghormatan terhadapnya oleh Tuhan. Konteksnya adalah saat Samuel masih muda, menjadi pelayan Tuhan di bawah Eli, ketika Tuhan mulai menggugurkan firman-Nya kepada manusia lebih jarang. Eli yang sudah tua dan tidak dapat melihat dengan baik, tetap berada dalam pengawasan Tuhan. Meskipun begitu, Samuel masih belum sepenuhnya memahami Tuhan sampai ketiga kali Tuhan memanggilnya secara terus-menerus tanpa ada orang lain yang mendengar. Eli akhirnya mengakui bahwa Tuhan yang memanggil Samuel dan memberikan petunjuk kepada Samuel untuk tidur di tempat suci Tuhan. Dengan pengalaman ini, Eli menyarankan agar Samuel tidak menyembunyikan apa pun dari Tuhan. Akhirnya, Samuel dipercaya oleh seluruh Israel sebagai nabi Tuhan, dan Tuhan secara khusus menampakkan diri di Silo melalui Samuel."
1 Samuel,4,"Pasal-pasal ini membahas peristiwa pertempuran antara bangsa Israel dengan orang Filistin di mana Israel kalah dan kehilangan tabot Tuhan. Peristiwa tersebut mengakibatkan para tua-tua Israel meminta untuk mengambil tabot dari Silo, yang bersemayam di sana. Ketika tabot datang ke perkemahan Israel, mereka bersorak dengan gembira. Namun, ketidakpuasan dan penolakan Tuhan atas perbuatan Israel menyebabkan orang Filistin kembali untuk mengancam mereka.

Peristiwa ini juga mencerminkan kesedihan dan kekecewaan para tua-tua Israel setelah hilangnya tabot Tuhan, yang menjadi simbol hubungan mereka dengan Tuhan. Eli, seorang pemimpin Yahudi, juga mati dalam peristiwa tersebut karena trauma mendengar kabar tentang hilangnya tabot Tuhan dan kehilangan kedua anaknya."
1 Samuel,5,"Pasal-pasal ini membahas perjalanan tabut Tuhan dari Eben-Haezer hingga Ekron, dan bagaimana reaksi orang Filistin yang merasa dipengaruhi oleh kehadiran tabut tersebut. Konteksnya adalah konflik antara rakyat Israel dengan penduduk Filistin, di mana tabut Tuhan menjadi objek perdebatan dan pertarungan spiritual. Pasal-pasal ini juga menunjukkan bagaimana kepercayaan orang Filistin pada Dagon berubah setelah mereka menghadapi ancaman supernatural yang disebabkan oleh tabut Tuhan, akhirnya memaksa mereka untuk menghentikan pengikutannya."
1 Samuel,6,"Pasal-pasal ini membahas peristiwa di mana orang-orang Filistin meminta nasihat tentang bagaimana mengantarkan kembali tabot Tuhan dari daerah mereka. Mereka kemudian menawarkan tebusan kepada Tuhan sebagai permohonan ampunan atas kesalahannya dalam menyiksa rakyat Filistin. Proses ini berlangsung dengan perintah untuk membayar tebusan, mengirimkan gambar tikus dan borok, serta meletakkan tabot di atas kereta yang dipasangkan oleh dua lembu.

Konteksnya adalah sebuah pengampunan Tuhan terhadap rakyat Filistin setelah mereka menyerahkannya kepada Tuhan sebagai tebusan. Ini juga mencerminkan kepercayaan umum bahwa Tuhan menghukum orang yang berbuat dosa, dan bagaimana manusia dapat memohon ampun melalui perbuatan baik seperti membayar tebusan."
1 Samuel,7,"Pasal-pasal ini membahas tentang perjuangan dan pemulihan kaum Israel setelah menghadapi penaklukan oleh orang Filistin, yang berlangsung selama dua puluh tahun. Mereka mengeluhkan kepada Tuhan dan kemudian meminta bantuan untuk melawan orang Filistin. Setelah doa Samuel, Tuhan memberikan kemenangan bagi Israel dalam perang tersebut. Pasal-pasal ini juga mencakup cerita tentang pembentukan mezbah di Rama oleh Samuel sebagai pemimpin dan hakim Israel."
1 Samuel,8,"Tema utama pasal-pasal ini adalah konflik antara penduduk Israel dengan permintaan untuk seorang raja. Konteksnya adalah setelah Samuel meninggal dan anak-anaknya menjadi hakim di Bersyeba, mereka tidak lagi hidup seperti ayahnya yang bijaksana. Penduduk Israel kemudian mulai mengejar keadilan sendiri, menerima suap, dan memutarbalikkan keadilan. Mereka merasa perlu seorang raja untuk mengatasi masalah-masalah tersebut, meskipun ini berarti mereka akan memiliki raja yang tidak lagi hidup seperti Samuel.

Namun, Tuhan memberikan pesan kepada Samuel bahwa permintaan Israel untuk seorang raja adalah karena mereka telah meninggalkannya dan memilih segala bangsa lain. Dengan demikian, Tuhan menyarankan agar Samuel mendengarkan permintaan itu, meskipun dengan peringatan tentang konsekuensi yang mungkin terjadi jika mereka tetap berada dalam keadaan tersebut."
1 Samuel,9,"Pasal-pasal ini membahas tentang pengaruh dan pencarian Saul sebagai pemimpin Israel. Awalnya, Saul adalah seorang pria muda yang berbakat dari suku Benyamin. Namun, ia menghadapi tantangan mencari keledai betinanya yang hilang. Dalam perjalanan tersebut, Saul bertemu dengan Samuel, seorang nabi Allah yang akan memberikan petunjuk penting tentang siapa yang akan menjadi raja Israel. Akhirnya, Saul dan bujangnya berhasil menemui Samuel di kota, di mana mereka menerima petunjuk bahwa Saul adalah pilihan Tuhan untuk menjadi pemimpin umat-Nya."
1 Samuel,10,"Tema utama pasal Alkitab yang Anda sampaikan adalah proses pencarian dan penentuan raja Israel, yaitu Saul. Konteksnya berada di masa awal era kerajaan Israel, dimana Tuhan memilih Saul sebagai raja pertama setelah pengasingan bangsa itu dari Mesir.

Pasal-pasal ini membahas tentang perjalanan Saul menuju penentuan menjadi raja, mulai dari anugerah minyak oleh Samuel hingga pencarian tanda-tanda yang menunjukkan kebenaran pilihan tersebut. Proses ini melibatkan berbagai tanda dan pengaruh Roh Tuhan, serta konflik antara pendukung Saul dengan orang-orang yang tidak setuju. Akhirnya, Saul dipilih sebagai raja atas Israel dalam upacara tertentu di hadapan Tuhan."
1 Samuel,11,"Pasal-pasal ini membahas tentang konflik antara Yabesh-Gilead dan Amon (orang Amon), yang berakhir dengan kekalahan Amon dan permintaan keselamatan dari Yabesh-Gilead. Konflik tersebut terjadi setelah Amon menyerang Yabesh-Gilead, memotong mata kanan warganya sebagai hukuman. Para tua-tua Yabesh-Gilead kemudian mengirimkan utasannya ke seluruh Israel untuk mendapatkan perlindungan. Akhirnya, Saul dan Samuel membahari jabatan raja di Gilgal setelah konflik tersebut berakhir dengan kemenangan Israel melawan Amon."
1 Samuel,12,"Tema utama pasal ini adalah peringatan Samuel kepada orang Israel tentang konsekuensi memilih raja manusia alih-alih tetap setia kepada TUHAN, dengan konteks transisi dari sistem kekuasaan juri ke kerajaan. Samuel menekankan bahwa kepatuhan kepada TUHAN adalah kunci untuk menghindari azab, seperti yang ditunjukkan oleh guruh dan hujan yang muncul sebagai tanda TUHAN menghukum kejahatan mereka dalam meminta raja."
1 Samuel,13,"Tema utama pasal ini adalah kegagalan Saul dalam mematuhi perintah Tuhan dengan tidak menunggu Samuel sesuai waktu yang ditentukan, sehingga kerajaannya tidak tetap dan Tuhan memilih raja baru (David) untuk menggantikannya. Konteksnya adalah konflik antara Israel dan Filistin yang semakin kritis, di mana Saul gagal mengelola pasukan dan kepercayaan umatnya akibat kegagalan dalam menunggu kehadiran Samuel yang menjadi penentu keputusan Tuhan."
1 Samuel,14,"Tema utama pasal ini adalah keberanian Yonatan dalam mengambil keputusan strategis untuk menyerang pasukan Filistin tanpa seizin ayahnya, yang berujung pada kemenangan besar bagi Israel. Konteksnya terjadi pada masa raja Saul di Israel, di mana Yonatan menunjukkan kegagahan dan kepercayaan pada Tuhan untuk mengalahkan musuh, sementara Saul awalnya khawatir akan kehilangan anaknya."
1 Samuel,15,"Tema utama pasal ini adalah konsekuensi ketidakpatuhan Saul terhadap perintah TUHAN untuk menumpas orang Amalek secara total tanpa belas kasihan, yang berakibat pada penolakan ia sebagai raja atas Israel. Konteksnya terjadi ketika Saul memilih menyelamatkan hewan berharga untuk korban meski perintah TUHAN menuntut kekerasan penuh, sehingga TUHAN menggantinya dengan raja yang lebih taat."
1 Samuel,16,"Tema utama pasal ini adalah pemilihan Daud oleh TUHAN sebagai raja yang menggantikan Saul setelah TUHAN menolak Saul, dengan penekanan bahwa TUHAN memilih berdasarkan hati bukan penampilan fisik. Konteksnya meliputi proses Samuel mengurapi Daud dari keluarga Isai di Betlehem dan peran Daud dalam mengatasi masalah roh jahat yang mengganggu Saul."
1 Samuel,17,"Tema utama pasal ini adalah kemenangan David atas Goliat melalui kepercayaan kepada Tuhan dan kekuatan iman yang mengalahkan kekuatan fisik yang besar. Konteksnya adalah perang antara orang Israel dan orang Filistin di mana David, seorang pemuda dari Betlehem yang biasa menggembalakan domba, menghadapi tantangan besar dengan menggunakan batu dan tongkat tanpa pedang, menunjukkan bahwa pertempuran yang sebenarnya dimenangkan oleh kekuatan Allah, bukan kekuatan manusia."
1 Samuel,18,"Tema utama pasal ini adalah konflik kekuasaan antara Saul dan Daud akibat keberhasilan Daud yang didukung Tuhan dan kepopulerannya di antara rakyat Israel, yang memicu rasa takut dan keinginan Saul untuk menghilangkan Daud. Konteksnya meliputi hubungan persahihan Yonatan-Daud dan upaya Saul yang gagal menjadikan Daud menantu raja sebelum akhirnya Daud menjadi ancaman terhadap kekuasaan Saul."
1 Samuel,19,"Tema utama pasal ini adalah konflik antara Raja Saul dan Daud akibat keinginan Saul untuk membunuhnya, yang diatasi oleh loyalitas Yonatan dan bantuan Mikhal dalam melarikan Daud. Konteksnya meliputi kegagalan upaya Saul membunuh Daud, kegagalan roh jahat yang menyerangnya, hingga akhirnya Saul sendiri mengalami kepenuhan roh Tuhan seperti nabi saat mencari Daud di Nayot."
1 Samuel,20,"Tema utama pasal ini adalah kesetiaan yang mendalam antara Daud dan Yonatan dalam menghadapi ancaman dari Raja Saul, yang ditunjukkan melalui rencana persembunyian di Betlehem dan pengujian keamanan dengan anak panah. Konteksnya menekankan komitmen tak terputus keduanya untuk tetap setia hingga akhir hayat dengan berjanji bersumpah demi nama Tuhan."
1 Samuel,21,"Tema utama pasal ini adalah Daud melarikan diri dari kejaran Raja Saul dengan bantuan imam Ahimelekh di Nob yang memberikan roti kudus dan pedang Goliat. Setelah berlindung di kota Gat, Daud berperilaku gila untuk menghindari kematian akibat keinginan Saul yang ingin menghancurkannya."
1 Samuel,22,"Tema utama pasal ini adalah konflik kekuasaan antara Saul dan Daud yang muncul dari kepercayaan imam Tuhan terhadap Daud, yang akhirnya memicu pembunuhan imam-imam Tuhan di Nob oleh Saul melalui Doeg. Konteksnya adalah Daud melarikan diri dari tekanan Saul setelah mendapat bantuan imam Tuhan, sehingga Saul marah dan menghancurkan kota Nob, sementara Daud mengakui tanggung jawab atas kematian imam-imam Tuhan tersebut."
1 Samuel,23,"Tema utama pasal ini adalah kemenangan Daud atas orang Filistin dan penyelamatan Kehila, sekaligus konflik dengan Saul yang berusaha mengancam kehidupannya. Konteksnya terjadi ketika Daud masih berada di bawah perlindungan Allah, namun ancaman Saul mendorongnya melarikan diri ke daerah gurun dengan dukungan Yonatan untuk menjadi raja di masa depan."
1 Samuel,24,"Tema utama pasal ini adalah keberanian Daud dalam memilih keadilan dan ketaatan terhadap TUHAN dengan tidak membunuh Saul, yang merupakan raja yang diurapi Tuhan, meskipun ia berada dalam situasi kritis untuk melakukannya. Konteksnya adalah konflik kekuasaan antara Saul, raja Israel yang saat itu berkuasa, dan Daud yang dipandang sebagai pilihan Tuhan untuk menjadi raja, di mana Daud menunjukkan kehormatan dan kepercayaan terhadap janji Tuhan melalui keputusannya untuk tidak membunuh Saul."
1 Samuel,25,"Tema utama pasal ini adalah kebijaksanaan Abigail dalam mencegah Daud berlaku kejam terhadap Nabal yang sombong, yang berakibat pada kematian Nabal dan pernikahan Daud dengan Abigail. Konteksnya terjadi setelah kematian Samuel, di mana Daud berada di padang gurun dan menghadapi tantangan dari Nabal yang akhirnya dihukum Tuhan karena kekerasan dan ketidakberempatan."
1 Samuel,26,"Tema utama pasal ini adalah keputusan Daud untuk tidak membunuh Saul meski berada di posisi mengambil nyawa raja yang diurapi Tuhan, yang menunjukkan ketaatan Daud terhadap perintah Allah dan kehormatan terhadap raja yang diurapi Tuhan. Konteksnya adalah konfrontasi antara Daud dan Saul di padang gurun Zif setelah Saul mengejar Daud, di mana Daud memilih untuk tidak melanggar janji kehormatan dan kepercayaan terhadap Tuhan."
1 Samuel,27,"Tema utama pasal ini adalah Daud menghindari kejaran Saul dengan melarikan diri ke daerah Filistin dan berlindung di bawah raja Akhis di Gat selama satu tahun empat bulan. Ia melakukan serangan terhadap penduduk Gesur, Girzi, dan Amalek untuk mengumpulkan sumber daya, sementara Akhis mempercayai Daud karena yakin ia akan menjadi hambanya selamanya setelah ditinggalkan oleh bangsanya."
1 Samuel,28,"Konteks pasal ini menggambarkan kegagalan Raja Saul dalam perang melawan Filistin akibat ketidakpatuhan terhadap perintah Tuhan menghancurkan Amalek, sehingga Tuhan mengalihkan kerajaan Israel ke Daud. Tema utamanya adalah konsekuensi ketidakpatuhan Saul terhadap kehendak Tuhan yang berakibat pada kehancuran kerajaan dan kemenangan Daud sebagai penerus kekuasaan."
1 Samuel,29,"Tema utama pasal ini adalah konflik kepercayaan antara kemampuan militer Daud yang terbukti dalam mengalahkan musuh dengan kekhawatiran para panglima Filistin bahwa ia akan menjadi ancaman jika berperang bersama mereka. Konteksnya terjadi ketika orang Filistin mengumpulkan pasukan untuk melawan Israel, sehingga Daud yang telah berada di bawah perintah Achish selama dua tahun tanpa kesalahan diharuskan kembali ke negeri Filistin karena para panglima tersebut tidak ingin ia berperang bersama mereka."
1 Samuel,30,"Tema utama pasal ini adalah kemenangan Daud atas Amalek melalui kepercayaan kepada TUHAN, yang menghasilkan pembebasan tawanan, pemulihan keadaan, dan pembagian hasil perang sebagai ketetapan keadilan yang berlaku bagi orang Israel hingga kini. Konteksnya terjadi setelah Ziklag dibakar dan ditawan oleh Amalek, di mana Daud menghadapi tekanan ekstrem namun tetap mempercayai Allah untuk mengejar musuh dan memulihkan keadaan."
1 Samuel,31,"Tema utama pasal ini adalah kegagalan Saul sebagai raja Israel dalam pertempuran dengan Filistin yang berakibatkan kematian Saul, ketiga anaknya, dan pembawa senjata di Gilboa. Konteksnya menunjukkan respons orang Israel setelah kekalahan, yaitu pembakaran mayat dan penguburan tulang Saul di Yabesh-Gilead sebagai tanda kehancuran dan penghormatan terhadap raja yang gugur."
1 Tawarikh,1,"Tema utama pasal ini adalah catatan keturunan manusia dari Adam hingga Abraham, yang menekankan hubungan linaj dan perjanjian Allah dengan bangsa Israel. Konteksnya menjelaskan bagaimana keturunan Noah (Shem, Ham, dan Japheth) membentuk berbagai bangsa di dunia, dengan fokus pada keturunan Shem yang menjadi dasar identitas bangsa Israel melalui Abraham hingga kekaisaran Edom yang terkait dalam sejarah nabi."
1 Tawarikh,2,"Tema utama pasal ini adalah mengungkapkan keturunan dan identitas suku-suku Israel, terutama garis keturunan Yehuda yang menjadi dasar bagi keturunan Daud dan kerajaan Israel. Konteksnya adalah untuk memetakan wilayah dan kekuatan masing-masing suku dalam pembentukan negara Israel di tanah Canaan sesuai rencana Allah."
1 Tawarikh,3,"Tema utama pasal ini adalah daftar keturunan Daud dan para raja Yehuda yang mencatat garis keturunan dari Daud hingga generasi terakhir, menunjukkan kelanjutan kekuasaan kerajaan. Konteksnya adalah catatan sejarah Alkitab yang menggambarkan keberlanjutan janji Allah terhadap keturunan Daud sebagai raja yang berkuasa di kerajaan Yehuda."
1 Tawarikh,4,"Tema utama pasal ini adalah catatan keturunan dan perjalanan geografis bani Israel, terutama keturunan Yehuda dan Simeon, yang mencakup daftar nama keturunan, tempat kediaman, serta aktivitas sejarah hingga zaman Raja Hizkia. Konteksnya menunjukkan bagaimana kelompok-kelompok ini menduduki wilayah di Canaan, berpindah ke daerah seperti Seir untuk mencari padang rumput yang subur, dan memusnahkan kelompok tetangga seperti orang Ham dan Meunim sebagai bagian dari perjalanan mereka dalam memperluas wilayah dan mempertahankan keberadaan mereka."
1 Tawarikh,5,"Tema utama pasal ini adalah keturunan Ruben, Gad, dan setengah suku Manasye, keberhasilan militer dalam perang melawan orang Hagri, serta konsekuensi kejatuhan akibat beralih dari Allah ke dewa-dewa lain yang mengakibatkan mereka diangkut ke pembuangan oleh raja Asyur Tilgat-Pilneser. Konteksnya menggambarkan sejarah keturunan Israel yang menunjukkan kekuatan militer awal namun kegagalan dalam mempertahankan kesucian iman, sehingga menghadapi kejatuhan seperti yang dinyatakan dalam Alkitab."
1 Tawarikh,6,"Tema utama pasal ini adalah struktur keturunan Lewi, peran ibadah di Bait Suci, dan distribusi kota serta tanah penggembalaan yang diberikan kepada mereka dari suku-suku Israel sesuai perjanjian Allah. Konteksnya menunjukkan sistem organisasi yang teratur untuk menjaga kehidupan ibadah dan keadilan dalam masyarakat Israel setelah pembagian tanah."
1 Tawarikh,7,"Tema utama pasal ini adalah penyusunan keturunan dan organisasi pasukan militer Israel yang terstruktur secara rinci, dengan fokus pada jumlah pahlawan yang gagah perkasa dari berbagai suku. Konteksnya adalah persiapan perang dan kekuatan militer negara Israel pada zaman Daud, di mana setiap suku memiliki daftar keturunan yang terhitung sebagai pasukan perang sebanyak puluhan ribu orang."
1 Tawarikh,8,Tema utama pasal ini adalah daftar keturunan dan kepala puak suku Benyamin yang menggambarkan struktur organisasi dan kepemimpinan dalam konteks sejarah Israel. Konteksnya terkait dengan catatan genetik dalam Kitab 1 Tawarikh yang menyoroti peran militer dan identitas nasional melalui 150 pahlawan yang menjadi bagian dari bani Benyamin.
1 Tawarikh,9,"Tema utama pasal ini adalah reorganisasi masyarakat Israel pasca-pembuangan ke Babel dengan penekanan pada ketelitian dalam mengatur keturunan, peran imam, dan orang Lewi untuk memulihkan sistem ibadah di Bait Allah. Konteksnya meliputi daftar kepala kelompok, jumlah orang, dan tugas spesifik seperti penjaga pintu, pengelola perabot ibadah, serta penyedia rempah, yang menunjukkan upaya membangun struktur keagamaan yang terstruktur setelah masa pembuangan."
1 Tawarikh,10,"Tema utama pasal ini adalah kegagalan Saul sebagai raja Israel akibat ketidaksetiaan terhadap Tuhan dan kegagalan memohon petunjuk dari Tuhan, yang berakibat pada kematian Saul, anak-anaknya, dan penyerahan jabatan raja kepada Daud. Konteksnya terjadi dalam perang melawan Filistin di pegunungan Gilboa, di mana Saul dan keluarganya tewas, tubuhnya diambil oleh Filistin, dan orang Israel menguburkan mayatnya di Yabesh."
1 Tawarikh,11,"Tema utama pasal ini adalah keterpilihan Daud sebagai raja Israel yang diangkat umat Israel di Hebron sesuai firman Tuhan, kemenangan Daud dalam menguasai Yerusalem (Sion), serta dukungan militer dari 30 pahlawan gagah perkasa yang terbukti dalam melawan Filistin dan musuh lainnya. Konteksnya menunjukkan transisi dari pemerintahan Saul ke Daud yang dikuatkan oleh kehendak Tuhan dan keberanian para pahlawan dalam memperkuat kekuasaan kerajaan Israel."
1 Tawarikh,12,"Tema utama pasal ini adalah transisi kepemimpinan dari Saul ke Daud yang didukung oleh kesatuan suku-suku Israel dalam membentuk pasukan besar untuk mengangkat Daud menjadi raja sesuai titah Tuhan. Konteksnya terjadi setelah Daud melarikan diri dari Saul, di mana berbagai suku menyumbangkan pahlawan yang gagah perkasa untuk memperkuat kekuatan militer Israel dalam proses transisi kepemimpinan."
1 Tawarikh,13,"Tema utama pasal ini adalah konsekuensi dari kesalahan manusia dalam prosesi tabut Allah yang menyebabkan Uza dibunuh oleh TUHAN, dan respons Daud yang memindahkan tabut ke rumah Obed-Edom hingga diberkati Allah. Konteksnya terjadi ketika Daud mempersiapkan pemindahan tabut dari Kiryat-Yearim ke kota Daud setelah masa kerajaan Saul, menunjukkan pentingnya kehati-hatian dalam menghadapi kehadiran Allah."
1 Tawarikh,14,"Tema utama pasal ini adalah kekuatan dan kebijaksanaan Allah yang mendukung Daud dalam menghadapi ancaman Filistin dan memperkuat pemerintahan Israel. Konteksnya menggambarkan tahap awal pemerintahan Daud setelah diurapi sebagai raja, di mana ia berhasil mengalahkan Filistin melalui pertolongan Tuhan, sehingga nama dan kekuatannya semakin dikenal di seluruh negeri."
1 Tawarikh,15,"Tema utama pasal ini adalah pengangkutan tabut Allah oleh orang Lewi yang dipilih Tuhan dengan sistem yang terstruktur, menunjukkan kekhususan peran mereka dalam peribadatan dan kekudusan dalam menghadapi kehadiran Tuhan. Konteksnya terjadi ketika Daud mempersiapkan Yerusalem sebagai tempat baru untuk tabut Allah setelah mengumpulkan seluruh Israel, di mana orang Lewi mengangkut tabut dengan gandar pengusung dan menyanyikan lagu gembira, sekaligus menggambarkan kontras antara kegembiraan Daud dengan sikap rendah hati Mikhal yang memandangnya dari jendela."
1 Tawarikh,16,"Tema utama pasal ini adalah penempatan tabut Allah oleh Daud, penunjukan orang-orang Lewi untuk melayani di hadapan tabut, dan respons umat melalui syukur serta pujian terhadap janji Allah yang konsisten terhadap bangsa Israel. Konteksnya adalah upaya Daud memperkuat sistem ibadah setelah tabut dibangun, menegaskan perjanjian Allah dengan Abraham, Yakub, dan Israel, serta menunjukkan kepercayaan umat dalam kasih setia Tuhan yang melindungi mereka meski dalam keadaan terpuruk."
1 Tawarikh,17,"Tema utama pasal ini adalah janji Allah bahwa keturunan Daud akan mendirikan rumah abadi bagi-Nya dan membangun kerajaan yang tak tergoyahkan selama-lamanya. Konteksnya terjadi setelah Daud mengeluh tentang kehidupannya di rumah kayu, namun Allah menegaskan bahwa Daud akan menjadi fondasi bagi keturunan yang akan mempertahankan kerajaan dan kehadiran-Nya selamanya melalui kesepakatan yang tak terputus dalam sejarah."
1 Tawarikh,18,"Tema utama pasal ini adalah keberhasilan Daud dalam memperluas kekuasaannya melalui kemenangan militer terhadap Filistin, Moab, Aram, dan Edom yang didukung oleh TUHAN. Konteksnya menunjukkan Daud menegakkan keadilan dan kebenaran bagi seluruh Israel dengan mengumpulkan harta dan persembahan dari berbagai bangsa untuk keperluan agama dan negara."
1 Tawarikh,19,"Tema utama pasal ini adalah konsekuensi ketidakpercayaan Hanun terhadap persahabatan Daud yang berujung pada perang melawan bani Amon yang dihancurkan oleh pasukan Daud melalui strategi Yoab, sehingga bani Amon kehilangan pertolongan dari Aram. Konteksnya adalah respons Daud terhadap penolakan bani Amon untuk menghormati persahabatan."
1 Tawarikh,20,"Tema utama pasal ini adalah keberhasilan militer Daud dalam menghancurkan bani Amon dan mengalahkan orang Filistin, termasuk penewasan keturunan raksasa di Gat. Konteksnya terjadi pada masa awal pemerintahan Daud di Yerusalem, di mana ia memperluas kekuasaannya melalui pertempuran intensif dan mengumpulkan harta serta tenaga kerja dari kawasan yang ditaklukkan."
1 Tawarikh,21,"Tema utama pasal ini adalah konsekuensi dosa Daud dalam menghitung rakyat Israel yang memicu hukuman Tuhan berupa penyakit sampar yang menewaskan 70.000 orang. Daud berdoa dan memilih untuk berjalan dalam kekuatan Tuhan alih-alih kejahatan manusia, sehingga Tuhan mengakhiri hukuman melalui pembangunan mezbah di tempat pengirikan Ornan sebagai penyesalan dan bukti kasih yang berlebihan."
1 Tawarikh,22,"Tema utama pasal ini adalah Daud mempersiapkan sumber daya material yang besar dan memberikan perintah kepada Salomo untuk membangun rumah Tuhan, dengan menekankan janji Allah yang akan melindungi Salomo dan memastikan keberhasilan pembangunan. Konteksnya terjadi sebelum Daud meninggal, di mana ia memastikan Salomo memiliki kekuatan spiritual dan material untuk membangun tempat kudus yang besar sesuai janji Tuhan."
1 Tawarikh,23,"Tema utama pasal ini adalah pengorganisasian orang Lewi oleh Daud untuk menjalankan tugas ibadah di Bait Suci Yerusalem dengan struktur yang jelas, termasuk pembagian menjadi tiga kelompok (Gerson, Kehat, Merari) dan penentuan peran spesifik mereka. Konteksnya terjadi ketika Daud mulai tua dan mengangkat Salomo sebagai raja, di mana ia memastikan sistem pekerjaan orang Lewi yang terukur untuk mempertahankan keberlanjutan ibadah di Bait Suci hingga masa pemerintahan Salomo, sesuai dengan janji bahwa Allah tetap berada di Yerusalem sampai selama-lamanya."
1 Tawarikh,24,"Tema utama pasal ini adalah pembagian jabatan imam dan bani Lewi melalui undian yang dilakukan oleh Daud untuk menentukan 16 kepala puak dari keturunan Eleazar dan 8 kepala puak dari keturunan Itamar dalam penyelenggaraan ibadah di rumah Tuhan, sesuai perintah Allah kepada Harun. Konteksnya adalah proses organisasi struktur ibadah setelah kematian Nadab dan Abihu yang tidak memiliki keturunan, sehingga keturunan Eleazar dan Itamar menjadi penerus jabatan imam yang dikelola secara adil melalui sistem undian sesuai aturan yang diberikan oleh Tuhan."
1 Tawarikh,25,"Tema utama pasal ini adalah pengorganisasian 288 orang dari keturunan Asaf, Heman, dan Yedutun sebagai musisi dan penyanyi untuk menyanyikan nyanyian ibadah di rumah Tuhan dengan alat musik kecapi, gambus, dan ceracap, yang ditentukan melalui pengundian untuk membagi tugas khusus di bawah perintah Raja David. Konteksnya menunjukkan upaya David dalam membangun sistem ibadah yang terstruktur dan teratur untuk mendukung kehidupan ibadah di Temple."
1 Tawarikh,26,"Tema utama pasal ini adalah sistem organisasi keturunan Levitik dalam peran penunggu pintu gereja dan pengelola perbendaharaan kudus, dengan detail keturunan, jumlah anggota, serta tugas spesifik mereka di bawah pemerintahan Daud. Konteksnya menjelaskan pembagian kelompok berdasarkan puak untuk menjaga pintu gereja, mengelola perbendaharaan, serta mengawasi urusan agama dan negara dalam struktur kekaisaran Israel."
1 Tawarikh,27,"Tema utama pasal ini adalah sistem organisasi militer dan administratif Israel yang dibangun Raja Daud, meliputi kepala pasukan bulanan (24.000 orang), kepala suku, serta pengawas harta raja untuk mengelola populasi dan sumber daya besar. Konteksnya menunjukkan upaya Daud dalam mempersiapkan pemerintahan yang terstruktur sekaligus mengacu pada janji Tuhan tentang pertumbuhan bangsa Israel yang tak terbatas, meskipun jumlah penduduk tidak sepenuhnya dihitung karena keterbatasan waktu."
1 Tawarikh,28,"Tema utama pasal ini adalah penekanan Allah untuk memilih Salomo sebagai penerus yang akan mendirikan Bait Suci, dengan konteks Daud mempersiapkan rencana dan sumber daya serta mengingatkan pentingnya ketaatan Salomo terhadap perintah Tuhan. Daud juga menekankan bahwa keberhasilan pembangunan Bait Suci bergantung pada kepercayaan Salomo kepada Allah dan komitmen untuk tidak meninggalkan Tuhan."
1 Tawarikh,29,"Tema utama pasal ini adalah persembahan sukarela umat Israel untuk membangun Bait Suci Allah yang dipimpin oleh raja Daud, yang menekankan kekuasaan TUHAN dan ketergantungan umat pada kasih karunia. Konteksnya meliputi persiapan Daud dalam menyediakan bahan-bahan, respons umat dalam memberikan persembahan, serta doa Daud untuk Salomo yang akan mengelola kerajaan sesuai perintah TUHAN."
1 Tesalonika,1,"Tema utama pasal ini adalah kekuatan iman dan ketaatan jemaat Tesalonika yang menjadi teladan bagi umat beriman di wilayah Makedonia dan Akhaya, serta perhatian mereka pada kedatangan Yesus Kristus yang akan menyelamatkan dari murka Tuhan. Konteksnya meliputi perubahan jemaat dari kepercayaan pada berhala menjadi pelayanan Allah yang hidup, yang dikuatkan oleh Roh Kudus dalam menerima Injil dengan sukacita dan menantikan kedatangan Anak Tuhan dari sorga."
1 Tesalonika,2,"Tema utama pasal ini adalah kejujuran dan keberanian Paulus dalam menyampaikan Injil kepada jemaat Filipi meskipun menghadapi penindasan, dengan menekankan bahwa pelayanan mereka berasal dari kehendak Allah dan bukan untuk memuji manusia. Konteksnya adalah perjalanan misi Paulus yang berusaha mempertahankan kepercayaan jemaat melalui kerja keras dan kasih sayang tulus, sementara menghadapi tekanan dari orang Yahudi yang menentang penyebaran Injil dan harapan untuk kembali berkumpul meski dihambat oleh Iblis."
1 Tesalonika,3,"Tema utama pasal ini adalah kekhawatiran Paulus terhadap kestabilan iman komunitas di Atena yang menghadapi cobaan, sehingga ia mengirim Timotius untuk memperkuat kepercayaan dan mencegah kegagalan iman. Konteksnya menunjukkan bahwa setelah Timotius kembali dengan kabar baik tentang kepercayaan dan kasih yang kuat di komunitas tersebut, Paulus dan kawan-kawan merasa terhibur dan berdoa agar iman mereka tetap teguh hingga kedatangan Yesus."
1 Tesalonika,4,"Tema utama pasal ini adalah ajakan untuk hidup kudus dalam komunitas iman dengan menghindari dosa seperti percabulan, memilih isteri dengan penuh hormat, dan menjaga hubungan saudara yang saling menghormati. Konteksnya adalah nasihat Paulus kepada jemaat Makedonia untuk tetap berpegang pada kekudusan dan harapan tentang kebangkitan Yesus yang menjamin orang yang mati dalam Kristus akan diangkat lebih dahulu daripada yang masih hidup. Dengan demikian, jemaat diminta untuk dihibur dengan keyakinan ini dalam menghadapi kematian dan kehidupan di masa depan."
1 Tesalonika,5,"Tema utama pasal ini adalah peringatan untuk hidup waspada terhadap kembalinya Tuhan yang tak terduga, sekaligus menekankan pentingnya kebersamaan dan kasih dalam komunitas Kristen. Konteksnya mengajak umat untuk saling menguatkan, menghormati pemimpin, dan hidup dalam damai serta berdoa agar tidak terkena kebinasaan melalui keselamatan Yesus Kristus."
1 Timotius,1,"Tema utama pasal ini adalah penekanan Paulus kepada Timotius untuk menjaga kebenaran iman dan menghindari ajaran palsu yang mengabaikan kasih karunia Kristus, dengan konteks bahwa Paulus sedang berada di Makedonia dan meminta Timotius tetap di Efesus untuk mencegah penyebaran teori yang tidak sesuai Injil. Pasal ini juga menyoroti bahwa hukum Taurat hanya berlaku bagi orang berdosa, sedangkan keselamatan hanya diperoleh melalui iman tulus yang dihasilkan dari kasih karunia Yesus Kristus."
1 Timotius,2,"Tema utama pasal ini adalah penekanan pada kehidupan beribadah yang teratur dan keteraturan dalam komunitas gereja, dengan fokus pada peran laki-laki dan perempuan dalam doa serta kehormatan. Konteksnya adalah perintah Paulus dalam surat 1 Timotius untuk menjaga kedamaian dan kebenaran iman melalui kepatuhan terhadap tata cara beribadah dan perbedaan peran antara laki-laki dan perempuan, khususnya melalui doa yang benar dan kehidupan beribadah yang sederhana."
1 Timotius,3,"Tema utama pasal ini adalah kualifikasi ketat bagi penilik jemaat yang harus berakhlak murni, mampu mengelola keluarga dengan baik, dan memiliki reputasi baik di luar jemaat untuk memastikan keberhasilan pelayanan dalam iman. Konteksnya adalah surat Titus yang diberikan Paulus untuk mengatur pemilihan pemimpin gereja yang berintegritas dalam komunitas yang beragam, dengan penekanan pada keterampilan mengelola keluarga sebagai fondasi kepercayaan dalam jemaat Allah."
1 Timotius,4,"Tema utama pasal ini adalah peringatan akan bahaya murtad dan pengaruh roh-roh penyesat yang berpotensi menghancurkan iman, serta anjuran untuk tetap memegang teguh ajaran Allah melalui pengajaran yang benar dan hidup berdasarkan firman-Nya. Konteksnya terkait dengan upaya pelayan Kristus untuk mempertahankan kebenaran iman di tengah tantangan penyesatan dan menghindari kekacauan spiritual dengan menjadi teladan dalam kehidupan beriman."
1 Timotius,5,"Tema utama pasal ini adalah kewajiban jemaat untuk memperhatikan janda yang benar-benar janda berdasarkan kriteria ketat (usia minimal 60 tahun, hanya bersuami sekali, dan berbuat baik) serta mencegah janda yang hidup mewah atau tersesat dari iman. Konteksnya adalah upaya menjaga kemurnian iman dan keberlanjutan komunitas gereja melalui perawatan yang tepat terhadap janda dan penegakan keadilan dalam kehidupan beragama."
1 Timotius,6,"Tema utama pasal ini adalah peringatan untuk menghindari kekayaan yang berlebihan dan berfokus pada kehidupan rohani yang kekal, dengan menekankan keadilan, kasih, dan ketaatan kepada Kristus. Konteksnya adalah surat 1 Timotius yang diberikan Paulus untuk menghadapi tantangan seperti ajaran palsu, keinginan akan kekayaan, dan pentingnya hidup iman yang benar dalam komunitas gereja."
1 Yohanes,1,"Tema utama pasal ini adalah pentingnya persekutuan dengan Allah Bapa dan Yesus Kristus melalui kebenaran, di mana pengakuan dosa menghasilkan pengampunan dan kebersihan dari dosa. Sementara hidup di dalam kegelapan menunjukkan kebohongan dan ketidaksesuaian dengan firman Allah, sehingga kebenaran menjadi kunci untuk tetap berada dalam persekutuan yang sejati."
1 Yohanes,2,"Tema utama pasal ini adalah pentingnya kepatuhan terhadap perintah Allah, identifikasi kebenaran melalui kasih yang saling mengasihi, serta perbedaan antara orang yang benar dan antikristus yang menyangkal Yesus. Konteksnya adalah masa akhir di mana banyak antikristus muncul, sehingga umat Kristus harus tetap berada dalam kebenaran melalui pengurapan Roh Kudus dan kehidupan yang berjalan dalam Kristus untuk menghindari penyesatan."
1 Yohanes,3,"Tema utama pasal ini adalah identitas umat Kristen sebagai anak-anak Allah yang terpisah dari dunia melalui kasih Kristus dan kepatuhan, dengan konteks umat Kristen awal yang menghadapi tekanan dan penipuan dari dunia. Pasal ini menekankan bahwa kasih yang nyata, penghindaran dari dosa, dan saling mengasihi adalah bukti kebenaran serta kunci untuk mempertahankan hubungan dengan Allah."
1 Yohanes,4,"Tema utama pasal ini adalah membedakan roh yang berasal dari Allah (yang mengakui Yesus Kristus sebagai manusia) dari roh antikristus, sekaligus menekankan bahwa kasih Allah yang sejati dinyatakan melalui kehidupan berkasih yang saling mengasihi. Konteksnya menunjukkan bahwa orang yang benar-benar berasal dari Allah harus mengasihi sesama manusia sebagai bukti kehadiran Allah dalam kehidupan mereka, karena kasih yang sejati mengharuskan kita mengutus kebaikan dalam dunia ini."
1 Yohanes,5,"Tema utama pasal ini adalah bahwa iman kepada Yesus Kristus sebagai Anak Allah menghasilkan hidup kekal, mengalahkan dunia melalui kasih yang diwujudkan dalam kepatuhan terhadap perintah Allah, dan memberikan keberanian untuk berdoa sesuai kehendak-Nya. Konteksnya menekankan identitas orang yang lahir dari Allah yang terlindungi oleh Roh Kudus, serta perbedaan antara dosa yang tidak mendatangkan maut dan dosa yang berbahaya, sehingga percaya kepada Yesus menjadi kunci untuk menghindari kekuasaan jahat dan memperoleh kesaksian kebenaran."
2 Korintus,1,"Tema utama surat ini adalah kebersamaan penderitaan dan penghiburan melalui Kristus yang saling mendukung antara Paulus dan jemaat Korintus, di mana penderitaan Paulus di Asia Kecil menjadi sumber kekuatan dan harapan bagi mereka. Konteksnya adalah surat Paulus kepada jemaat Korintus setelah pertama kali mengunjungi mereka, menekankan bahwa kepercayaan pada Kristus sebagai ""ya"" dalam janji Allah tidak bergantung pada keinginan manusia, melainkan pada kekuatan kasih karunia yang menghubungkan mereka dalam iman."
2 Korintus,2,"Tema utama pasal ini adalah pentingnya saling mengampuni dan menghibur dalam komunitas gereja untuk menghindari kesedihan berlebihan, serta menguji kepatuhan dalam kasih. Konteksnya adalah Paulus yang khawatir tentang konflik di dalam gereja Korintus dan ingin memastikan mereka berjalan dalam kekakuan kasih yang murni sesuai dengan kehendak Allah."
2 Korintus,3,"Tema utama pasal ini adalah perbandingan kemuliaan perjanjian lama (ditulis di batu dengan kemuliaan sementara) dan perjanjian baru yang ditulis oleh Roh Kudus di dalam hati orang percaya, yang lebih abadi dan menghasilkan kemuliaan yang tidak pudar. Konteksnya adalah Paulus dalam 2 Korintus 3 yang menjelaskan bahwa perjanjian baru melalui Kristus menghapus selubung hati dan memberikan kemerdekaan spiritual yang lebih besar dibandingkan perjanjian lama."
2 Korintus,4,"Tema utama pasal ini adalah ketekunan dan kepercayaan para rasul dalam menghadapi penderitaan, dengan fokus pada kemuliaan Kristus yang kekal dan kekuatan Allah yang mengatasi segala rintangan. Konteksnya menunjukkan bahwa pelayanan mereka berasal dari Allah, bukan diri mereka sendiri, serta perbedaan antara hal-hal sementara (dunia) dan yang kekal (kemuliaan Allah dalam Kristus) yang menjadi dasar keberanian mereka dalam menghadapi ujian."
2 Korintus,5,"Tema utama pasal ini adalah perbedaan antara kehidupan sementara di bumi (kemah) dan tempat kediaman kekal di surga yang dijamin oleh Roh Kudus, dengan konteks para percaya yang hidup berdasarkan kepercayaan bukan pandangan. Kristus telah menghancurkan dosa dan menghubungkan umatnya dengan Allah melalui kematian dan kematian-Nya, sehingga mereka menjadi ciptaan baru yang berusaha menetap pada Tuhan meskipun masih berada dalam tubuh ini."
2 Korintus,6,"Tema utama pasal ini adalah ajakan bagi orang Korintus untuk tetap teguh dalam iman melalui pengalaman ujian dan kesabaran, sementara konteksnya adalah peringatan rasul untuk memisahkan diri dari kehidupan yang tidak percaya dan mempertahankan identitas sebagai ""tempat suci Allah"". Pasal ini menekankan kontras antara kehidupan percaya dan tidak percaya, serta kewajiban untuk tetap berdiri teguh dalam kasih karunia Allah meskipun menghadapi berbagai tantangan dan ujian."
2 Korintus,7,"Tema utama pasal ini adalah bahwa penderitaan yang dikehendaki Allah menghasilkan pertobatan yang membawa keselamatan dan kekudusan, seperti yang terjadi pada gereja yang bertobat setelah kesedihan akibat surat Paulus. Konteksnya adalah Paulus yang bersukacita karena gereja tersebut tidak mengecewakan dengan sikap bertobat yang dihasilkan dari kehendak Allah."
2 Korintus,8,"Tema utama pasal ini adalah keberanian jemaat Makedonia dalam memberikan kasih karunia secara berlebihan meskipun miskin, yang menjadi contoh bagi komunitas Kristen untuk saling mendukung melalui pemberian yang tulus dan berimbang. Konteksnya adalah upaya Paulus dan timnya untuk memastikan keberlanjutan pelayanan kasih melalui pengunjungan Titus dan penyelesaian kebutuhan gereja, serta menghindari kritik dengan menunjukkan kerelaan dalam memberi."
2 Korintus,9,"Tema utama pasal ini adalah pentingnya memberikan dengan sukacita dan kepercayaan kepada orang-orang kudus, yang tidak hanya memenuhi kebutuhan fisik tetapi juga menghasilkan keberkahan dan syukur kepada Allah. Konteksnya adalah Paulus mendorong jemaat Korintus untuk bersiap memberikan sebelum orang Makedonia datang, agar tidak terjadi kekurangan persiapan yang berpotensi menyebabkan rasa malu dalam keyakinan mereka."
2 Korintus,10,"Tema utama pasal ini adalah Paulus menekankan perjuangan rohani dengan senjata Allah yang mengalahkan kekuatan duniawi, sekaligus menekankan keberanian tanpa bermegah dan keadilan dalam iman tanpa membandingkan diri dengan orang yang memuji diri sendiri. Konteksnya adalah Paulus berbicara kepada komunitas yang mungkin cenderung berpikir duniawi, meminta mereka untuk tetap berpegang pada iman Kristus dan menghindari kebanggaan diri dalam pelayanan."
2 Korintus,11,"Tema utama surat ini adalah Paulus mempertahankan keaslian dirinya sebagai rasul yang tidak tergoyahkan di hadapan tekanan dari rasul palsu, sekaligus menekankan keberanian jemaat Korintus untuk sabar menghadapi kebodohan dan penderitaan yang ia alami. Konteksnya adalah surat Paulus kepada jemaat Korintus yang sedang berhadapan dengan tekanan ajaran palsu dan penggangguan kesatuan iman, sementara Paulus juga mengungkapkan pengalaman penderitaan yang ia alami sebagai komitmen untuk melayani jemaat."
2 Korintus,12,"Tema utama pasal ini adalah ketergantungan Paulus pada kelemahan dan kasih karunia Allah sebagai sumber kekuatan, bukan kebanggaan diri. Konteksnya meliputi perjuangan Paulus menghadapi duri dalam daging (penggoda Iblis) dan kekhawatirannya terhadap potensi perselisihan serta keangkuhan dalam komunitas gereja jika tidak dijaga dengan kesabaran dan kasih."
2 Korintus,13,"Surat ini merupakan pesan ketiga Paulus kepada jemaat Korintus untuk memastikan mereka tetap teguh dalam iman dan berusaha menjadi sempurna melalui kekuatan Kristus yang tidak lemah. Ia menekankan bahwa meskipun Paulus sendiri lemah, kekuatan Allah akan melindungi mereka dari ujian dan mencegah ia harus bertindak keras saat kembali, sehingga jemaat dapat hidup dalam persekutuan kasih dan damai sejahtera."
2 Petrus,1,"Tema utama pasal ini adalah upaya umat Kristiani untuk tetap teguh dalam iman melalui kebajikan, pengetahuan, dan kasih karunia guna menghindari kegagalan rohani dan memperoleh hak masuk Kerajaan kekal. Konteksnya adalah nasehat Simon Petrus kepada umat awal yang telah menerima iman, dengan penekanan pada pentingnya konsistensi dalam hidup beriman dan mengingat janji Yesus Kristus sebagai Juruselamat."
2 Petrus,2,"Tema utama pasal ini adalah peringatan tentang kehadiran guru-guru palsu yang menyebar ajaran sesat dan menyangkal Penguasa yang telah menebus, serta konsekuensi kebinasaan bagi mereka yang mengikuti hawa nafsu dan meninggalkan jalan kebenaran. Konteksnya mengacu pada Kitab 2 Petrus yang menggunakan contoh sejarah seperti Sodom, Nuh, dan Lot untuk menunjukkan bahwa orang jahat akan dihukum sementara orang saleh akan diselamatkan pada hari penghakiman."
2 Petrus,3,"Tema utama pasal ini adalah peringatan tentang kedatangan Tuhan yang akan menghancurkan dunia dan mengadakan penghakiman, sekaligus mengajak umat beriman untuk hidup suci dan berjaga-jaga dari kesesatan yang disebabkan oleh pengejek-pengejek. Konteksnya menekankan pentingnya berpegang pada janji Tuhan tentang langit dan bumi baru yang penuh kebenaran, serta waspada terhadap kebinasaan melalui kehidupan yang berjaga-jaga."
2 Raja-Raja,1,"Tema utama pasal ini adalah perlawanan Elia terhadap upaya raja Ahazia meminta pertolongan kepada Baal-Zebub, yang mengakibatkan kematian raja tersebut karena ketidakpercayaan terhadap Tuhan. Konteksnya terjadi setelah kematian Raja Ahab, di mana Moab berontak terhadap Israel dan raja Ahazia jatuh sakit hingga meminta pertolongan kepada dewa lain yang akhirnya dihukum Tuhan."
2 Raja-Raja,2,"Tema utama pasal ini adalah transisi kekuatan nubuatan dari Elia ke Elisa, yang menunjukkan bahwa kepercayaan dan ketaatan terhadap Tuhan dapat mengakibatkan penerimaan kekuatan ilahi yang luar biasa. Konteksnya terjadi ketika Elia diambil ke sorga dalam angin badai, dan Elisa dengan teguh hati menolak meninggalkannya, sehingga mampu meneruskan pekerjaan Elia melalui tanda-tanda seperti menyeberangi sungai Yordan dan menyembuhkan air."
2 Raja-Raja,3,"Tema utama pasal ini adalah kekuatan intervensi Tuhan melalui Elisa untuk mengatasi krisis air dan memenangkan perang melawan Moab, meskipun raja Israel masih berada dalam dosa. Konteksnya terjadi ketika Yoram dan Yosafat berperang melawan Moab setelah krisis air di tengah perjalanan, yang menunjukkan bahwa kemenangan hanya mungkin jika manusia mengandalkan firman Tuhan dalam situasi krisis."
2 Raja-Raja,4,"Tema utama pasal ini adalah kekuatan dan keajaiban Tuhan dalam memberikan pertolongan melalui Elisa untuk mengatasi krisis ekonomi, kematian, dan kelaparan dengan cara yang menggambarkan kepercayaan dan kehendak Allah. Konteksnya terjadi di Israel pada masa di mana Elisa, seorang nabi, menunjukkan kebijaksanaan melalui tindakan seperti memperbanyak minyak, menghidupkan anak yang mati, dan memberi makan ribuan orang dengan jumlah makanan yang sangat sedikit."
2 Raja-Raja,5,"Tema utama pasal ini adalah kepatuhan terhadap perintah Tuhan dalam penyembuhan, di mana Naaman pulih setelah mengikuti instruksi sederhana nabi Elisa untuk bermandi tujuh kali di Sungai Yordan meski awalnya berharap penyembuhan melalui kekuatan ajaib. Konteksnya menunjukkan perbedaan kepercayaan antara Aram dan Israel, serta hukuman kusta yang diterima Gehazi akibat keinginan untuk mengambil hadiah yang tidak seharusnya, menggambarkan pentingnya kejujuran dan kepatuhan terhadap kehendak Tuhan."
2 Raja-Raja,6,"Tema utama pasal ini adalah kekuatan ajaib Nabi Elisa dalam melindungi Israel dari serangan Aram melalui peringatan strategis dan tindakan Tuhan yang mengakibatkan Aram mundur. Konteksnya terjadi dalam konflik militer antara Israel dan Aram, di mana Elisa menggunakan kebijaksanaan dan kekuasaan Tuhan untuk menghentikan kekacauan dan mengakibatkan raja Israel menyadari kekuasaan Allah."
2 Raja-Raja,7,"Tema utama pasal ini adalah kekuatan Tuhan yang terwujud dalam kejadian krisis kelaparan di Samaria, di mana Elisha mengubah situasi dengan kejadian kamp Aram kosong sehingga harga tepung dan jelai berubah sesuai firman Tuhan. Konteksnya adalah rakyat Samaria yang menghadapi ancaman dari Aram dan kelaparan, yang akhirnya diatasi melalui kehendak Tuhan yang menghancurkan rencana musuh dan menghukum perwira yang tidak percaya dengan kematian di pintu gerbang."
2 Raja-Raja,8,"Tema utama pasal ini adalah pengaruh nubuatan dan tindakan Elisa dalam mengatasi masalah politik dan spiritual, khususnya pemulihan anak yang mati dan prediksi kematian Raja Aram Benhadad yang berdampak pada perubahan kekuasaan. Konteksnya terjadi di masa pemerintahan raja-raja Yehuda dan Israel setelah kematian Elia, menunjukkan kekuatan Tuhan dalam mengatur dinamika kekuasaan dan kehidupan beragama melalui intervensi nabi Elisa."
2 Raja-Raja,9,"Konteks pasal ini menggambarkan pengangkatan Yehu oleh nabi Elisha sebagai raja untuk menegakkan hukuman Tuhan terhadap keluarga Ahab yang berdosa dengan membunuh nabi-nabi. Tema utamanya adalah keadilan Tuhan yang membalas dosa dengan menghancurkan penguasa jahat, khususnya melalui pembunuhan keluarga Ahab dan Izebel sesuai firman Tuhan yang telah dijanjikan."
2 Raja-Raja,10,"Tema utama pasal ini adalah kehancuran keluarga Ahab dan penghapusan penyembahan Baal oleh Yehu sesuai firman Tuhan sebagai hukuman atas dosa Ahab. Konteksnya terjadi setelah Ahab meninggal, di mana Yehu mengikuti perintah Tuhan untuk membunuh seluruh keturunan Ahab dan menghancurkan ibadah Baal, namun ia tetap terkena dosa dari Yerobeam seperti penyembahan anak lembu emas yang mengakibatkan orang Israel berdosa."
2 Raja-Raja,11,"Tema utama pasal ini adalah kembalinya kekuasaan Tuhan melalui penobatan Yoas sebagai raja yang sah setelah Athaliah menghancurkan keturunan raja dan berusaha menguasai kerajaan dengan kekuatan yang tidak sah. Konteksnya terjadi setelah kematian raja Ahazia, di mana imam Yoyada berperan kritis dalam menyelamatkan Yoas dari pembunuhan, menghapus ibadah berhala, dan menobatkan Yoas sebagai raja yang sah pada usia tujuh tahun."
2 Raja-Raja,12,"Tema utama pasal ini adalah upaya Raja Yoas memperbaiki rumah TUHAN dengan mengelola dana persembahan kudus secara transparan dan jujur, serta strategi politik untuk mencegah serangan raja Aram melalui penggunaan dana kudus yang telah dikumpulkan. Konteksnya terjadi selama pemerintahan Yoas yang berlangsung 40 tahun di Yerusalem, di mana ia memerintahkan para imam untuk memperbaiki kerusakan rumah TUHAN tanpa mengalihkan dana persembahan untuk kepentingan pribadi, sehingga berhasil mencegah serangan dari raja Aram."
2 Raja-Raja,13,"Tema utama pasal ini adalah konsekuensi dosa Israel akibat kekafiran terhadap Yerobeam bin Nebat yang menyebabkan penindasan oleh Aram, namun Tuhan tetap berjanji melalui perjanjian dengan Abraham, Ishak, dan Yakub untuk tidak menghancurkan mereka. Meskipun raja-raja Israel terus berdosa, Tuhan melalui nabi Elisa memberikan kemenangan atas Aram dan menunjukkan kasih-Nya yang tetap berjalan dalam sejarah."
2 Raja-Raja,14,"Tema utama pasal ini adalah konsekuensi kebanggaan dan ketidakpatuhan terhadap perintah Tuhan yang menyebabkan kekalahan militer Amazia raja Yehuda akibat tidak mendengarkan peringatan Joas raja Israel. Konteksnya adalah persaingan politik dan militer antara kerajaan Yehuda dan Israel pada abad ke-9 SM, yang menekankan pentingnya ketaatan kepada Tuhan dan kebijaksanaan dalam menghindari kehancuran."
2 Raja-Raja,15,"Tema utama pasal ini adalah kegagalan raja-raja Israel dan Yehuda dalam menghapus praktik idolatri (bukit-bukit pengorbanan) meskipun beberapa berusaha berbuat baik di mata TUHAN, sehingga TUHAN menimpakan hukuman seperti kusta dan pengasingan. Konteksnya adalah catatan sejarah kerajaan bercabang yang menunjukkan bahwa ketidakpatuhan terhadap perintah Tuhan dalam hal kepercayaan kepada berhala mengakibatkan hukuman dari Tuhan."
2 Raja-Raja,16,"Tema utama pasal ini adalah kegagalan Raja Ahas dalam mematuhi perintah TUHAN dengan melakukannya yang berlaku tidak benar, seperti mempersembahkan anaknya sebagai korban dan membangun altar di tempat tidak sah, serta ketergantungan pada kekuatan Asyur untuk menghindari ancaman dari raja Aram dan Israel. Konteksnya terjadi selama pemerintahan Ahas yang tidak mengikuti jejak Daud, yang berakibat pada kekacauan agama dan kekuatan asing yang memengaruhi kebijakan negara Yehuda."
2 Raja-Raja,17,"Tema utama pasal ini adalah konsekuensi dosa dan ketidakpatuhan orang Israel terhadap TUHAN akibat penyembahan berhala dan kebiasaan jahat, yang menyebabkan mereka dibuang ke Asyur dan terus beribadah kepada dewa lain meski telah diberi peringatan. Konteksnya terjadi pada masa raja Hosea di Samaria, di mana Israel melanggar perintah TUHAN dengan membangun tempat ibadah berhala dan beribadah kepada dewa asing, sehingga TUHAN menghukum mereka dengan pembuangan ke Halah dan menggantikan mereka dengan bangsa-bangsa lain yang tetap beribadah sesuai adat mereka."
2 Raja-Raja,18,"Tema utama pasal ini adalah kesetiaan Hizkia, raja Yehuda, terhadap Tuhan dalam menghapus berhala dan mematuhi perintah-Nya, meskipun dihadapkan ancaman militer raja Asyur yang mengancam Yerusalem. Konteksnya terjadi pada masa kerajaan Yehuda di akhir periode kerajaan Asyur yang menguasai wilayah Israel dan Yehuda, di mana Hizkia berupaya mempertahankan kepercayaan kepada Tuhan meskipun kemenangan militer Asyur tetap mengancam keberadaan Yerusalem."
2 Raja-Raja,19,"Konteksnya adalah ancaman invasi raja Asyur ke Yerusalem yang dihadapi Raja Hizkia, di mana Yesaya memberikan firman Tuhan yang menjanjikan perlindungan Yerusalem melalui kekuatan Allah. Tema utamanya adalah kepercayaan dan doa Raja Hizkia yang menghasilkan kemenangan Tuhan atas kekuatan Asyur, sebagaimana dinyatakan dalam perjanjian bahwa raja Asyur akan dikalahkan dan Yerusalem diselamatkan."
2 Raja-Raja,20,"Tema utama pasal ini adalah janji Tuhan untuk menyembuhkan Hizkia dan melindungi Yerusalem dari raja Asyur, sekaligus peringatan akan kehancuran kerajaan Yehuda akibat kekuatan Babel yang ditegakkan oleh Tuhan. Konteksnya terjadi ketika Hizkia mengalami sakit berat dan berdoa dengan setia, sehingga Tuhan memberikan janji penyembuhan dan perpanjangan hidup selama 15 tahun, namun nabi Yesaya juga mengingatkan bahwa semua harta dan keturunannya akan diambil oleh Babel sesuai rencana Tuhan."
2 Raja-Raja,21,"Tema utama pasal ini adalah konsekuensi ketidakpatuhan kepada Allah akibat praktik penyembahan berhala dan kejahatan yang dilakukan Raja Manasseh dan putranya Amon, yang memicu azab Tuhan berupa penghancuran Yerusalem dan kerugian bagi bangsa Yehuda. Konteksnya terletak pada pemerintahan kedua raja tersebut yang terus-menerus melanggar perintah Allah dengan membangun mezbah untuk berhala dan menyembah kepada dewa-dewa lain, sehingga mengakibatkan kehancuran dan kematian raja mereka."
2 Raja-Raja,22,"Tema utama pasal ini adalah respons raja Yosia terhadap penemuan Kitab Taurat yang mengakibatkan ia berubah hati dan berdoa kepada TUHAN, sehingga TUHAN berjanji mengampuni kejahatan Yosia meskipun Yerusalem akan dihancurkan karena perbuatan nenek moyangnya yang beribadah kepada dewa lain. Konteksnya terjadi ketika Yosia, yang memerintah dengan baik, menemukan Kitab Taurat di rumah TUHAN dan dengan cepat berubah hati setelah mendengar hukuman yang diberikan oleh TUHAN melalui nabi Huldah."
2 Raja-Raja,23,"Tema utama pasal ini adalah upaya Raja Yosia dalam memperbarui perjanjian dengan Tuhan dan menghapus praktik idolatri di Yerusalem serta kota-kota Yehuda melalui pembersihan mezbah, pembakaran berhala, dan penegakan perintah Taurat. Konteksnya terjadi setelah Yosia menemukan kitab perjanjian di rumah TUHAN, yang mendorongnya melakukan reformasi agama yang mendalam untuk menghindari dosa dan kembali kepada kebenaran Tuhan."
2 Raja-Raja,24,"Tema utama pasal ini adalah hukuman Tuhan terhadap Yehuda akibat dosa-dosa Manasye dan kejahatan di Yerusalem, sehingga Yehuda ditaklukkan Nebukadnezar dan seluruh penduduknya dibawa ke Babel dalam pembuangan. Konteksnya meliputi perang Nebukadnezar yang mengakibatkan kehancuran Yerusalem dan kehilangan kekuasaan Yehuda sebagai implementasi janji Tuhan untuk menjauhkan umat-Nya dari dosa."
2 Raja-Raja,25,"Tema utama pasal ini adalah kejatuhan Yerusalem oleh Nebukadnezar, raja Babel, yang mengakibatkan pembakaran rumah TUHAN, pengangkutan rakyat Yehuda ke dalam pembuangan ke Babel, dan kematian raja Zedekia. Konteksnya terjadi pada tahun kesembilan pemerintahan Nebukadnezar (sekitar 587 SM), di mana Babel menghancurkan kota suci dan mengambil harta kekayaan, sebelum sebagian rakyat Yehuda berpindah ke Mesir akibat ancaman pasukan Babel."
2 Samuel,1,"Tema utama pasal ini adalah kematian Saul dan Yonatan dalam pertempuran di Gilboa, yang dinyatakan dalam nyanyian ratapan Daud sebagai respons atas kegagalan Saul sebagai raja yang diurapi TUHAN dan konsekuensi moral atas pembunuhan oleh orang Amalek. Konteksnya terjadi setelah Daud menang atas orang Amalek dan kembali ke Ziklag, di mana ia menerima kabar kematian Saul dan Yonatan, lalu memerintahkan pembunuhan terhadap orang Amalek yang membunuh Saul karena melanggar kewajiban sebagai penerima anugerah TUHAN."
2 Samuel,2,"Tema utama pasal ini adalah keterpilihan Daud sebagai raja Yehuda dan konflik kekuasaan dengan Isyboset, anak Saul, yang mengklaim kekuasaan atas Israel. Konteksnya meliputi perang di Gibeon di mana Asael membunuh Abner, panglima Saul, serta kemenangan Daud yang mengakui kekuasaan atas Yehuda hingga akhirnya memerintah seluruh Israel setelah mengalahkan Isyboset."
2 Samuel,3,"Tema utama pasal ini adalah transisi kekuasaan dari keluarga Saul ke Daud yang dihimpit oleh konflik politik dan kekerasan, di mana pembunuhan Abner oleh Yoab sebagai balas dendam atas kematian Asael menunjukkan konsekuensi kekerasan dalam proses pemerintahan. Konteksnya adalah upaya Daud untuk menjadi raja Israel yang diakui rakyat setelah mengatasi konflik ini dengan keadilan, meskipun terjadi pembunuhan yang mengakibatkan kerugian besar bagi kestabilan kekuasaan."
2 Samuel,4,"Tema utama pasal ini adalah pembunuhan Isyboset oleh Rekhab dan Baana sebagai upaya menghancurkan kekuasaan Daud, dan respons Daud yang memerintahkan hukuman terhadap pembunuhnya. Konteksnya terjadi setelah kematian Saul, di mana Isyboset menjadi raja di wilayah Israel bagian utara, sedangkan Daud sebagai raja Yehuda harus menghadapi konflik kekuasaan dari kelompok loyalis Saul."
2 Samuel,5,"Tema utama pasal ini adalah keterpilihan Tuhan untuk memilih Daud sebagai raja Israel yang dikuatkan oleh kekuatan-Nya, ditunjukkan melalui perjanjian di Hebron, kemenangan melawan Filistin, serta pembangunan kerajaan di kota Daud. Konteksnya mencakup transisi kekuasaan dari Saul ke Daud dengan dukungan Allah yang memastikan Daud memerintah selama 40 tahun dan mengatasi tantangan militer secara konsisten."
2 Samuel,6,"Tema utama pasal ini adalah konsekuensi hukum Allah terhadap kesalahan manusia (kematian Uzza akibat mengangkat Tabut Allah secara tidak tepat) dan sikap rendah hati Daud dalam memindahkan Tabut Allah ke rumah Obed-Edom untuk mendapat berkat. Konteksnya meliputi perjalanan Tabut Allah dari Baale-Yehuda ke kota Daud, di mana Daud menghindari kesalahan seperti Uzza dengan memindahkan Tabut ke rumah Obed-Edom selama tiga bulan, lalu mempersembahkan korban dan berbagi berkat kepada bangsa Israel, sementara Mikhal merasa rendah hati karena Daud berdancing di depan umum."
2 Samuel,7,"Tema utama pasal ini adalah janji Allah kepada Daud bahwa keturunannya akan mendirikan kerajaan abadi dengan takhta yang kokoh selama-lamanya. Konteksnya terjadi ketika Daud memohon keamanan setelah menjadi raja, dan Allah mengungkapkan bahwa Daud dipilih dari masa kecilnya sebagai penjaga kambing untuk menjadi raja yang akan memiliki keturunan yang abadi dan takhta yang tidak akan runtuh."
2 Samuel,8,"Tema utama pasal ini adalah ekspansi kerajaan Daud melalui kemenangan militer atas Filistin, Moab, Aram, dan Edom dengan dukungan TUHAN, yang memungkinkan ia menegakkan keadilan dan kebenaran bagi seluruh Israel. Konteksnya menunjukkan Daud mengumpulkan harta dari negara-negara yang ditaklukkannya, menempatkan pasukan pendudukan untuk mempertahankan kekuasaan, serta membangun sistem pemerintahan yang terstruktur dengan para pejabat penting."
2 Samuel,9,"Tema utama pasal ini adalah kasih karunia Raja Daud terhadap Mefiboset, anak Yonatan yang cacat kakinya, sebagai bentuk loyalitasnya terhadap keluarga Saul setelah konflik sebelumnya. Konteksnya terjadi ketika Daud memutuskan mengembalikan harta dan hak keluarga Saul kepada cucu Yonatan untuk menunjukkan keadilan dan kepedulian terhadap keluarga yang ditinggalkan oleh Saul."
2 Samuel,10,"Tema utama pasal ini adalah konflik politik dan militer antara Raja Daud dengan bani Amon yang muncul setelah kematian raja Amon, di mana Daud merespons tindakan persahabatan yang salah diterjemahkan bani Amon sebagai ancaman militer. Akibatnya, Daud berhasil mengalahkan bani Amon dan kawasan Aram melalui strategi militer yang efektif, sehingga mereka mengakui kekuasaan Israel dan menghindari pertolongan ke bani Amon."
2 Samuel,11,"Konteks pasal ini terjadi selama Raja Daud memimpin perang melawan bani Amon dan menghadapi kejadian perzinaan dengan Bathsheba. Daud memerintahkan Yoab untuk menyuruh Uria tewas dalam pertempuran agar bisa menikahi Bathsheba, yang dianggap dosa besar di mata Tuhan karena melanggar hukum kasih dan keadilan."
2 Samuel,12,"Tema utama pasal ini adalah dosa Daud terhadap isteri Uria yang mengakibatkan kematian anaknya sebagai hukuman TUHAN, yang kemudian ia berpuasa dan berubah hati hingga dilahirkan Salomo sebagai pewaris kerajaan. Konteksnya menunjukkan respons TUHAN terhadap dosa melalui kematian anak dan proses perubahan Daud melalui doa untuk menghindari konsekuensi yang lebih berat."
2 Samuel,13,"Tema utama pasal ini adalah siklus kekerasan dan kebencian yang muncul dari kejahatan Amnon terhadap adiknya Tamar, yang akhirnya memicu Absalom membunuhnya sebagai balas dendam. Konteksnya terjadi dalam kerajaan Daud di Israel, di mana konflik keluarga yang tidak terselesaikan berujung pada kekacauan politik dan kehidupan kerajaan yang terganggu."
2 Samuel,14,"Tema utama pasal ini adalah kebijaksanaan Raja David dalam menyelesaikan konflik politik dan keluarga melalui strategi Yoab yang menggunakan perempuan Tekoa untuk memohon perlindungan bagi keturunan Absalom, yang akhirnya memungkinkan Absalom kembali menghadap raja setelah masa eksil. Konteksnya terjadi setelah Absalom tidak datang ke hadapan raja selama dua tahun, lalu menghadapi konflik dengan hambanya sendiri sebelum akhirnya kembali ke kerajaan."
2 Samuel,15,"Tema utama pasal ini adalah upaya Absalom untuk merebut kekuasaan dari Daud melalui strategi politik yang melibatkan pengumpulan dukungan rakyat dan perjanjian rahasia, yang berakibat pada keberangkatan Daud bersama pengawalnya untuk melarikan diri dari Yerusalem. Konteksnya terjadi setelah Absalom mengirim pesan rahasia ke seluruh suku Israel dan menyelesaikan perjanjian dengan Ahitofel, sehingga Daud harus berlindung di luar kota guna menghindari ancaman dari putranya yang sedang mengancam kekuasaannya."
2 Samuel,16,"Tema utama pasal ini adalah konflik kekuasaan antara Raja Daud dan putranya Absalom setelah pemberontakan Absalom, di mana Daud menunjukkan kehormatan dengan mengakui kepemilikan Mefiboset dan menerima kutuk Simei tanpa balas dendam. Sementara itu, Absalom berupaya memperkuat kekuasaannya melalui strategi menghampiri gundik ayahnya untuk mendapatkan dukungan rakyat, mencerminkan perbedaan pendekatan dalam menghadapi tantangan kekuasaan."
2 Samuel,17,"Tema utama pasal ini adalah perbandingan antara nasihat Ahitofel yang ambisius namun berbahaya untuk menyerang Daud secara rahasia dan nasihat Husai yang bijak yang berhasil menyelamatkan Daud melalui kebijaksanaan strategis. Konteksnya terjadi dalam pemberontakan Absalom terhadap Daud, di mana kegagalan rencana Ahitofel akhirnya menyebabkan kematian dirinya sendiri dan keamanan Daud melalui kebijaksanaan Husai."
2 Samuel,18,"Tema utama pasal ini adalah kematian Absalom akibat pertempuran di hutan Efraim dan kekecewaan raja Daud yang mengalami kesedihan mendalam. Konteksnya meliputi pertempuran besar yang menewaskan 20.000 orang, di mana Absalom tergantung pada pohon tarbantin dan akhirnya dibunuh oleh Yoab, sehingga raja Daud merasakan kekecewaan ekstrem ketika mendengar kabar kematian putranya."
2 Samuel,19,"Tema utama pasal ini adalah kembalinya Raja Daud ke istananya setelah kematian Absalom, yang menunjukkan perasaan kesedihan dan tantangan politik dalam proses pemulihan kekuasaannya. Konteksnya meliputi keraguan rakyat Israel terhadap kepemimpinan Yehuda dalam menyambutnya, serta upaya Daud untuk memperbaiki hubungan dengan para pengikutnya melalui pengampunan dan keterbukaan."
2 Samuel,20,"Tema utama pasal ini adalah konflik internal Israel akibat pemberontakan Seba bin Bikri yang mengancam kekuasaan Raja Daud, di mana Yoab secara tidak sengaja membunuh Amasa akibat kegagalan Amasa dalam memenuhi perintah Daud. Konteksnya terjadi pada masa Daud memperkuat kekuasaannya di Yerusalem setelah mengalahkan raja Israel sebelumnya, dengan Yoab berhasil mengakhiri pemberontakan melalui penyerangan terhadap Seba bin Bikri dan menjadi kepala tentara Israel."
2 Samuel,21,"Tema utama pasal ini adalah konsekuensi dari kegagalan Saul dalam memenuhi sumpahnya terhadap orang Gibeon yang menyebabkan Daud harus menyerahkan tujuh anak laki-laki Saul sebagai penggantian darah. Daud juga menangani pemburuan tulang Saul dan Yonatan, lalu menghadapi pertempuran melawan orang Filistin yang menghasilkan kemenangan atas keturunan raksasa."
2 Samuel,22,Tema utama pasal ini adalah syukur Daud kepada TUHAN setelah diberikan keselamatan dari musuh (Saul) melalui kekuatan dan kesetiaan Allah yang menjadi batu pertahanan dan penyelamatnya. Konteksnya menggambarkan Daud mengenali kekuatan Tuhan yang menggoyangkan alam semesta dan menjamin keselamatan abadi bagi keturunannya sebagai raja yang diangkat Tuhan.
2 Samuel,23,"Tema utama pasal ini adalah ketaatan Daud dalam memimpin dengan keadilan dan takut kepada Allah, serta keberanian 37 pahlawan yang rela berkorban nyawa untuk melindungi Israel. Konteksnya adalah pernyataan akhir Daud yang menekankan komitmen spiritual dan fisik para pahlawan dalam melawan musuh seperti Filistin, sekaligus menunjukkan sikap rendah hati Daud dalam menghormati korban dengan tidak meminum air dari perigi Betlehem yang telah ditimba oleh mereka."
2 Samuel,24,"Tema utama pasal ini adalah dosa Daud dalam menghitung rakyat yang mengakibatkan penyakit sampar yang membunuh 70.000 orang, lalu Daud berdoa dan membangun mezbah di tempat Arauna untuk menghentikan musibah tersebut. Konteksnya menunjukkan respons Daud terhadap kesalahan yang ia lakukan dengan upaya memperbaiki hubungan dengan Tuhan melalui persembahan dan pengakuan dosa."
2 Tawarikh,1,"Tema utama pasal ini adalah permohonan Salomo untuk kebijaksanaan dari TUHAN yang diberikan sebagai jawaban atas janji untuk memegang kekuasaan atas bangsa Israel, menghasilkan kekayaan, kekuatan militer, dan kejayaan agama yang luar biasa. Konteksnya meliputi transisi kekuasaan dari Daud ke Salomo, di mana Salomo berdoa untuk kebijaksanaan bukan kekayaan atau kekuasaan, sehingga TUHAN memberikan kebijaksanaan yang memungkinkan ia memimpin umat-Nya dengan efektif."
2 Tawarikh,2,"Tema utama pasal ini adalah upaya Salomo mendirikan rumah Tuhan yang besar dan istana kerajaan dengan bantuan raja Tirus (Huram), yang mencerminkan komitmen untuk membangun pusat ibadah sesuai kehendak Allah. Konteksnya meliputi persiapan sumber daya dan tenaga kerja besar dari Israel, serta kolaborasi internasional untuk memenuhi kebutuhan konstruksi yang menunjukkan kebesaran Allah yang melebihi segala yang ada."
2 Tawarikh,3,"Tema utama pasal ini adalah pembangunan Bait Suci oleh Salomo dengan ketelitian dalam pengukuran dan penggunaan bahan berharga seperti emas serta batu permata untuk menyambut kehadiran Tuhan. Konteksnya adalah melanjutkan rencana Daud yang telah menentukan gunung Moria sebagai tempat kehadiran Allah, di mana Tuhan menampakkan diri kepada Daud sejak zaman dulu."
2 Tawarikh,4,"Tema utama pasal ini adalah pembangunan Bait Suci yang sangat detail dengan bahan tembaga dan emas, terutama ""laut"" untuk pembasuhan korban oleh imam dan meja emas yang memiliki fungsi ritual. Konteksnya terjadi selama pemerintahan Salomo di bawah bimbingan Huram dari Tiro, yang menunjukkan komitmen untuk memenuhi perintah Tuhan dalam membangun rumah Allah yang kudus."
2 Tawarikh,5,"Tema utama pasal ini adalah penyelesaian pembangunan Rumah Tuhan oleh Salomo dan pengangkutan Tabut Perjanjian ke dalam ruang suci, yang menunjukkan kehadiran kemuliaan Tuhan yang memenuhi ruang suci melalui awan. Konteksnya adalah perayaan dedikasi Rumah Tuhan setelah selesai pembangunannya, di mana seluruh umat Israel berkumpul untuk menyimpan Tabut Perjanjian dan mempersembahkan persembahan besar, sehingga kehadiran Tuhan yang kudus terlihat dalam awan yang mengisi ruang suci hingga hari ini."
2 Tawarikh,6,"Tema utama pasal ini adalah dedikasi Salomo dalam membangun rumah suci di Yerusalem sebagai tempat kediaman Tuhan, yang menjadi realisasi janji Tuhan kepada Daud untuk mempertahankan kerajaan Israel. Konteksnya adalah upacara pembukaan rumah suci yang dilakukan Salomo untuk memohon kehadiran Tuhan, keadilan bagi umat-Nya, serta menegaskan bahwa tempat ini akan menjadi tempat Tuhan mendengar doa umat dan mempertahankan perjanjian dengan Israel."
2 Tawarikh,7,"Tema utama pasal ini adalah penyelesaian dan pengudusan rumah TUHAN oleh Salomo, di mana kemuliaan TUHAN memenuhi ruang suci dan berjanji tetap berada di sana selamanya jika Salomo tetap setia. Konteksnya meliputi perjanjian TUHAN yang menjamin keberlanjutan takhta Salomo dan keturunannya selama mereka taat kepada ketetapan-Nya, dengan ancaman kehancuran jika bangsa itu berpaling dan beribadah kepada dewa lain."
2 Tawarikh,8,"Tema utama pasal ini adalah penyelesaian pembangunan Bait Suci oleh Salomo setelah dua puluh tahun, disertai ekspansi wilayah melalui penaklukan kota strategis dan pembangunan sistem administrasi serta struktur keagamaan yang mengikuti perintah Daud. Konteksnya menunjukkan upaya Salomo mempertahankan kekudusan tempat Tuhan dengan memperkuat kekuasaan kerajaan, sekaligus mengorganisir pasukan dan memastikan orang Israel tidak menjadi budak melainkan prajurit atau pemimpin pasukan, sementara kelompok non-Israel dijadikan penjaga kota."
2 Tawarikh,9,"Tema utama pasal ini adalah kebijaksanaan Salomo yang diberkati Allah, yang menghasilkan kekayaan luar biasa dan kekuatan kerajaan Yerusalem hingga ratu Syeba terkesan dan mengakui kebijaksanaan Salomo yang melebihi perkataan yang pernah ia dengar. Konteksnya meliputi kunjungan ratu Syeba untuk menguji kebijaksanaan Salomo yang berhasil menunjukkan kebijaksanaan luar biasa, sehingga memperkuat kepercayaan akan kekayaan kerajaan yang diberkati Allah."
2 Tawarikh,10,"Tema utama pasal ini adalah perpecahan kerajaan Israel dari kerajaan Yehuda akibat respons keras Raja Rehabeam yang menambah beban rakyat setelah tidak memperhatikan permintaan mereka untuk mengurangi beban yang diberatkan ayahnya, Salomo. Konteksnya terjadi setelah kematian Salomo, di mana rakyat Israel meninggalkan kerajaan Yehuda dan memulai pemberontakan yang berlanjut hingga hari ini, sebagai bagian dari rencana Allah untuk menepati nubuatan yang diberikan kepada Yerobeam bin Nebat."
2 Tawarikh,11,"Tema utama pasal ini adalah keputusan TUHAN untuk menghindari perang antar kerajaan dan konsolidasi kekuasaan Rehabeam di Yehuda melalui pembangunan kota-kota berkubu serta kembali orang-orang Lewi ke Yerusalem untuk beribadah kepada TUHAN setelah kematian Salomo. Konteksnya menunjukkan upaya Rehabeam memperkuat kerajaan dengan kebijaksanaan yang dipandu oleh kehendak Allah, sehingga Yehuda dan Benyamin menjadi stabil selama tiga tahun."
2 Tawarikh,12,"Tema utama pasal ini adalah konsekuensi kejatuhan kerajaan Yehuda akibat meninggalkan hukum Tuhan, yang diikuti dengan hukuman dari Sisak (raja Mesir) karena kejauhan dari Tuhan. Konteksnya adalah kerajaan Yehuda di bawah Raja Rehabeam yang, setelah berubah hati melalui keterbukaan dan pengakuan kesalahan, diberikan kemurahan Tuhan untuk tidak dihancurkan meskipun harus menjadi hamba yang memahami perbedaan antara mengabdi kepada Tuhan dan kerajaan duniawi."
2 Tawarikh,13,"Tema utama pasal ini adalah kegagalan kerajaan Israel akibat ketidaksetiaan kepada TUHAN dan pemberontakan Yerobeam, yang berakibat pada kekalahan besar oleh Yehuda yang setia kepada perjanjian Daud. Konteksnya terjadi pada perang antara Abia (raja Yehuda) dan Yerobeam (raja Israel) setelah Yerobeam membangun kekuatan dengan idolatri dan imam palsu, sehingga TUHAN memukul Israel untuk menegakkan kesetiaan kepada Allah."
2 Tawarikh,14,"Tema utama pasal ini adalah keberhasilan pemerintahan Asa di Yehuda yang dihasilkan dari kepatuhan terhadap Tuhan, ditunjukkan dengan penghapusan berhala, pembangunan benteng, dan kemenangan melawan pasukan Etiopia melalui doa. Konteksnya adalah periode keamanan kerajaan selama sepuluh tahun yang diikuti oleh reformasi agama dan pertahanan yang efektif karena kepercayaan Asa kepada Allah."
2 Tawarikh,15,"Tema utama pasal ini adalah pemanggilan untuk kembali kepada Tuhan setelah masa lama berhala dan ketidakpercayaan, yang menghasilkan kehadiran Tuhan dan keamanan bagi negara Yehuda. Konteksnya terjadi pada pemerintahan Raja Asa, di mana ia menghapus berhala, memperbarui perjanjian dengan Tuhan, dan mengumpulkan umatnya untuk mencari Tuhan, sehingga Tuhan berkenan ditemui dan memberikan keamanan di segala penjuru."
2 Tawarikh,16,"Tema utama pasal ini adalah kesalahan Asa, raja Yehuda, dalam bersandar kepada raja Aram dan mengabaikan TUHAN, yang berakibat pada penjara pelihat Hanani serta sakit fisik yang tidak diatasi dengan pertolongan Tuhan. Konteksnya terjadi selama pemerintahan Asa yang berakhir dengan kematian dia pada usia 41 tahun setelah gagal mempercayai kekuatan Tuhan dalam menghadapi tantangan politik dan militer."
2 Tawarikh,17,"Tema utama pasal ini adalah keberhasilan kerajaan Yehuda di bawah pemerintahan Yosafat yang didukung Allah karena ia memperkuat kerajaan melalui kebijakan militer dan reformasi agama yang menghindari penyembahan berhala, serta mengajarkan Taurat kepada rakyat. Konteksnya menunjukkan Yosafat yang mengikuti jejak Daud, tidak berbuat seperti Israel, dan menghasilkan kekuatan militer serta kehormatan kerajaan yang kuat melalui kepatuhan terhadap perintah Allah."
2 Tawarikh,18,"Tema utama pasal ini adalah bahaya kepercayaan pada nubuatan palsu dan konsekuensi keputusan yang tidak berdasar terhadap petunjuk TUHAN, yang mengakibatkan kematian Raja Ahab dalam pertempuran. Konteksnya adalah persiapan perang melawan Aram di Ramot-Gilead di mana nabi-nabi yang dipengaruhi roh dusta memberikan nubuatan keberhasilan, sementara Mikha berani menyampaikan kebenaran tentang kehancuran Israel, tetapi Raja Ahab tetap berperang dan tewas."
2 Tawarikh,19,"Konteks pasal ini menunjukkan respons Raja Yosafat dari Yehuda setelah diberi peringatan nabi Yehu bin Hanani untuk menghapus kejahatan dan kembali kepada Allah. Ia melaksanakan reformasi dengan menghapus berhala, mendorong rakyat berbalik kepada Tuhan, serta membangun sistem hukum yang berdasarkan ketetapan Allah melalui hakim dan imam yang bertanggung jawab dengan penekanan pada kejujuran dan takut kepada Tuhan."
2 Tawarikh,20,"Konteksnya adalah Yosafat, raja Yehuda, menghadapi serangan besar dari bani Moab, Amon, dan Edom yang menyerang Yerusalem. Tema utamanya adalah kepercayaan kepada Allah yang menghasilkan kemenangan melalui pertempuran di Lembah Pujian setelah berdoa dan meminta pertolongan."
2 Tawarikh,21,"Tema utama pasal ini adalah kegagalan Yoram dalam memelihara perjanjian Tuhan dengan berlaku jahat seperti raja-raja Israel (khususnya keluarga Ahab), termasuk membunuh saudara-saudaranya dan mengedepankan kejahatan, sehingga mengakibatkan hukuman berupa penyakit usus yang fatal. Konteksnya meliputi pemberontakan Edom dan Libnah akibat kejauhan dari Tuhan, serta kematian Yoram yang tidak dihormati karena ia tidak memenuhi janji perjanjian Daud yang telah dijanjikan kepada keturunannya."
2 Tawarikh,22,"Tema utama pasal ini adalah hukuman Tuhan terhadap keluarga Ahab akibat kejahatan yang dilakukan oleh Ahazia, yang mengikuti jejak ayahnya yang berlaku jahat, sehingga Ahazia dan keturunannya dibunuh oleh Yehu yang diutus Tuhan untuk menghancurkan rumah Ahab. Konteksnya meliputi pemerintahan singkat Ahazia selama satu tahun yang berakhir dengan kematian dirinya dan keluarganya, serta upaya penyelamatan Yoas oleh Yosabat untuk menghindari pembunuhan oleh Atalya."
2 Tawarikh,23,"Tema utama pasal ini adalah pengesahan perjanjian dengan Tuhan melalui anointing anak raja yang sah sebagai keturunan Daud setelah kekhianatan Atalya, sekaligus pembersihan rumah Tuhan dari kepercayaan kepada Baal dan pembentukan sistem penjagaan agama yang ketat untuk menjaga kepatuhan rakyat terhadap hukum Tuhan. Konteksnya terjadi pada periode transisi kekuasaan di Yehuda setelah kejadian kekhianatan, di mana Yoyada mengorganisir perjanjian dengan rakyat dan raja untuk memastikan kestabilan kerajaan berdasarkan ketetapan Tuhan."
2 Tawarikh,24,"Tema utama pasal ini adalah pentingnya ketaatan kepada Allah dalam memperbaiki rumah Tuhan dan konsekuensi berpaling dari Tuhan yang menyebabkan kejatuhan nasional. Konteksnya meliputi upaya Yoas memperbaiki rumah Tuhan dengan bantuan imam Yoyada, namun setelah Yoyada meninggal, umat Yehuda berpaling ke berhala, mengakibatkan serangan Aram dan kematian Yoas akibat kejahatan terhadap anak imam Yoyada."
2 Tawarikh,25,"Tema utama pasal ini adalah konsekuensi dari kegagalan Amazia dalam mematuhi TUHAN dengan menyembah berhala bangsa Edom, yang mengakibatkan kekalahan militer oleh Israel dan kematian dirinya. Konteksnya meliputi upaya Amazia memperkuat kekuasaan melalui pasukan dan kebijakan pemerintahan yang tidak sepenuhnya berlandaskan iman, sehingga TUHAN menghukumnya dengan kekalahan dan kematian."
2 Tawarikh,26,"Tema utama pasal ini adalah peringatan tentang bahaya kebanggaan dan ketidakpatuhan kepada Allah yang mengakibatkan azab, seperti yang dialami Raja Uzia yang awalnya berjalan dengan baik di mata Tuhan tetapi akhirnya jatuh karena kebanggaan hingga menerima kusta dan dikucilkan. Konteksnya adalah masa pemerintahan Uzia yang awalnya memperkuat kerajaan dan kekuasaan, namun berubah menjadi kejatuhan akibat kesalahan spiritual."
2 Tawarikh,27,"Konteks pasal ini menggambarkan pemerintahan Yotam selama 16 tahun di Yerusalem, di mana ia berupaya mengikuti kebenaran TUHAN seperti ayahnya Uzia namun tidak memasuki Bait TUHAN. Tema utamanya adalah ketaatan yang menghasilkan pembangunan infrastruktur, kemenangan melawan bani Amon, dan kekuatan spiritual yang memperkuat pemerintahan, sehingga ia dikuburkan di kota Daud dan digantikan oleh putranya Ahas."
2 Tawarikh,28,"Tema utama pasal ini adalah kegagalan Raja Ahas dalam mematuhi TUHAN dengan berbuat dosa seperti membangun patung untuk Baal, membakar anak-anak dalam api, dan menghancurkan rumah TUHAN. Konteksnya adalah kejatuhan Yehuda akibat kekacauan spiritual yang menyebabkan Ahas diserang raja Aram, raja Israel, dan raja Asyur, hingga akhirnya ia dikuburkan di Yerusalem tanpa kehormatan raja Israel dan diwariskan oleh putranya Hezekiah."
2 Tawarikh,29,"Tema utama pasal ini adalah upaya Raja Hizkia memulihkan kekudusan rumah TUHAN dan memperbarui perjanjian dengan Allah setelah nenek moyangnya berpaling dari-Nya akibat ketidaksetiaan, melalui pembersihan tempat kudus dan persembahan korban. Konteksnya terjadi pada tahun pertama pemerintahannya di Yerusalem, di mana ia mengumpulkan orang-orang Lewi untuk mentahirkan rumah TUHAN dan menghindari murka Allah yang telah menimpa Yehuda akibat ketidaksetiaan sebelumnya."
2 Tawarikh,30,"Tema utama pasal ini adalah pemulihan perayaan Paskah dan kembali kepada TUHAN melalui upaya raja Hizkia setelah kesulitan persiapan awal. Konteksnya adalah respons rakyat yang tidak merata, namun dengan kehadiran mayoritas di Yerusalem dan doa Hizkia, TUHAN memberikan kelepasan dan kesukaan besar dalam perayaan tujuh hari yang menjadi kejadian langka sejak zaman Salomo."
2 Tawarikh,31,"Setelah menghancurkan semua berhala dan altar di Yehuda, Raja Hizkia melaksanakan reformasi ibadah dengan menetapkan sistem pelayanan yang terstruktur bagi imam dan orang Lewi, serta mengumpulkan persembahan sesuai Taurat. Ia memastikan persembahan khusus dan persepuluhan dikelola secara teratur dengan sistem pembagian yang jelas, yang mencerminkan komitmen ketaatan kepada TUHAN dan menghasilkan keberkahan bagi umat-Nya."
2 Tawarikh,32,"Tema utama pasal ini adalah keberhasilan Hizkia dalam mempertahankan Yerusalem dari serangan raja Asyur melalui persiapan militer dan iman kepada Tuhan, yang diakhiri dengan kemenangan Tuhan atas kekuatan Asyur. Konteksnya adalah ancaman besar dari raja Asyur yang mengancam Yerusalem, di mana Hizkia menutup mata air, memperkuat pertahanan, dan berdoa kepada Tuhan, sehingga raja Asyur ditewaskan oleh malaikat Tuhan."
2 Tawarikh,33,"Tema utama pasal ini adalah konsekuensi dosa terhadap kekuasaan dan pentingnya berubah hati untuk kembali kepada Tuhan. Manasseh, yang awalnya berbuat jahat dengan membangun mezbah untuk berhala dan beribadah kepada dewa-dewa, tetapi setelah diberi hukuman oleh TUHAN, berubah hati dan memperbaiki keadaan, sedangkan anaknya Amon tidak berubah dan akhirnya dibunuh oleh pegawai-pegawainya."
2 Tawarikh,34,"Tema utama pasal ini adalah reformasi agama dan pembersihan dari berhala yang dilakukan Raja Yosia selama pemerintahannya, yang mengarah pada penemuan Taurat dan pembentukan perjanjian kesetiaan dengan Tuhan. Konteksnya terjadi pada masa pemerintahan Yosia (usia 8-31 tahun) di mana ia berhasil menghindari penyimpangan dengan berpegang pada perintah Tuhan dan memperkuat ketaatan umat hingga akhir hidupnya."
2 Tawarikh,35,"Tema utama pasal ini adalah perayaan Paskah yang dilakukan dengan benar oleh Raja Yosia sesuai Taurat setelah memperbaiki rumah TUHAN, yang menjadi perayaan terakhir di Israel sejak zaman nabi Samuel. Konteksnya meliputi upacara ibadah yang terstruktur dengan imam dan orang Lewi, serta kematian Yosia dalam perang dengan Nekho yang berdampak pada kejatuhan kerajaan Yehuda."
2 Tawarikh,36,"Tema utama pasal ini adalah penghancuran Yerusalem dan eksil umat Yehuda akibat ketidakpatuhan terhadap TUHAN, yang berakibat pada pembakaran rumah Allah dan pengangkutan ke Babel. Namun, TUHAN berjanji melalui Koresh raja Persia untuk memulihkan umat-Nya setelah 70 tahun eksil sesuai firman Yeremia."
2 Tesalonika,1,"Tema utama surat ini adalah pujian terhadap pertumbuhan iman dan kasih jemaat Tesalonika yang tetap kuat meski mengalami penindasan, serta kesadaran akan keadilan Allah yang akan membalas penindas dan menghormati mereka yang percaya dalam Kerajaan Yesus. Konteksnya adalah jemaat yang menjadi bukti keadilan Allah melalui penderitaan mereka, dengan harapan bahwa pada hari Yesus kembali, nama-Nya akan dimuliakan di dalam mereka dan iman mereka disempurnakan oleh kekuatan Allah."
2 Tesalonika,2,"Tema utama pasal ini adalah peringatan tentang kedatangan ""pembawa kekacauan"" yang mengangkat diri sebagai Allah sebelum Hari Kudus, yang akan membawa penipuan dan kebohongan dalam masa akhir. Konteksnya adalah anjuran untuk tetap teguh dalam iman dan menghindari kekacauan akibat penipuan, sementara Allah tetap memilih umat-Nya untuk keselamatan melalui Yesus Kristus."
2 Tesalonika,3,"Tema utama pasal ini adalah pentingnya ketaatan dalam pekerjaan dan kehidupan beriman yang aktif untuk menjaga keutuhan komunitas gereja, sekaligus menekankan keberanian Tuhan dalam melindungi dan memperkuat iman para percaya. Konteksnya adalah peringatan Paulus terhadap umat Kristen yang sedang menghadapi ketidakpatuhan dalam pekerjaan dan kebiasaan hidup yang tidak bermanfaat, dengan tujuan memastikan mereka tetap berjalan dalam kasih dan kerja keras sesuai ajaran Yesus Kristus."
2 Timotius,1,"Tema utama surat ini adalah Paulus mendorong Timotius untuk tetap teguh dalam iman dan kasih karunia Allah, dengan menekankan bahwa keselamatan hanya diberikan melalui kasih karunia Kristus yang tidak bergantung pada perbuatan manusia. Konteksnya adalah surat yang ditulis Paulus saat ia berada di Roma, menghadapi keberpihakan dari kelompok di Asia Kecil yang berpaling dari dirinya, serta menghargai peran Onesiforus yang membantu Paulus dalam kesulitan."
2 Timotius,2,"Tema utama pasal ini adalah mengajak orang percaya untuk tetap kuat dalam kasih karunia Kristus, menghadapi penderitaan dengan sabar, dan menjalani kehidupan yang beriman dengan ketaatan. Konteksnya adalah surat 2 Timotius yang menekankan pentingnya menghindari pengajaran yang salah serta memperkuat iman melalui keadilan, kesetiaan, dan kasih yang konsisten."
2 Timotius,3,"Tema utama pasal ini adalah peringatan tentang masa depan yang sulit di akhir zaman di mana manusia akan menunjukkan kecenderungan moral buruk seperti kekafiran, kejahatan, dan ketidakpedulian terhadap agama, sementara orang percaya harus tetap teguh dalam iman dan berpegang pada ajaran Kristus meski menghadapi penganiayaan. Konteksnya adalah Paulus memberikan nasihat kepada Timotius untuk tidak tergoda oleh kekacauan moral yang akan terjadi, dengan menekankan bahwa Kitab Suci memiliki kegunaan untuk mengajarkan, memperbaiki kelakuan, dan menuntun ke dalam keselamatan."
2 Timotius,4,"Tema utama pasal ini adalah pesan akhir Paulus kepada Timotius untuk terus menyampaikan Injil dengan kesabaran dan pengajaran, meskipun umat akan menghadapi penolakan terhadap kebenaran dan penyebaran kebohongan. Konteksnya adalah Paulus yang mendekati kematian, yang telah menyelesaikan perjalanan imannya dan akan menerima mahkota kebenaran dari Tuhan, sementara meminta Timotius untuk melanjutkan pelayanan dengan waspada terhadap penyebaran kebohongan dan penolakan terhadap Injil."
2 Yohanes,1,"Tema utama pasal ini adalah pentingnya tetap berada dalam kebenaran dan kasih karunia Kristus untuk menghindari penyesat yang tidak mengakui Yesus sebagai manusia, sekaligus menekankan perintah saling mengasihi sesuai ajaran yang telah diterima. Konteksnya adalah surat yang ditujukan kepada komunitas iman yang telah dipilih untuk mempertahankan kebenaran dan kasih dalam kehidupan beragama, dengan peringatan untuk tidak menerima penyesat yang berusaha menggoyahkan iman melalui penolakan terhadap identitas Yesus Kristus."
3 Yohanes,1,"Tema utama pasal ini adalah pentingnya hidup dalam kebenaran dan saling mendukung sesama percaya, sekaligus peringatan terhadap perbuatan jahat yang menghancurkan kesejahteraan jemaat. Konteksnya adalah komunitas Kristen awal yang menghadapi perpecahan akibat orang seperti Diotrefes, yang tidak mau menerima saudara-saudara dan mengucilkan mereka dari jemaat."
Amos,1,"Tema utama pasal ini adalah ancaman Tuhan terhadap Damaskus, Gaza, Tirus, Edom, dan Amun karena kejahatan yang melanggar perjanjian dan kekerasan, yang akan mengakibatkan kehancuran kota dan pembuangan rakyat. Konteksnya adalah pesan nabi Amos yang diberikan pada masa pemerintahan Raja Uzia di Yehuda dan Raja Yerobeam di Israel, dua tahun sebelum terjadi gempa bumi yang menjadi tanda awal kehancuran yang dijanjikan Tuhan."
Amos,2,"Tema utama pasal ini adalah ancaman Tuhan terhadap Moab, Yehuda, dan Israel karena perbuatan jahat yang berat—seperti pembakaran tulang raja Edom, penolakan hukum-Nya, dan penindasan saudara—yang akan mengakibatkan kehancuran total melalui api dan kekacauan. Konteksnya menunjukkan bahwa meskipun Tuhan telah memimpin mereka keluar dari Mesir dan menghadirkan kekuatan, ketidakpatuhan mereka terhadap perintah-Nya mengakibatkan hukuman yang tak terhindarkan."
Amos,3,"Tema utama pasal ini adalah ancaman hukuman Tuhan terhadap orang Israel akibat kesalahan dan ketidaksetiaan mereka, yang akan mengakibatkan kerusakan berat pada kota, mezbah, dan kekuatan negara. Konteksnya adalah peringatan nubuatan yang diberikan untuk mengingatkan mereka agar berubah sebelum terjadi kehancuran total, dengan penekanan pada kepastian hukuman yang tidak terhindarkan jika mereka tidak menyesal."
Amos,4,"Tema utama pasal ini adalah ancaman Tuhan ALLAH terhadap orang Israel yang terus-menerus menganiaya lemah, beribadah sesat, dan tidak berbalik kepada-Nya, sehingga akan menghadapi hukuman berupa kekeringan, hama, dan kerusakan kota. Konteksnya adalah peringatan untuk orang Israel yang telah melanggar kesepakatan dengan Allah melalui kejahatan sosial dan ibadah yang tidak benar, sehingga Tuhan akan menghancurkan mereka jika tidak berubah."
Amos,5,"Konteks pasal ini adalah peringatan keras Tuhan kepada kaum Israel yang telah melanggar keadilan dan berhala, dengan ancaman pembuangan jika tidak berubah. Tema utamanya adalah hukuman karena kejahatan seperti ketidakadilan dan peribadahan berhala, sekaligus pesan bahwa hanya melalui keadilan dan kebenaran yang sejati, bukan persembahan dan kejahatan, mereka dapat menghindari azab dan hidup dalam keselamatan."
Amos,6,"Tema utama pasal ini adalah peringatan Tuhan tentang hukuman yang akan menimpa bangsa Israel dan Yehuda akibat kebanggaan dan ketidakpercayaan mereka terhadap kekuatan Tuhan. Konteksnya menggambarkan kehancuran kota-kota seperti Sion dan Samaria akibat kebanggaan dan ketidakpercayaan mereka, sehingga mereka akan menjadi orang buangan dan kota-kota mereka roboh."
Amos,7,"Tema utama pasal ini adalah ancaman hukuman Tuhan terhadap Israel akibat dosa seperti idolatri dan ketidakadilan sosial, yang akan menyebabkan kehancuran dan pengasingan negeri tersebut. Konteksnya adalah Amos, seorang peternak yang tidak termasuk golongan nabi, diberi panggilan oleh Tuhan untuk memberikan peringatan bahwa Israel akan dihancurkan jika tidak berubah."
Amos,8,"Tema utama pasal ini adalah hukuman Tuhan terhadap umat Israel akibat kezaliman sosial dan kekacauan moral, di mana penguasa menganiaya orang miskin dengan berlaku tidak adil. Konteksnya menunjukkan bahwa Tuhan tidak akan memaafkan dosa umat-Nya, sehingga akan terjadi bencana alam, kehancuran agama, dan kekeringan spiritual yang mengakibatkan umat tidak bisa mendengar firman Tuhan."
Amos,9,"Tema utama pasal ini adalah kekuasaan Tuhan yang menghancurkan kejahatan dan menghukum orang berdosa, sekaligus menjanjikan pemulihan dan kembali kekayaan bagi keturunan Yakub yang dipilih. Konteksnya terjadi dalam masa krisis spiritual Israel yang berdosa, di mana Tuhan menegaskan hukumNya terhadap kejahatan sekaligus berjanji membangun kembali kejayaan melalui keterpilihan dan kembali ke tanah yang telah diberikan."
Amsal,1,"Konteks pasal ini berasal dari Kitab Amsal yang ditulis Salomo, raja Israel, yang menekankan pentingnya kebijaksanaan dan takut akan Tuhan sebagai fondasi hidup yang benar. Tema utamanya adalah peringatan untuk menghindari jalan kejahatan melalui penerimaan nasihat, serta konsekuensi yang akan terjadi bagi yang menolak hikmat dan berjalan di jalan kegelapan."
Amsal,2,"Tema utama pasal ini adalah pentingnya menerima dan memelihara kebijaksanaan Tuhan dalam kehidupan sehari-hari untuk mendapatkan kebenaran, keadilan, dan ketaqwaan yang menghindari jalan jahat. Konteksnya adalah peringatan bagi umat untuk tetap berada dalam jalan yang lurus dan menjauhi kekacauan, sehingga dapat terlindungi dan memperoleh kehidupan yang abadi."
Amsal,3,"Tema utama pasal ini adalah pentingnya kepercayaan pada Tuhan, penerapan kebijaksanaan, dan kepatuhan kepada ajaran untuk mendapatkan kehidupan yang sejahtera, panjang umur, serta kekayaan yang berkelanjutan. Konteksnya adalah nasihat dari Tuhan kepada anaknya (pengikut) untuk tidak melupakan ajaran, menghindari kejahatan, dan memperoleh keberkahan melalui ketaqwaan dan kebijaksanaan."
Amsal,4,"Tema utama pasal ini adalah pentingnya memperoleh hikmat dan berpegang pada petunjuk ayah untuk menghindari jalan fasik, sehingga dapat hidup penuh kehidupan dan kesembuhan. Konteksnya adalah ajakan dari ayah kepada anak untuk mengikuti jalan yang benar, menghindari kejahatan, serta memelihara hati dengan kewaspadaan agar tidak tersandung oleh kegelapan kejahatan."
Amsal,5,"Tema utama pasal ini adalah peringatan untuk menghindari kehancuran spiritual dan fisik dengan tidak terjebak dalam pengaruh perempuan jalang yang awalnya menarik tetapi berakhir dengan kebodohan dan kematian. Konteksnya adalah nasihat orang tua kepada anak untuk selalu mengikuti hikmat dan didikan yang benar, agar tidak terjebak dalam jalan sesat yang menyebabkan kehancuran."
Amsal,6,"Konteks pasal ini berasal dari Kitab Proverbs yang memberikan panduan tentang kebijaksanaan dalam kehidupan sehari-hari. Tema utamanya adalah pentingnya menghindari kejahatan, memperbaiki konflik dengan sesama melalui kejujuran, serta menerapkan disiplin diri untuk menghindari akibat buruk seperti kemiskinan dan kehancuran yang ditimbulkan oleh ketidakpatuhan pada kebijaksanaan."
Amsal,7,"Tema utama pasal ini adalah peringatan bagi anak muda untuk tidak terjebak dalam kejatuhan moral melalui perempuan yang licin dan berbahaya, serta pentingnya memegang perintah Tuhan untuk menghindari kehancuran hidup. Konteksnya adalah kisah seorang pemuda yang tergoda hingga akhirnya mengalami kehancuran dan kematian karena tidak memperhatikan nasihat Tuhan."
Amsal,8,"Tema utama pasal ini adalah pemanggilan hikmat yang diakui sebagai kekuatan kebijaksanaan yang berasal dari Tuhan sejak awal kreativitas alam semesta, yang menekankan keberhargaan hikmat dibandingkan harta benda dan pentingnya mengikuti nasihatnya untuk kehidupan yang bermakna. Konteksnya menggambarkan hikmat sebagai sumber kebijaksanaan dan keadilan yang harus dihargai, sehingga yang mendengarkan akan mendapatkan hidup, sedangkan yang mengabaikannya akan merugikan diri sendiri."
Amsal,9,"Tema utama pasal ini adalah pentingnya kebijaksanaan dalam kehidupan yang menghasilkan kepanjangan umur dan kehidupan bermakna, sementara kebodohan berisiko mengakibatkan kejatuhan dan kerugian spiritual. Konteksnya menyoroti bahaya praktik yang mengundang arwah (orang mati) sebagai bentuk kebodohan yang berakibat pada kehancuran kehidupan."
Amsal,10,"Tema utama Amsal yang dikarang Salomo adalah perbedaan yang tajam antara orang benar yang mendapat berkat dan kehidupan yang abadi dengan orang fasik yang mengalami kebinasaan dan konsekuensi dosa. Konteksnya adalah nasihat praktis tentang pentingnya kebijaksanaan, ketaatan kepada Tuhan, dan pilihan tindakan yang berdampak pada kehidupan spiritual dan material."
Amsal,11,"Tema utama pasal-pasal ini adalah kontras antara kebenaran dan kejahatan, di mana orang benar mendapat keberkatan dan perlindungan Tuhan, sedangkan orang fasik menghadapi kemurkaan dan kehancuran. Konteksnya menggambarkan ajaran kebijaksanaan dalam Alkitab yang menekankan pentingnya kejujuran, kehormatan, dan ketaatan sebagai fondasi kehidupan yang berkelanjutan."
Amsal,12,"Kumpulan proverbs ini berasal dari Kitab Proverbs dalam Alkitab lama yang menekankan kontras antara kebenaran dan kejahatan. Tema utamanya adalah pentingnya kebijaksanaan, kejujuran, dan ketaatan kepada Tuhan dalam kehidupan sehari-hari, yang menghasilkan keberkahan dan keamanan, sementara kefasikan dan kebodohan akan menimbulkan hukuman dan kehancuran."
Amsal,13,"Tema utama pasal ini adalah perbedaan antara kebijaksanaan dan kebodohan dalam kehidupan, dengan menekankan pentingnya mendengarkan nasihat, berbicara jujur, dan berperilaku konsisten. Konteksnya adalah ajaran Kitab Proverbs yang menggambarkan konsekuensi tindakan seseorang dalam mencapai kehidupan yang bermakna dan keselamatan rohani, di mana kebijaksanaan menghasilkan kekayaan spiritual sementara kebodohan berakibat pada kehancuran."
Amsal,14,"Tema utama dari pasal Alkitab ini adalah kontras antara kebijaksanaan yang menghasilkan keamanan dan keberkahan serta kebodohan yang mengakibatkan kerugian, dengan penekanan kuat pada pentingnya takut akan Tuhan sebagai fondasi kehidupan moral. Konteksnya berasal dari Kitab Proverbs yang memberikan nasihat praktis tentang pilihan tindakan, konsekuensi moral, dan kepentingan kehidupan yang berkelanjutan bagi individu dan masyarakat."
Amsal,15,"Tema utama pasal ini adalah perbedaan antara kebijaksanaan (berbicara lembut, menghargai teguran, dan takut akan Tuhan) dengan kebodohan (berbicara pedas, mengabaikan nasihat), yang menghasilkan kehidupan yang harmonis dengan Tuhan. Konteksnya adalah dalam kitab Proverbs yang mengajarkan perilaku hidup yang bijak melalui konsekuensi tindakan dan kepentingan kehadiran Tuhan dalam kehidupan."
Amsal,16,"Kumpulan pasal ini berasal dari Kitab Proverbs yang menekankan tema utama kekuasaan Tuhan dalam mengatur segala keputusan manusia dan keadilan-Nya dalam menentukan nasib. Konteksnya mengajarkan bahwa manusia harus berhati-hati dalam berpikir dan bertindak, karena Tuhan adalah sumber kebenaran dan penentu arah hidup yang penuh keadilan, sehingga dengan kebijaksanaan dan kehormatan, manusia dapat menghindari kehancuran dan meraih keberkahan."
Amsal,17,"Tema utama pasal-pasal Alkitab ini adalah perbedaan antara kebijaksanaan dan kebodohan, dengan menekankan pentingnya kedamaian, kejujuran, dan keadilan dalam kehidupan sehari-hari. Konteksnya terdapat dalam Kitab Proverbs yang memberikan nasihat praktis tentang menghindari konflik, memperkuat hubungan, dan dampak keputusan yang bijak terhadap kehidupan individu dan keluarga."
Amsal,18,"Tema utama dari pasal Alkitab ini adalah perbedaan antara kebijaksanaan dan kebodohan, dengan penekanan pada pengaruh perkataan yang baik atau buruk dalam menentukan kehidupan seseorang. Konteksnya berasal dari Kitab Proverbs yang mengingatkan tentang pentingnya kerendahan hati, keadilan, dan kebijaksanaan untuk menghindari kehancuran dan mencapai keselamatan melalui kebenaran serta kekuatan Tuhan."
Amsal,19,"Kumpulan pasal ini menggambarkan tema utama kebijaksanaan dan konsekuensi tindakan manusia dalam kehidupan, dengan menekankan pentingnya kejujuran, kebijaksanaan, serta kepercayaan kepada Tuhan. Konteksnya berasal dari Kitab Proverbs Alkitab yang memberikan nasihat praktis untuk menghindari kebodohan dan memilih jalan yang benar dalam kehidupan sehari-hari."
Amsal,20,"Tema utama dari pasal-pasal ini adalah pentingnya kebijaksanaan dan ketaatan dalam kehidupan sehari-hari untuk menghindari dosa dan meraih keberkahan. Konteksnya terdapat dalam Kitab Proverbs yang memberikan nasihat praktis tentang karakter, akibat tindakan, serta ketergantungan pada kebijaksanaan Tuhan dalam menjalani kehidupan yang bermakna."
Amsal,21,"Tema utama pasal Alkitab ini adalah kebijaksanaan dan keadilan yang ditekankan dalam Kitab Proverbs, yang menunjukkan bahwa kehidupan yang berlandaskan kebenaran dan kejujuran akan menghasilkan kesejahteraan, sementara kejahatan dan kebanggaan akan mengakibatkan kehancuran. Konteksnya menggambarkan peran Tuhan dalam menguji hati manusia dan mengarahkan mereka ke jalan yang benar, dengan konsekuensi jelas bagi setiap pilihan yang dibuat."
Amsal,22,"Tema utama pasal ini adalah pentingnya kebijaksanaan, keadilan sosial, dan takut akan Tuhan dalam menjalani kehidupan yang bermakna, dengan fokus pada penghindaran dari kecurangan, penindasan, dan kebodohan. Konteksnya adalah Kitab Proverbs yang memberikan nasihat praktis untuk memperkuat keadilan sosial dan menghindari konsekuensi negatif melalui kebijaksanaan serta ketaatan kepada Tuhan."
Amsal,23,"Tema utama pasal ini adalah pengajaran kebijaksanaan dalam hidup yang berakar pada kebenaran, disiplin, dan hubungan keluarga, dengan menekankan pentingnya menghindari dosa seperti kecenderungan berlebihan dalam konsumsi anggur serta kekakuan hati terhadap Tuhan. Konteksnya terdapat dalam Kitab Proverbs, di mana orang tua memberikan nasihat praktis kepada anaknya untuk menjaga kehidupan yang sehat dan berjalan di jalan yang benar."
Amsal,24,"Tema utama pasal ini adalah perbedaan antara kebijaksanaan yang menghasilkan keberkahan dan keamanan hidup, sedangkan kebodohan dan kejahatan mengakibatkan kehancuran dan dosa. Konteksnya adalah kitab Proverbs dalam Alkitab yang memberikan nasihat praktis tentang pentingnya kebijaksanaan dalam menghadapi tantangan hidup dan konsekuensi tindakan manusia."
Amsal,25,"Tema utama pasal ini adalah kumpulan nasihat kebijaksanaan praktis yang menekankan integritas, kecermatan berbicara, serta pentingnya menghindari konflik dan kesalahan moral bagi penguasa dan masyarakat. Konteksnya adalah amsal Salomo yang dikumpulkan oleh pegawai raja Hizkia dalam kerajaan Yehuda sebagai panduan etika dan kepemimpinan yang bijak dalam kehidupan sehari-hari."
Amsal,26,"Tema utama pasal-pasal ini adalah kontras antara kebijaksanaan dan kebodohan, dengan menekankan dampak negatif perilaku orang yang tidak berpikir jernih dan ketidakpedulian terhadap kebijaksanaan. Konteksnya terdapat dalam Kitab Amsal yang memberikan panduan moral untuk menghindari kegagalan dan memupuk kebijaksanaan dalam kehidupan sehari-hari."
Amsal,27,"Tema utama pasal Alkitab ini adalah kebijaksanaan dalam kehidupan sehari-hari, dengan menekankan pentingnya kebijaksanaan, kehormatan, dan hubungan yang sehat. Konteksnya terdapat dalam Buku Kebijaksanaan yang memberikan nasihat praktis tentang menghindari kebodohan dan memahami sifat manusia. Pasal ini juga mengingatkan bahwa kehidupan yang bijak melibatkan kesadaran akan kelemahan manusia dan kepentingan yang lebih besar daripada harta benda."
Amsal,28,"Tema utama dari pasal-pasal ini adalah kontras antara keadilan dan kejahatan, di mana orang benar mendapat keamanan dan keberkahan sementara orang fasik menghadapi kehancuran. Konteksnya terletak pada Kitab Proverbs yang mengajarkan kebijaksanaan melalui penerapan hukum Tuhan, kejujuran, dan keberanian untuk menghindari dosa."
Amsal,29,"Kumpulan pasal ini berasal dari Kitab Proverbs Alkitab yang memberikan panduan praktis tentang kebijaksanaan dan keadilan dalam kehidupan sehari-hari. Tema utamanya menekankan perbedaan antara orang benar dan orang fasik, konsekuensi tindakan dalam hubungan sosial, serta pentingnya keadilan untuk membangun kehidupan yang berkelanjutan. Konteksnya menggambarkan upaya memupuk kebijaksanaan dan ketaatan dalam menghadapi tantangan spiritual dan sosial."
Amsal,30,"Tema utama pasal ini adalah perbandingan kelemahan manusia dan kekuasaan Allah yang maha bijak, dengan penekanan pada kebutuhan kejujuran dan keterbukaan terhadap firman-Nya. Konteksnya adalah pernyataan Agur bin Yake yang mengungkapkan kebodohan manusia dalam memahami kehendak Allah dan berdoa untuk tidak terjebak dalam kecurangan serta kekayaan yang tidak bermakna. Pasal ini juga mengingatkan konsekuensi moral dari kegagalan dalam mematuhi firman Allah tanpa menambahkan."
Amsal,31,"Konteks pasal ini adalah peringatan Raja Lemuel yang diajarkan oleh ibunya tentang pentingnya seorang isteri yang bijak dan berakhlak dalam kehidupan rumah tangga serta masyarakat. Tema utamanya menekankan kualitas wanita yang kuat, beradab, dan berbagi kebaikan kepada yang tertindas, sekaligus mengingatkan raja untuk tidak terjebak dalam kebiasaan buruk seperti minum anggur berlebihan."
Ayub,1,"Tema utama pasal ini adalah ujian kesalehan Ayub oleh Iblis yang mengakibatkan kehilangan harta kekayaan dan keluarga, namun Ayub tetap teguh beriman dan tidak menuduh Allah berbuat tidak adil. Konteksnya adalah Allah memungkinkan Iblis menguji kepercayaan Ayub yang saleh melalui berbagai bencana, sehingga Ayub tidak berbuat dosa dan tidak menuduh Tuhan berbuat tidak adil."
Ayub,2,"Tema utama pasal ini adalah ujian keteguhan iman Ayub yang diberikan Iblis dengan izin Tuhan, di mana Ayub tetap teguh dalam kepercayaannya meski mengalami penderitaan fisik dan spiritual yang ekstrem. Konteksnya menggambarkan kisah Ayub dalam Alkitab yang menunjukkan respons Ayub yang tidak berdosa dan upaya tiga sahabatnya untuk menghiburnya meskipun tidak memahami keadaan sebenarnya yang dihadapi Ayub."
Ayub,3,"Konteks pasal ini berasal dari Kitab Ayub yang menggambarkan perasaan kesedihan Ayub dalam menghadapi penderitaan yang berat. Tema utamanya adalah keluhan Ayub terhadap Tuhan tentang ketidakadilan dan ketidakpedulian-Nya terhadap penderitaan yang dialaminya, di mana ia berharap segera mati untuk menghindari kegelisahan hidup yang tak berkesudahan."
Ayub,4,"Tema utama pasal ini adalah perbandingan penderitaan yang dialami orang yang berdosa dengan keadilan Allah yang menghancurkan kejahatan, serta kritik terhadap kegagalan manusia dalam menjaga kepercayaan kepada Tuhan. Konteksnya terdapat dalam Kitab Job, di mana Elifas berbicara untuk memberikan nasihat kepada Job yang sedang menderita akibat kehilangan kekayaan dan kehormatan, menekankan bahwa kebenaran hanya tercapai melalui ketergantungan pada Allah."
Ayub,5,"Tema utama pasal ini adalah kekuasaan Allah yang menjamin keselamatan dan kekayaan bagi orang percaya dalam masa kesulitan, dengan menunjukkan bahwa semua bencana berasal dari kegagalan manusia sendiri, bukan dari kekuatan Allah. Konteksnya adalah pesan harapan bagi umat yang menghadapi ujian hidup, di mana Allah dijelaskan sebagai sumber pertolongan yang tak tergantikan dalam kehidupan berdikari."
Ayub,6,"Tema utama pasal ini adalah Ayub yang mengalami penderitaan ekstrem dan meragukan keadilan Allah, namun tetap berpegang pada iman bahwa firman Allah tidak boleh ditolak meskipun dalam keadaan terpuruk. Konteksnya menggambarkan perjuangan Ayub untuk memahami keadilan Allah dalam situasi ujian yang tak terkira, sementara ia tetap berharap pada kekuatan dan kebijaksanaan Allah yang tidak terbatas."
Ayub,7,"Konteks pasal ini menggambarkan keadaan seseorang yang merasakan hidupnya penuh penderitaan dan kekosongan, dengan hari-harinya yang singkat seperti hembusan nafas dan malam yang penuh gelisah. Tema utamanya adalah kekecewaan dan pertanyaan tentang ketidakadilan serta ketidakpedulian Tuhan terhadap penderitaan yang tak berkesudahan, sehingga ia berupaya mengakhiri hidup karena kejenuhan dari kesusahan yang tak berhenti."
Ayub,8,"Tema utama pasal ini adalah keadilan Allah yang tak terbengkokkan dan konsekuensi hidup bagi yang setia atau lalai terhadap-Nya, dengan analogi tumbuhan yang membutuhkan fondasi yang tepat untuk bertahan. Konteksnya terdapat dalam kitab Job, di mana Bildad berbicara untuk menegaskan bahwa orang yang mencari Allah akan diberi keadilan dan keberkahan, sementara yang fasik akan mengalami kehancuran seperti tumbuhan yang tidak berakar kuat."
Ayub,9,"Tema utama pasal ini adalah pengakuan Ayub tentang kekuatan dan kebijaksanaan Allah yang tak terkalahkan, serta kesadaran bahwa ia tidak mampu membantah keadilan-Nya meskipun ia benar dan tidak bersalah. Konteksnya adalah respons Ayub setelah mengalami penderitaan berat, di mana ia mengakui kekuasaan Allah yang melebihi pemahaman manusia dan menolak berdebat dengan Allah mengenai keadilan."
Ayub,10,"Tema utama pasal ini adalah keluhan mendalam tentang ketidakadilan Allah yang menghadapi penderitaan meski tidak bersalah, dengan penekanan pada ketakutan akan kematian dan kegelapan hidup. Konteksnya adalah perasaan kegagalan spiritual dan kebingungan terhadap keadilan Allah yang muncul dari seseorang yang merasa tidak berdosa namun terkena hukuman."
Ayub,11,"Tema utama pasal ini adalah perbandingan kekuasaan Allah yang tak terukur dengan kelemahan manusia dalam memahami hikmat-Nya, serta janji keberkahan bagi yang berjalan dalam kebenaran dan menghindari kejahatan. Konteksnya adalah percakapan Zofar (orang Naama) yang menanyakan batas kekuasaan Allah serta mengajak manusia untuk berjalan dalam kebenaran dan menghindari kejahatan."
Ayub,12,"Tema utama pasal ini adalah kepercayaan Ayub terhadap kebijaksanaan dan kekuatan Allah yang mutlak, meskipun ia mengalami penderitaan dan dihina oleh teman-temannya. Konteksnya adalah respons Ayub setelah teman-temannya menuduhnya berdosa, di mana ia menegaskan bahwa Allah sebagai sumber hikmat yang tidak terbatas menguasai segala kejadian dan kehidupan, sehingga manusia tidak mampu memahami atau mengendalikan nasibnya."
Ayub,13,"Tema utama pasal ini adalah keberanian Job dalam membela kebenarannya di hadapan Allah meskipun menghadapi tuduhan dan kesulitan hidup, dengan keyakinan bahwa keadilan Allah akan menghakimi kasusnya. Konteksnya menunjukkan perjuangan Job yang tidak berhenti berbicara dan berani menghadapi ancaman kehancuran, sementara ia tetap yakin bahwa keadilan Tuhan akan menyelesaikan kasusnya dengan benar."
Ayub,14,"Tema utama pasal ini adalah kefanaan kehidupan manusia yang singkat dan penuh kegelisahan, di mana keberadaan manusia seperti bunga yang layu dan tidak dapat bertahan lama. Konteksnya adalah keluhan tentang kematian yang tak terhindari, dengan harapan bahwa Tuhan akan memberikan perlindungan dan keadilan setelah kematian, seperti contoh pohon yang meski akarnya tua tetap dapat bertunas kembali."
Ayub,15,"Tema utama pasal ini adalah konsekuensi hidup yang menolak kebijaksanaan Tuhan dan kehancuran yang akan dialami oleh orang fasik, yang dijelaskan oleh Elifas dalam konteks dialog di Kitab Job. Elifas menekankan bahwa kehidupan yang tidak berlandaskan kebenaran akan mengalami kegelapan dan kehancuran, sementara kebijaksanaan sejati hanya berasal dari Tuhan."
Ayub,16,"Tema utama pasal ini adalah keluhan Job tentang penderitaan fisik dan spiritual yang mendalam, di mana ia menyangkal klaim teman-temannya yang menyalahkan dirinya dan berdoa agar Allah memutuskan keadilan. Konteksnya menunjukkan bahwa meski mengalami kerusakan hidup dan kematian mendekat, Job tetap berpegang pada iman sambil berharap Allah akan menghakimi perkara antara manusia."
Ayub,17,"Tema utama pasal ini adalah kehancuran spiritual dan kegagalan hidup yang dialami oleh seseorang yang merasakan kehancuran diri, ejekan dari orang lain, serta kehilangan harapan. Konteksnya adalah laporan penderitaan dalam Alkitab yang menonjolkan kontras antara kehancuran yang dialami oleh penderita dan kekuatan iman yang tetap pada orang yang benar meskipun dalam situasi yang sangat berat."
Ayub,18,"Tema utama pasal ini adalah klaim Bildad bahwa penderitaan Job disebabkan oleh dosa yang ia lakukan, sehingga mengalami kehancuran fisik, kehilangan nama, dan kehancuran sosial. Konteksnya terjadi dalam perdebatan teman Job yang berusaha menjelaskan alasan penderitaan Job, di mana Bildad berargumen bahwa hukuman Tuhan akan menimpa orang yang tidak berbuat baik dan tidak mengenal Allah."
Ayub,19,"Tema utama pasal ini adalah keluhan Ayub tentang penderitaan yang mendalam akibat kesalahan yang tidak diketahui, di mana ia merasakan keadilan yang tidak adil dari Allah dan kehilangan semua kekayaan serta hubungan sosial. Konteksnya menunjukkan Ayub yang terus berdoa dan berharap pada kehadiran penebusnya yang akan memberikan keadilan dan keselamatan meskipun ia mengalami kejatuhan fisik dan spiritual."
Ayub,20,"Tema utama pasal ini adalah kepastian hukuman Allah terhadap orang fasik yang mengabaikan keadilan, di mana kekayaan dan kekuasaan mereka hanya sementara dan akan dihancurkan oleh keadilan Tuhan. Konteksnya adalah pernyataan Zofar (orang Naama) dalam Kitab Job yang berargumen bahwa kejahatan dan kekayaan yang tidak beretika akan mengakibatkan kehancuran total sesuai dengan janji Allah."
Ayub,21,"Tema utama pasal ini adalah keluhan Job terhadap ketidakadilan di mana orang fasik hidup dalam kemakmuran sementara ia menderita, serta pertanyaannya mengapa Allah tidak memberikan jawaban atas penderitaannya. Konteksnya adalah respons Job yang mengungkapkan frustrasi terhadap keadilan Allah dan kepercayaan bahwa kejadian buruk tidak terkait dengan dosa pribadi, melainkan kehendak yang tidak terlihat dari Allah."
Ayub,22,"Tema utama pasal ini adalah peringatan tentang akibat dosa dan ajakan untuk bertobat kepada Allah agar diberkati, dengan menunjukkan bahwa kejahatan seperti merampas harta dan tidak membantu yang miskin akan mengakibatkan hukuman, sementara kebaikan dan ketaatan akan menghasilkan keselamatan dan keberkahan. Konteksnya adalah dialog Elifas yang mengingatkan seseorang tentang kegagalan dalam kehidupan akibat kejahatan dan menawarkan jalan keluar melalui ketergantungan pada kekuasaan Allah yang adil."
Ayub,23,"Tema utama pasal ini adalah keluhan Ayub tentang penderitaan yang mendalam dan keinginan untuk memahami keadilan Allah dalam situasi ujian hidup yang berat. Konteksnya menunjukkan bahwa Ayub memohon kejelasan jawaban atas penderitaannya meskipun tidak bisa melihat kehadiran Allah, sekaligus mempercayai kekuasaan-Nya yang tak berubah untuk menyelesaikan semua yang ditetapkan."
Ayub,24,"Konteks pasal ini menggambarkan keadilan sosial yang terganggu di mana orang miskin dan korban keadilan diperlakukan tidak adil oleh penguasa, sementara Allah tidak memberikan pertolongan. Tema utamanya adalah pertanyaan mengapa Allah tidak menghukum pelaku kejahatan dan tidak melihat hari pengadilan-Nya, menunjukkan ketidakadilan mendalam dalam masyarakat dan keheningan Allah terhadap penderitaan yang dialami oleh orang miskin."
Ayub,25,"Tema utama pasal ini adalah kekuasaan mutlak Allah yang melampaui pemahaman manusia, di mana Bildad (orang Cush) menegaskan bahwa kekuasaan dan kedahsyatan Allah jauh melebihi kekuatan manusia dan kejayaan alam semesta. Dalam konteks perdebatan Job tentang kesulitan hidupnya, Bildad berargumen bahwa manusia tidak mampu bersifat benar di hadapan Allah dan bahkan bintang-bintang pun tidak terang di mata-Nya, menunjukkan betapa kecilnya manusia dalam perspektif kekuasaan ilahi."
Ayub,26,"Tema utama dari pasal ini adalah pengakuan Ayub tentang kekuatan dan kebijaksanaan Allah yang terlihat dalam karya kreatifnya, serta kelemahan manusia di hadapan kekuasaan Tuhan. Konteksnya terjadi ketika Ayub merespons pertanyaan Allah setelah mengalami kesulitan hidup, dengan menunjukkan rasa humil dan penghargaan terhadap kebesaran Tuhan dalam alam semesta."
Ayub,27,Tema utama pasal ini adalah pernyataan Ayub yang teguh tentang kebenarannya dan keyakinan bahwa Allah akan menghukum orang fasik dengan nasib buruk seperti kehilangan anak dan kematian tanpa keadilan. Konteksnya adalah respons Ayub terhadap tuduhan teman-temannya yang menuduhnya bersalah setelah mengalami penderitaan besar akibat kesulitan hidupnya.
Ayub,28,"Tema utama pasal ini adalah bahwa kebijaksanaan yang sejati lebih bernilai dari emas dan permata mahal, meskipun ia tersembunyi dan tidak mudah ditemukan oleh manusia. Konteksnya menunjukkan bahwa kebijaksanaan berasal dari Allah yang mengetahui tempatnya dan diberikan melalui kekuatan alam, dengan kebijaksanaan sejati dinyatakan sebagai takut kepada Tuhan dan menjauhi kejahatan."
Ayub,29,"Tema utama pasal ini adalah Ayub mengenang masa lalu di mana Allah memberikan perlindungan, keberkahan, dan kekuatan spiritual yang membuatnya menjadi pemberi bantuan bagi yang terdampak, dengan kehidupan yang penuh kebahagiaan dan pengakuan masyarakat. Konteksnya adalah refleksi Ayub sebelum mengalami kesulitan, di mana ia percaya bahwa Allah tetap berada di belakangnya dan memberikan keberkahan yang tak terbatas."
Ayub,30,"Tema utama pasal ini adalah penderitaan ekstrem dan rasa ditinggalkan Tuhan yang dialami penulis dalam kondisi dihina dan diperlakukan seperti pencuri oleh masyarakat yang lebih muda yang dianggapnya tidak layak ditempatkan bersama. Konteksnya menunjukkan kehidupan terpuruk akibat kekurangan, kekerasan sosial, dan ketidakresponsifan Tuhan terhadap permohonan bantuan yang mengakibatkan kehancuran fisik dan spiritual penulis."
Ayub,31,"Tema utama pasal ini adalah keluhan Ayub tentang penderitaan yang dialaminya dan permohonan untuk dihukum oleh Allah jika ia benar-benar bersalah dalam berbagai kejahatan. Konteksnya adalah Ayub yang menghadapi ujian besar dan berusaha memahami keadilan Allah dalam situasi penderitaan yang tidak terduga, sekaligus mengakui kekuasaan Allah yang mengatasi segala kejahatan manusia."
Ayub,32,"Tema utama pasal ini adalah penekanan bahwa kebijaksanaan sejati berasal dari roh Allah, bukan usia atau keahlian manusia, yang ditekankan oleh Elihu dalam konteks perdebatan Ayub dengan tiga sahabatnya yang gagal memberikan sanggahan yang valid terhadap kesulitan Ayub. Elihu, meski muda, berani mengemukakan pandangannya karena melihat ketiga sahabat tidak mampu memberikan argumen yang kuat, sehingga menunjukkan bahwa keadilan dan kebijaksanaan yang sejati hanya diberikan oleh kekuasaan Allah."
Ayub,33,"Tema utama pasal ini adalah kekuasaan dan kebijaksanaan Allah yang melebihi pemahaman manusia, terutama dalam menghadapi penderitaan yang dialami Ayub meskipun ia bersifat jujur dan suci. Konteksnya adalah respons Allah kepada keluhan Ayub tentang kesulitan hidupnya, menunjukkan bahwa keadilan dan kehendak-Nya tidak selalu dapat dipahami oleh manusia."
Ayub,34,"Tema utama pasal ini adalah keadilan Allah yang mutlak dan ketergantungan manusia pada keadilan-Nya, dengan konteks Elihu menanggapi klaim Ayub yang menganggap dirinya benar meskipun mengalami kesulitan. Elihu menekankan bahwa Allah menghukum sesuai perbuatan manusia dan manusia harus menghindari kefasikan dalam menghakimi keadilan Allah."
Ayub,35,"Konteks pasal ini terdapat dalam Kitab Job, di mana Elihu berbicara untuk merespons teman Job yang menganggapnya berdosa karena kesulitan hidupnya. Tema utamanya adalah bahwa keadilan Allah tidak tergantung pada kebenaran manusia, melainkan berada di luar pemahaman manusia, sehingga orang yang berdosa tidak akan selalu mengalami konsekuensi yang sebanding dengan dosanya. Elihu juga menekankan bahwa orang yang benar berada dalam kesulitan yang tidak terduga, sementara keadilan Allah tetap berlaku meskipun manusia tidak bisa memahaminya."
Ayub,36,"Konteks pasal ini adalah respons Elihu dalam Kitab Job yang menjelaskan kekuasaan dan keadilan Allah yang tidak terbatas, di mana Ia melindungi orang benar dan menghukum orang fasik. Tema utamanya adalah pentingnya mendengarkan ajaran Allah untuk menghindari kehancuran, sebaliknya, ketidakmendengaran akan mengakibatkan kebinasaan."
Ayub,37,"Tema utama pasal ini adalah kekuasaan dan keagungan Allah yang melampaui pemahaman manusia, ditunjukkan melalui kejadian alam seperti petir, hujan, dan es. Konteksnya adalah Allah berbicara kepada Ayub setelah Ayub mengalami kesulitan hidup untuk menegaskan kekuatan dan keadilan-Nya yang tak terbatas dalam menciptakan alam semesta."
Ayub,38,"Konteks pasal ini terdapat dalam Bab 38-41 Kitab Ayub, di mana Tuhan berbicara kepada Ayub untuk menguji kepercayaan dan kebijaksanaan manusia dalam menghadapi kekuasaan-Nya yang tak terbatas. Tema utamanya menekankan kebesaran Tuhan dalam menciptakan alam semesta dan ketidakmampuan manusia untuk memahami kejadian alam yang kompleks, sehingga mengingatkan bahwa setiap kesulitan hidup harus diterima dalam kerangka kehendak Tuhan yang lebih besar."
Ayub,39,"Tema utama pasal Alkitab ini adalah kekuasaan Tuhan atas ciptaan dan batasan kebijaksanaan manusia dalam memahami alam. Konteksnya terdapat dalam Kitab Job 39, di mana Allah menjelaskan kekuatan hewan-hewan untuk menunjukkan bahwa manusia tidak memiliki kemampuan atau kebijaksanaan yang cukup untuk menguasai alam seperti yang dilakukan hewan-hewan tersebut."
Ayub,40,"Tema utama pasal ini adalah respons Tuhan yang menegaskan kekuasaan dan kehendak-Nya yang tak terbatas, serta menunjukkan bahwa manusia tidak mampu memahami kejadian alam semesta. Konteksnya terjadi setelah Ayub mengkritik keadilan Tuhan dan berusaha menjelaskan kesulitan hidupnya, sehingga Tuhan mengajaknya mengakui kebesaran-Nya melalui karya kreatif dan kekuatan alam."
Ayub,41,"Tema utama pasal ini adalah gambaran kekuatan Leviathan yang tak terkendali manusia, menunjukkan bahwa manusia tidak mampu menguasai atau menghancurkan makhluk yang berdaya besar. Konteksnya terjadi sebagai respons Allah kepada seseorang yang mengalami penderitaan, mengingatkan bahwa kekuatan Allah melebihi segala upaya manusia dalam mengatasi kesulitan hidup."
Ayub,42,"Tema utama pasal ini adalah kepercayaan Ayub terhadap kekuasaan Tuhan meskipun mengalami ujian berat, serta pentingnya kejujuran dalam berbicara tentang Tuhan. Konteksnya terjadi setelah Ayub mengakui kesalahan dan Tuhan memperbaiki keadaan teman-temannya yang tidak berbicara benar, sehingga memulihkan kekayaan dan keluarga Ayub sebagai bentuk kasih dan keadilan-Nya."
Bilangan,1,"Tema utama pasal ini adalah pencacahan jumlah laki-laki Israel berusia di atas dua puluh tahun yang sanggup berperang sesuai susunan suku-suku untuk persiapan perjalanan ke Tanah Promis, dengan pengecualian suku Lewi yang bertugas mengelola Kemah Suci. Konteksnya terjadi di padang gurun Sinai pada bulan kedua tahun kedua setelah keluar dari Mesir, sebagai langkah organisasi militer dan kamp sesuai perintah TUHAN kepada Musa."
Bilangan,2,"Tema utama pasal ini adalah penyusunan kamp dan urutan pasukan Israel sesuai perintah Tuhan untuk berangkat ke padang gurun, dengan pencatatan jumlah dan pemimpin masing-masing suku. Konteksnya adalah persiapan Israel untuk perjalanan di padang gurun setelah keluar Mesir, di mana setiap suku berkemah berdasarkan panji dan berangkat dalam urutan yang ditentukan dengan total 635.500 orang yang tercatat, sedangkan orang Lewi tidak termasuk dalam pencatatan ini sesuai perintah Tuhan."
Bilangan,3,"Tema utama pasal ini adalah penentuan peran orang Lewi sebagai imam dan penjaga Kemah Suci setelah kematian Nadab dan Abihu, serta pembagian mereka menjadi tiga puak dengan tugas khusus. Konteksnya adalah perintah TUHAN untuk menggantikan semua anak sulung Israel dengan orang Lewi sebagai kepunyaan-Nya, dengan pembayaran perak untuk kelebihan anak sulung yang tidak tergantikan."
Bilangan,4,"Tema utama pasal ini adalah pengorganisasian tiga kelompok bani Lewi (Kehat, Gerson, dan Merari) berdasarkan usia 30-50 tahun untuk menjalankan pekerjaan jabatan di Kemah Pertemuan, dengan ketentuan bahwa orang Kehat tidak boleh menyentuh barang kudus untuk menghindari kematian. Konteksnya adalah perintah Tuhan melalui Musa dan Harun untuk menghitung jumlah dan menentukan tanggung jawab masing-masing kelompok dalam pengoperasian Kemah Pertemuan selama perjalanan Israel ke Tanah Suci."
Bilangan,5,"Tema utama pasal ini adalah hukum ritual kebersihan (seperti kasus kusta dan najis), prosedur tebusan dosa antarmanusia, serta aturan khusus untuk kasus cemburuan dalam masyarakat Israel. Konteksnya adalah perintah TUHAN kepada Musa untuk memastikan kebersihan komunitas dan penanganan impuritas melalui prosedur hukum yang melibatkan imam dalam kasus perempuan yang dianggap tidak setia."
Bilangan,6,"Tema utama pasal ini adalah aturan hukum bagi orang nazir yang mengkhususkan diri kepada TUHAN, meliputi larangan konsumsi anggur, ketentuan rambut, serta ritual pemurnian dan korban jika terkena mayat. Konteksnya adalah bagian dari hukum Mosaic yang diberikan kepada orang Israel untuk menjaga kekudusan dan hubungan spiritual dengan TUHAN melalui komitmen yang ketat dalam kehidupan sehari-hari."
Bilangan,7,Selesai
Bilangan,8,"Tema utama pasal ini adalah konsekrasi orang Lewi melalui ritual mentahiran dan korban untuk menjalankan jabatan imam di Kemah Pertemuan, menggantikan anak sulung yang telah diharamkan oleh TUHAN. Konteksnya terjadi setelah keluar Mesir, sebagai bagian dari pembentukan struktur kekudusan dalam umat Israel untuk mengelola pekerjaan ibadah di tempat kudus."
Bilangan,9,"Tema utama pasal ini adalah ketetapan Tuhan tentang merayakan Paskah dengan ketetapan spesifik, termasuk aturan bagi yang najis atau berperjalanan, serta penggunaan awan sebagai tanda yang mengarahkan pergerakan dan tempat berkemah orang Israel di padang gurun Sinai. Konteksnya terjadi setelah keluar dari Mesir, di mana awan yang berubah menjadi petunjuk Tuhan menentukan kapan orang Israel berangkat atau berkemah sesuai perintah-Nya."
Bilangan,10,"Tema utama pasal ini adalah penggunaan nafiri sebagai sistem komunikasi untuk mengumpulkan umat Israel dan mengarahkan pasukan dalam perjalanan keluar dari padang gurun Sinai. Konteksnya adalah persiapan umat Israel untuk berangkat ke tanah janji setelah menerima hukum Allah di Gunung Sinai, dengan awan Tuhan yang berfungsi sebagai penunjuk jalan dan pengingat kehadiran Allah selama perjalanan."
Bilangan,11,Konteksnya adalah periode pasca keluar bangsa Israel dari Mesir ketika mereka mengalami kekurangan makanan dan mulai mengeluh kepada Musa. Tema utamanya adalah konsekuensi ketidakpercayaan dan keinginan rakus terhadap makanan yang menyebabkan TUHAN memukul mereka dengan hukuman karena tidak mempercayai janji-Nya untuk memberikan kebutuhan hidup.
Bilangan,12,"Tema utama pasal ini adalah konsekuensi dari kebodohan dan keraguan Harun dan Miryam terhadap kekuasaan Musa, yang berakibat pada hukuman kusta terhadap Miryam. Konteksnya terjadi ketika mereka mengkritik Musa atas perempuan Kush yang diambilnya, sehingga Tuhan menghukum Miryam dengan dikucilkan selama tujuh hari sebagai bentuk penegakan keadilan dan pengingat akan ketaatan terhadap kehendak-Nya."
Bilangan,13,"Tema utama pasal ini adalah misi 12 orang pengintaian yang dipilih dari masing-masing suku untuk mengevaluasi tanah Kanaan yang akan diberikan kepada orang Israel. Konteksnya meliputi laporan mereka yang menggambarkan tanah yang kaya hasil tetapi dihuni bangsa kuat dengan kota berkubu dan keturunan raksasa, yang memicu kekhawatiran umat Israel dan perbedaan pendapat antara Kaleb (optimis) dan rekan-rekannya (khawatir)."
Bilangan,14,"Tema utama pasal ini adalah konsekuensi ketidakpercayaan umat Israel terhadap janji Tuhan yang menyebabkan mereka diberi hukuman berada di padang gurun selama 40 tahun, kecuali Yosua dan Kaleb yang tetap percaya. Konteksnya terjadi setelah umat Israel menolak nasihat pemimpin yang mengintai negeri dan berjanji kembali ke Mesir karena takut pada musuh, sehingga Tuhan menghukum mereka dengan kematian di padang gurun."
Bilangan,15,"Tema utama pasal ini adalah ketentuan spesifik tentang persembahan korban api bagi TUHAN dengan ukuran tepung, minyak, dan anggur yang berbeda untuk lembu, domba, dan kambing, yang berlaku sama bagi orang Israel dan orang asing. Konteksnya adalah ketika orang Israel memasuki negeri yang diberikan TUHAN, dengan penekanan pada konsekuensi hukuman bagi kesalahan tidak disengaja (harus korban penghapus dosa) dan sengaja (dilenyapkan dari bangsa)."
Bilangan,16,"Tema utama pasal ini adalah konsekuensi pemberontakan Korah yang berusaha mengambil alih jabatan imam, yang mengakibatkan hukuman Tuhan dan pembuatan peringatan bagi umat Israel untuk tidak mengulangi kesalahan tersebut. Konteksnya terjadi di padang gurun setelah keluar dari Mesir, ketika umat Israel berusaha menguasai kekuasaan imam yang hanya berhak dimiliki oleh keturunan Harun sesuai kehendak Tuhan."
Bilangan,17,"Tema utama pasal ini adalah kekuatan Tuhan yang menunjukkan pilihanNya terhadap Harun dari suku Lewi melalui tanda ajaib berupa tongkat yang bertunas, mengembangkan bunga, dan berbuah. Konteksnya adalah respons orang Israel yang takut setelah melihat tanda ini, yang menyebabkan mereka berpikir akan mati jika mendekati Kemah Suci Tuhan."
Bilangan,18,"Tema utama pasal ini adalah pembagian tanggung jawab suci dan persembahan kudus antara imam Harun dan suku Lewi, dengan ketentuan bahwa hanya imam yang boleh mengelola tempat kudus dan mezbah, sedangkan suku Lewi bertanggung jawab atas pekerjaan kemah pertemuan. Konteksnya adalah pengaturan hukum ketat untuk mencegah dosa dan kematian akibat pelanggaran aturan, melalui alokasi persembahan khusus yang hanya boleh dimakan oleh imam dan keluarganya, serta ketentuan bahwa suku Lewi harus mempersembahkan sebagian persembahan persepuluhan kepada imam sebagai upah pekerjaan."
Bilangan,19,"Tema utama pasal ini adalah ketetapan ritual penghapusan najis akibat kontak dengan mayat melalui abu lembu merah yang dibakar habis dan dijadikan air pentahiran. Konteksnya menyangkut prosedur penyucian selama tujuh hari, di mana orang yang tidak terpurifikasi hingga hari ketujuh akan dihapuskan dari komunitas Israel karena menajiskan tempat kudus TUHAN, sehingga menjaga kebersihan ritual dalam kemah."
Bilangan,20,"Tema utama pasal ini adalah ketidakpercayaan umat Israel terhadap Tuhan saat menghadapi krisis air di Kadesh (Mata Air Meriba), yang berakibat pada penolakan Tuhan memasuki negeri yang telah ditentukan dan kematian Harun sebagai hukuman atas ketidakpatuhan mereka. Konteksnya adalah perjalanan umat Israel di padang gurun setelah keluar Mesir, di mana mereka mengalami ujian iman melalui keluhan dan keraguan terhadap kehendak Tuhan, sehingga Tuhan memberikan konsekuensi berat bagi mereka yang tidak percaya."
Bilangan,21,"Tema utama pasal ini adalah kemenangan orang Israel atas raja-raja Canaan seperti Sihon dan Og melalui kekuatan TUHAN, yang terjadi selama perjalanan mereka ke tanah yang dijanjikan setelah keluar Mesir. Konteksnya mencakup tantangan seperti kegagalan memperoleh air dan makanan yang diatasi dengan kejadian ular tembaga, serta upaya menghancurkan kota-kota Amori sesuai janji yang telah diberikan kepada TUHAN."
Bilangan,22,"Tema utama pasal ini adalah kekuasaan Allah yang menolak Bileam untuk mengutuk bangsa Israel, sehingga Israel tetap diberkati meskipun raja Moab berupaya keras melalui Balak. Konteksnya terjadi ketika orang Israel berkemah di dataran Moab dekat Yordan, dan Balak mengutus Bileam untuk mengutuk mereka, tetapi TUHAN menghentikan rencana tersebut dengan menunjukkan bahwa Israel telah diberkati oleh Allah."
Bilangan,23,"Tema utama pasal ini adalah kehendak Allah yang mengatasi rencana manusia untuk merusak, seperti ketika Balak meminta Bileam kutuk bangsa Israel tetapi Allah memerintahkan Bileam untuk memberkati mereka. Konteksnya adalah upaya Balak, raja Moab, untuk menghancurkan Israel melalui nabi Bileam, namun Allah menunjukkan kekuatan dan kehendak-Nya yang menguatkan keberadaan bangsa Israel melalui perutusan Bileam."
Bilangan,24,"Tema utama pasal ini adalah bahwa Bileam, meskipun diperintahkan Balak untuk mengutuk Israel, tetap mengikuti perintah Tuhan dan memberikan nubuat berkat yang menggambarkan kekuatan dan kejayaan Israel di masa depan. Konteksnya terjadi dalam upaya Balak menghancurkan Israel melalui Bileam, namun Tuhan mengarahkan Bileam untuk melihat visi kejayaan Israel yang akan mengatasi musuhnya melalui kekuatan yang diberikan Tuhan."
Bilangan,25,"Tema utama pasal ini adalah konsekuensi dosa perzinaan dan penyembahan berhala yang menimpa Israel akibat hubungan dengan perempuan Moab, yang dihentikan oleh tindakan Pinehas dalam membunuh pasangan yang melanggar perjanjian Tuhan. Konteksnya terjadi ketika Israel terkena murka Tuhan karena berhubungan dengan perempuan Moab dan Midian, sehingga Pinehas diberikan perjanjian keselamatan untuk keturunannya sebagai penghargaan atas kegagalan murka Tuhan."
Bilangan,26,"Tema utama pasal ini adalah pencatatan jumlah umat Israel berdasarkan suku untuk pembagian tanah di Tanah Kanaan sesuai dengan jumlah penduduk yang telah ditentukan, dengan konteks penekanan pada konsekuensi kegagalan Korah dan persiapan masuk ke kawasan Kanaan setelah keluar Mesir. Pencatatan ini dilakukan oleh Musa dan Eleazar di dataran Moab dekat sungai Yordan, menunjukkan perencanaan pembagian tanah yang berimbang serta catatan sejarah tentang kegagalan generasi sebelumnya yang hanya ditinggalkan Kaleb dan Yosua."
Bilangan,27,"Tema utama pasal ini adalah penentuan hukum pewarisan milik pusaka bagi orang Israel ketika tidak ada anak laki-laki, yang ditegaskan melalui permohonan anak perempuan Zelafehad. Konteksnya terjadi pada masa transisi kepemimpinan setelah Musa diperintahkan Tuhan untuk melihat negeri yang diberikan kepada orang Israel, sebelum ia meninggal seperti Harun, dan menunjuk Yosua sebagai pemimpin baru untuk mengelola umat Israel."
Bilangan,28,"Tema utama pasal ini adalah sistem persembahan yang terstruktur dan teratur yang diperintahkan Tuhan kepada orang Israel untuk mempertahankan keterkaitan kovenan melalui korban harian, mingguan, dan bulanan dengan ketentuan spesifik mengenai jenis hewan, jumlah, dan prosedur persembahan yang bertujuan menjadi bau yang menyenangkan bagi Tuhan. Konteksnya adalah penentuan aturan persembahan setelah perjanjian di Gunung Sinai, yang menekankan ketaatan dan kebersihan dalam melaksanakan ritual untuk memenuhi janji kovenan dengan Tuhan."
Bilangan,29,"Tema utama pasal ini adalah perintah Tuhan untuk melaksanakan festival kudus pada bulan ketujuh dengan korban bakaran dan korban penghapus dosa yang spesifik, bertujuan mencapai kemenyelamatan dan memperkuat hubungan dengan Allah. Konteksnya adalah sistem hukum Mosaic yang menetapkan ritual ibadah untuk memperjelas keterkaitan antara orang Israel dengan Tuhan melalui penghapusan dosa dan keteraturan dalam kehidupan beragama, dengan fokus pada istirahat dan puasa sebagai bagian dari perayaan tersebut."
Bilangan,30,"Tema utama pasal ini adalah ketentuan hukum Alkitab mengenai keberlakuan nazar dan janji perempuan yang ditentukan oleh ayah atau suami, dengan syarat nazar tetap berlaku jika tidak dibatalkan oleh pihak tersebut. Konteksnya adalah aturan Mosaic yang menjelaskan tanggung jawab keluarga dalam memastikan keadilan dan kepatuhan terhadap perjanjian dengan Tuhan melalui keputusan ayah atau suami terhadap nazar perempuan."
Bilangan,31,"Tema utama pasal ini adalah perintah TUHAN untuk menghancurkan orang Midian sebagai pembalasan atas dosa Peor yang terjadi akibat keterlibatan perempuan Midian dengan umat Israel, serta proses penyucian pasukan dan pembagian rampasan sesuai ketetapan hukum Tuhan. Konteksnya meliputi kemenangan Israel atas Midian, penindasan terhadap perempuan yang terlibat dalam dosa, dan distribusi rampasan yang diatur secara ketat untuk persembahan khusus serta kebutuhan umat."
Bilangan,32,"Tema utama pasal ini adalah permintaan bani Gad dan bani Ruben untuk mendapatkan tanah Transjordan sebagai wilayah ternak dengan syarat mereka berperang di hadapan TUHAN untuk menguasai negeri Kanaan. Konteksnya meliputi peringatan Musa tentang kegagalan generasi sebelumnya yang tidak percaya pada janji TUHAN, sehingga TUHAN menghukum mereka mengembara di padang gurun selama 40 tahun, dan bani Gad serta bani Ruben diberikan wilayah Gilead dan daerah di seberang sungai Yordan sebagai imbalan atas komitmen mereka untuk berperang."
Bilangan,33,"Tema utama pasal ini adalah catatan perjalanan orang Israel dari Mesir ke tepi sungai Yordan melalui 38 tempat persinggahan, yang menjadi persiapan untuk memasuki tanah Kanaan. Konteksnya meliputi perintah TUHAN melalui Musa untuk menghalau penduduk Kanaan, memusnahkan patung-patung mereka, dan membagi tanah sebagai milik pusaka, sekaligus peringatan akan konsekuensi jika mereka tidak mengeksekusi perintah tersebut."
Bilangan,34,"Tema utama pasal ini adalah penentuan batas-batas negeri Kanaan yang diberikan kepada orang Israel sebagai milik pusaka sesuai perintah TUHAN, dengan penegasan bahwa dua setengah suku (Ruben, Gad, dan setengah Manasye) telah menerima wilayah di seberang sungai Yordan. Suku-suku yang tersisa (sembilan setengah suku) akan membagi tanah Kanaan di sebelah barat Yordan melalui pemimpin yang ditunjuk, termasuk Yosua dan imam Eleazar sebagai penentu distribusi."
Bilangan,35,"Tema utama pasal ini adalah pembentukan sistem kota-kota perlindungan bagi pembunuhan tidak sengaja dan alokasi tanah penggembalaan bagi orang Lewi, dengan tujuan menghindari pembalasan darah melalui proses hukum yang melibatkan rapat umat dan imam besar. Konteksnya terjadi ketika orang Israel menyeberangi sungai Yordan ke tanah Kanaan, sebagai bagian dari perjanjian hukum yang menjamin keadilan dalam kasus pembunuhan."
Bilangan,36,"Tema utama pasal ini adalah penjelasan hukum pewarisan milik pusaka bagi perempuan dalam suku orang Israel, khususnya anak-anak perempuan Zelafehad yang harus menikah dalam kelompok suku ayahnya agar milik pusaka tetap berada di dalam suku nenek moyangnya. Konteksnya adalah perintah Tuhan melalui Musa untuk mencegah perpindahan milik pusaka dari suku ke suku lain, sehingga setiap suku tetap memegang milik pusakanya sendiri."
Daniel,1,"Tema utama pasal ini adalah kekuatan Tuhan yang memungkinkan Daniel dan tiga temannya menjadi penguasa dalam istana raja Babel meskipun menghadapi tantangan budaya dan kebiasaan makan. Konteksnya terjadi ketika Nebukadnezar mengusir raja Yehuda dari Yerusalem dan memilih empat orang muda Israel yang berbakat untuk dibentuk dalam kebijaksanaan dan bahasa kerajaan, dengan hasil mereka melebihi semua penguasa di kerajaan setelah mengalami uji coba selama sepuluh hari."
Daniel,2,"Tema utama pasal ini adalah kekuasaan Allah yang mengatasi segala kerajaan manusia dan kejayaan kerajaan-Nya yang abadi. Konteksnya adalah mimpi Nebuchadnezzar yang diinterpretasi Daniel menunjukkan perjalanan kerajaan dari emas hingga kekuatan abadi yang tidak akan binasa sampai selamanya, menggambarkan kehendak Allah yang mengatasi kekuasaan duniawi."
Daniel,3,"Tema utama pasal ini adalah ujian iman dan keberanian untuk tetap berpegang pada kepercayaan kepada Allah meskipun menghadapi tekanan raja yang memaksa beribadah kepada patung emas. Konteksnya terjadi di Babel ketika raja Nebukadnezar memerintahkan semua bangsa untuk sujud menyembah patung emas yang dibuatnya, namun tiga orang Yahudi (Sadrakh, Mesakh, dan Abednego) tidak mematuhi dan ditempatkan dalam api yang menyala-nyala tetapi keluar tanpa luka, sehingga raja Nebukadnezar mengakui kekuatan Allah dan memberikan kehormatan kepada mereka."
Daniel,4,"Tema utama pasal ini adalah kekuasaan Allah yang abadi atas kerajaan manusia dan kehendak-Nya yang mengatur kekuasaan raja, seperti yang dinyatakan dalam pengalaman Nebukadnezar yang dihancurkan selama tujuh tahun lalu dikembalikan ke kerajaannya setelah mengakui kekuasaan Tuhan. Konteksnya adalah mimpi yang diterjemahkan Daniel yang menggambarkan kerajaan Nebukadnezar yang akan dihancurkan dan kemudian dikembalikan kekuasaannya setelah ia mengakui kekuasaan Allah."
Daniel,5,"Tema utama pasal ini adalah penghakiman Allah terhadap kebanggaan dan dosa manusia, seperti yang dialami Raja Belsyazar yang menggunakan perkakas dari Bait Suci di Yerusalem dan memuja dewa-benda yang tidak ada, sehingga ia dihancurkan oleh kekuatan Tuhan. Konteksnya terjadi di Babel pada masa pemerintahan Belsyazar yang mengabaikan kekuasaan Allah, yang diperjelas melalui interpretasi Daniel tentang tulisan di dinding yang menunjukkan akhir pemerintahan dan kekuasaan yang diberikan kepada Media dan Persia."
Daniel,6,"Tema utama pasal ini adalah kepercayaan Daniel terhadap Allah yang tidak tergoyahkan meskipun dihadapkan pada tekanan hukum raja Darius. Konteksnya terjadi di kerajaan Persia pada masa pemerintahan Darius, di mana raja membuat larangan baru untuk mencegah orang beribadah kepada dewa atau manusia selain dirinya, namun Daniel tetap berdoa kepada Allahnya sehingga ia selamat dari gua singa dan raja Darius mengakui kekuasaan Allah yang abadi."
Daniel,7,"Konteksnya adalah mimpi Daniel pada tahun pertama pemerintahan Raja Babel Belsyazar yang menggambarkan empat kerajaan besar yang muncul dari laut, dengan kerajaan keempat sebagai kekuatan terbesar yang akan dihancurkan. Tema utamanya adalah kemenangan Allah melalui umat-Nya (orang kudus) yang akan memegang pemerintahan kekal setelah kekuatan duniawi dihancurkan, menunjukkan bahwa kerajaan Allah akan menggantikan semua kekuatan duniawi dan berlangsung selamanya."
Daniel,8,"Tema utama pasal ini adalah nubuatan tentang akhir zaman yang menggambarkan kejadian raja kuat (tanduk kecil) yang akan menghancurkan tempat suci dan kekuasaan langit, tetapi akan dihancurkan oleh Allah tanpa campur tangan manusia setelah 2300 hari. Konteksnya adalah penglihatan Daniel selama pemerintahan raja Belsyazar yang diterjemahkan malaikat Gabriel sebagai peringatan tentang masa depan yang masih jauh dan harus disimpan secara rahasia."
Daniel,9,"Konteksnya adalah Daniel berdoa di bawah pemerintahan Raja Darius (keturunan Media) untuk memohon pengampunan Tuhan atas dosa bangsa Israel yang telah berlaku fasik dan memberontak. Tema utamanya adalah penjelasan periode 490 tahun (tujuh puluh kali tujuh masa) yang ditentukan untuk menghapus dosa, memulihkan Yerusalem, dan mengarahkan ke kedatangan raja yang diurapi dalam konteks pemulihan dan akhir zaman."
Daniel,10,"Tema utama pasal ini adalah penglihatan Daniel yang mengungkap peristiwa masa depan terkait kekuasaan Persia dan Yunani, serta peran Mikhael sebagai pelindung dalam menghadapi ujian politik dan spiritual. Konteksnya adalah Daniel yang berdoa selama tiga minggu dan menerima pesan dari malaikat yang menjamin kekuatan dan kejelasan dalam menghadapi peristiwa yang akan terjadi di masa depan."
Daniel,11,"Konteks pasal ini adalah nubuatan Daniel tentang konflik politik di akhir zaman yang melibatkan dua kerajaan (utara dan selatan), keruntuhan kekuasaan, serta penyerangan terhadap tempat suci oleh raja yang melawan Allah. Tema utamanya adalah krisis kekuasaan yang mengakibatkan kerajaan jatuh dan raja tersebut dihancurkan oleh kehendak Tuhan sebagai tanda awal akhir zaman."
Daniel,12,"Konteks pasal ini berasal dari nubuat Daniel yang menggambarkan masa akhir dengan periode kesesakan selama 1290 hari dan keberhasilan orang bijaksana dalam menantikan 1335 hari hingga akhir zaman. Tema utamanya adalah perbedaan nasib antara yang diselamatkan (berdasarkan catatan dalam Kitab Suci) dan yang terlupakan, serta pentingnya menjaga rahasia nubuat hingga akhir untuk memastikan pemahaman yang benar oleh orang-orang bijaksana."
Efesus,1,"Tema utama surat Efesus ini adalah pilihan Allah sebelum dunia dijadikan untuk menyelamatkan orang percaya menjadi anak-anak-Nya yang kudus melalui Yesus Kristus, serta persatuan jemaat dalam Kristus sebagai kepala segala sesuatu. Konteksnya adalah Paulus mengingatkan orang-orang percaya di Efesus bahwa melalui penebusan Yesus dan Roh Kudus yang menjadi jaminan, mereka akan menerima kekayaan kemuliaan yang tak terbatas di dalam kehidupan abadi."
Efesus,2,"Tema utama pasal ini adalah transformasi dari keadaan mati karena dosa menjadi hidup melalui kasih karunia Allah dalam Kristus Yesus, yang menghubungkan semua orang menjadi satu tubuh dalam damai sejahtera. Konteksnya menunjukkan bahwa sebelumnya manusia terpisah dari Allah dan berada dalam keadaan keterasingan, tetapi melalui kematian dan kebangkitan Kristus, mereka diperdamaikan dan menjadi anggota keluarga Allah yang baru."
Efesus,3,"Tema utama pasal ini adalah pengungkapan rahasia Kristus yang sebelumnya tersembunyi—bahwa orang bukan Yahudi menjadi ahli waris dan anggota tubuh dalam janji Allah melalui Kristus Yesus. Konteksnya menunjukkan bahwa Paulus, yang dipenjarakan karena misi ini, berupaya menyampaikan kasih karunia kepada umat non-Yahudi sekaligus berdoa agar jemaat memahami kedalaman kasih Allah yang melampaui segala pengetahuan manusia dan dipenuhi oleh kekayaan Allah dalam Kristus Yesus."
Efesus,4,"Tema utama pasal ini adalah kesatuan gereja sebagai satu tubuh dalam Kristus dengan setiap anggota memiliki kasih karunia yang berbeda untuk membangun tubuh Kristus. Konteksnya menekankan peran Kristus dalam menghubungkan semua orang dalam satu iman dan kesatuan, serta ajakan untuk hidup dalam kasih, kesabaran, dan menghindari kejahatan demi mencapai kematangan rohani yang sesuai dengan kehendak Allah."
Efesus,5,"Tema utama pasal ini adalah mengajak umat Kristus hidup sebagai anak-anak terang dengan berbuat baik, berkasih, dan menghindari kekacauan, sekaligus menekankan hubungan saling menghormati dan kasih dalam ikatan suami-isteri yang mencerminkan hubungan Kristus dengan jemaat. Konteksnya adalah membangun kehidupan beragama yang sehat di dalam komunitas Kristiani dengan berpegang pada kasih dan kebenaran Allah."
Efesus,6,"Tema utama pasal ini adalah kepatuhan dalam kehidupan keluarga dan sosial, serta persiapan rohani melalui perlengkapan Allah untuk melawan kekuatan jahat. Konteksnya terdapat dalam surat Titus yang memandu umat Kristiani dalam menjalani kehidupan berkeluarga, beretika, dan berperang spiritual dengan kekuatan iman yang tulus."
Ester,1,"Tema utama pasal ini adalah penyelesaian konflik kepatuhan akibat penolakan ratu Wasti untuk menghadap raja Ahasyweros, yang memicu raja memutuskan perintah mengharuskan laki-laki menjadi kepala rumah tangga dan berbicara dalam bahasa bangsanya. Konteksnya terjadi dalam kerajaan Persia pada masa pemerintahan raja Ahasyweros (Xerxes I), yang menunjukkan respons kerajaan terhadap tantangan kepatuhan dalam struktur sosial."
Ester,2,"Konteksnya adalah masa pemerintahan Raja Ahasweros di kerajaan Persia, di mana Ester, seorang perempuan Yahudi yang dipilih menjadi ratu, berperan krusial dalam menyelamatkan raja dari upaya pembunuhan oleh dua pejabat yang berencana menggantungkan diri. Tema utamanya adalah keberanian dan kebijaksanaan Ester dalam menghadapi krisis politik untuk melindungi umat Yahudi dari ancaman kekerasan."
Ester,3,"Tema utama pasal ini adalah rencana Haman untuk membunuh seluruh orang Yahudi di kerajaan Ahasyweros akibat Mordekhai tidak berlutut dan sujud kepadanya. Konteksnya terjadi pada masa kerajaan Persia di bawah raja Ahasyweros, di mana Haman, seorang pembesar Agag, mendapat kekuasaan setelah Mordekhai menolak perintah raja, sehingga raja memerintahkan pembunuhan semua orang Yahudi pada hari ke-13 bulan Adar sebagai dasar perayaan Purim."
Ester,4,"Tema utama pasal ini adalah keberanian Ester untuk menyelamatkan orang Yahudi dari rencana pembunuhan Haman dengan berani menghadapi bahaya mati, yang diungkapkan oleh Mordekhai. Konteksnya terjadi di kerajaan Persia pada masa raja Ahasuerus, di mana Haman berencana membunuh seluruh orang Yahudi dengan mengeluarkan dana besar, sehingga Ester memutuskan berpuasa selama tiga hari dan berdoa untuk menghadap raja meskipun berisiko menghadapi hukuman mati."
Ester,5,"Tema utama pasal ini adalah strategi Esther untuk menyelamatkan umat Yahudi dari ancaman Haman melalui kecerdasan politik dan penggunaan kekuasaan raja. Konteksnya terjadi di istana kerajaan Persia pada masa raja Ahasuerus, di mana Haman marah karena Mordekhai tidak menghormatinya dan berencana menggantungnya, yang menjadi awal dari jebakan yang akhirnya menghancurkan diri Haman."
Ester,6,"Tema utama pasal ini adalah kejatuhan Haman akibat keangkuhan dan kegagalan rencana pembunuhan terhadap Mordekhai, yang berakibat pada kehormatan yang diberikan raja kepada orang Yahudi. Konteksnya terjadi dalam Kitab Esther di mana Haman, setelah gagal merencanakan pembunuhan, malah dihadirkan ke perjamuan Ester sebagai hasil kegagalan rencananya."
Ester,7,"Tema utama pasal ini adalah keberanian Ester dalam melindungi bangsanya dari ancaman Haman yang ingin membunuh mereka, yang berakibat pada jatuhnya Haman karena keangkuhan dan kebodohan. Konteksnya terjadi di kerajaan Persia pada masa raja Ahasuerus, di mana Ester sebagai ratu Yahudi berhasil menyelamatkan bangsanya dengan memanfaatkan kekuasaannya dan keberanian untuk menghadapi ancaman yang merusak kehidupan bangsanya."
Ester,8,"Tema utama pasal ini adalah kemenangan orang Yahudi atas rencana pembunuhan Haman melalui keberanian Ester yang berhasil menghentikan rencana tersebut dengan memohon keputusan raja Ahasyweros. Konteksnya terjadi di kerajaan Persia pada masa raja Ahasyweros, di mana Ester sebagai ratu berani memohon karunia raja untuk melindungi komunitas Yahudi dari pembunuhan yang ditujukan oleh Haman, seteru orang Yahudi."
Ester,9,"Tema utama pasal ini adalah kemenangan orang Yahudi atas rencana jahat Haman untuk membunuh mereka dan pembentukan hari raya Purim sebagai peringatan kejadian tersebut. Konteksnya terjadi di kerajaan Persia pada masa raja Ahasyweros, di mana orang Yahudi dipimpin oleh Mordekhai dan Ester berhasil mengalahkan musuhnya pada hari ke-13 bulan Adar, sehingga merayakan hari ke-14 dan ke-15 sebagai hari sukacita dan peringatan untuk menghindari ancaman serupa di masa depan."
Ester,10,"Tema utama pasal ini adalah peran Mordecai sebagai pejabat penting di bawah Raja Ahasweros yang dihormati orang Yahudi karena keberaniannya melindungi bangsanya dan berupaya memastikan keamanan melalui kebijakan yang baik. Konteksnya terjadi pada masa pemerintahan kerajaan Persia, di mana Raja Ahasweros mengenakan pajak luas dan Mordecai tercatat dalam sejarah raja-raja Media dan Persia sebagai pejabat yang berpengaruh."
Ezra,1,"Tema utama pasal ini adalah perintah Raja Koresh untuk memungkinkan umat Yehuda kembali ke Yerusalem dan membangun rumah Tuhan sesuai firman Allah, yang terjadi setelah masa keterasingan di Babel. Konteksnya meliputi pengembalian barang-barang suci yang sebelumnya diangkut Nebukadnezar dari Yerusalem serta kontribusi harta benda dari masyarakat sekitar untuk mendukung pembangunan gereja."
Ezra,2,"Tema utama pasal ini adalah kembalinya orang-orang Yehuda dari pembuangan Babel untuk memulai pemulihan sosial, agama, dan fisik di Yerusalem setelah periode pembuangan. Konteksnya meliputi pencatatan rinci jumlah kelompok bangsa Israel, keturunan imam dan orang-orang Lewi, serta tantangan dalam mengidentifikasi kelompok yang layak menjadi imam karena tidak memiliki catatan silsilah yang jelas, sekaligus menunjukkan upaya pembangunan kembali rumah Tuhan melalui sumbangan mereka."
Ezra,3,"Tema utama pasal ini adalah penempatan dasar bait suci Allah dan perayaan korban bakaran sebagai tanda pemulihan ibadah setelah kembali dari penjajahan Babel. Konteksnya terjadi pada masa pasca-ketidakjadian Babel di bawah pemerintahan Koresh raja Persia, ketika orang Israel dipimpin oleh Zerubabel dan Yesua bin Yozadak memulai pembangunan kembali gereja di Yerusalem dengan reaksi umat yang bercampur antara kegirangan dan kegembiraan."
Ezra,4,"Tema utama pasal ini adalah perlawanan politik yang menghambat pembangunan bait suci Yerusalem oleh orang Yehuda setelah kembalinya dari pembuangan, akibat kekhawatiran raja Persia tentang riwayat pemberontakan dan kerugian fiskal. Konteksnya terjadi pada masa pemerintahan Artahsasta (Artaxerxes I), ketika surat dari pihak Persia menyebutkan Yerusalem berulang kali melawan raja, sehingga pekerjaan dibatasi hingga tahun kedua pemerintahan Darius."
Ezra,5,"Tema utama pasal ini adalah pembangunan kembali rumah Allah di Yerusalem yang diizinkan oleh Raja Koresh setelah kejatuhan Babel, dengan peran nabi Hagai dan Zakharia dalam memotivasi orang Yahudi dan pengakuan atas perintah rasmi dari pemerintah Persia. Konteksnya terjadi pada masa pasca-pengungkapan Babel, di mana orang Yahudi diizinkan membangun suci tempat setelah rumah Allah dihancurkan oleh Nebukadnezar dan dikeluarkan perintah oleh Raja Koresh untuk mengembalikan peralatan emas dan perak yang sebelumnya diambil ke Babel."
Ezra,6,"Tema utama pasal ini adalah pembangunan kembali rumah Allah di Yerusalem sesuai perintah Raja Koresh yang ditegakkan oleh Raja Darius dalam konteks kembalinya orang Yahudi dari pembuangan Babel. Pekerjaan ini diselesaikan dengan ketat sesuai ketentuan Tuhan, menghasilkan perayaan pentahbisan dan pemulihan kekudusan ibadah yang memperkuat hubungan orang Yahudi dengan Tuhan."
Ezra,7,"Tema utama pasal ini adalah misi Ezra, seorang imam dan ahli kitab, untuk memulihkan kepatuhan terhadap Taurat Tuhan dan membangun rumah Allah di Yerusalem setelah keterasingan Babel, dengan dukungan perintah raja Persia Artahsasta yang mengizinkan kembalinya orang Israel dan menyediakan sumber daya persembahan. Konteksnya terjadi pada masa pemerintahan raja Persia tersebut, di mana Ezra ditunjuk untuk mengajarkan hukum Allah, memastikan kepatuhan, serta mengumpulkan persembahan sesuai perintah raja untuk memperbaiki bait Allah."
Ezra,8,"Tema utama pasal ini adalah kembalinya orang Israel dari penjajahan Babel di bawah pemerintahan raja Artahsasta, pengorganisasian keluarga berdasarkan silsilah, serta pencarian orang-orang Lewi untuk menyelenggarakan ibadah di Yerusalem. Konteksnya meliputi proses berpuasa, berdoa, dan penimbangan persembahan emas-perak yang dilakukan sebelum memulai pembangunan rumah Allah di Yerusalem."
Ezra,9,"Tema utama pasal ini adalah kesadaran Israel tentang dosa perkawinan dengan bangsa-bangsa kafir (seperti Kanaan, Moab, dan lainnya) yang menyebabkan mereka dikeluarkan dari tanah suci dan mengalami penderitaan, serta permohonan untuk tidak melanggar perintah Tuhan kembali setelah mendapat kasih karunia. Konteksnya terjadi pada masa kembali dari pengasingan Babilonia, di mana komunitas Israel mengakui kesalahan mereka dalam mengadakan perkawinan dengan bangsa-bangsa yang tidak beriman dan berusaha memperbaiki hubungan dengan Tuhan."
Ezra,10,"Tema utama pasal ini adalah upaya pemulihan komunitas orang Israel setelah kembali dari pembuangan Babel dengan penegasan perjanjian untuk menghapus praktik tidak setia terhadap Allah berupa pernikahan dengan perempuan asing. Konteksnya terjadi pada masa awal kembali ke Yerusalem, di mana jemaah berusaha memperbaiki kehidupan beragama melalui pengusiran isteri-isteri asing dan penerapan hukum Taurat."
Filemon,1,"Tema utama surat ini adalah permintaan Paulus kepada Filemon untuk menerima Onesimus sebagai saudara dalam Kristus, bukan sebagai hamba, dengan tujuan memperkuat kasih dan keterikatan dalam komunitas iman. Konteksnya adalah Paulus yang sedang dipenjarakan karena Injil, mengajak Filemon memperbaiki hubungan dengan Onesimus yang dulu tidak berguna tetapi kini menjadi kebaikan bagi mereka berdua melalui kepercayaan dan kasih karunia."
Filipi,1,"Tema utama pasal Filipi ini adalah keberanian gereja Filipi dalam kesatuan iman dan kepercayaan terhadap Kristus meskipun Paulus berada dalam penjara. Konteksnya menunjukkan bahwa penderitaan Paulus untuk menyebarkan Injil justru memperkuat gereja dan mengungkapkan kemuliaan Kristus, sekaligus membedakan antara penderitaan yang bermakna (dengan kasih) dan yang tidak bermakna (dengan dengki)."
Filipi,2,"Tema utama pasal ini adalah kesatuan dalam Kristus, kehendak rendah hati, dan contoh Kristus yang mengosongkan diri untuk menghormati kehendak Allah, yang mendorong umat berjalan dalam kebersamaan dan kasih. Konteksnya adalah surat Paulus kepada jemaat Filipi yang sedang menghadapi perbedaan kepentingan dan kekacauan, sehingga ditekankan untuk tetap berpegang pada kasih dan pelayanan yang saling mendukung sesuai dengan contoh Yesus."
Filipi,3,"Konteks pasal ini adalah pernyataan Paulus tentang perubahan hidupnya dari seorang Farisi yang memegang hukum Taurat menjadi pengikut Kristus yang mengutamakan kepercayaan. Tema utamanya adalah bahwa segala keuntungan dulu dianggap rugi jika dibandingkan dengan kehidupan dalam Kristus, di mana kebenaran dan kekuatan Allah menjadi prioritas lebih utama daripada hukum Taurat dan kehidupan duniawi."
Filipi,4,"Tema utama pasal ini adalah mengajak komunitas Filipi tetap bersatu dalam iman, berbahagia, dan teguh dalam Kristus, dengan konteks Paulus yang berterima kasih atas dukungan mereka dalam menyebarkan Injil serta menjamin kehadiran Allah melalui kebaikan dan damai sejahtera. Pasal ini juga menekankan pentingnya doa, kepercayaan pada Allah, dan keberanian untuk tetap berjalan dalam kehidupan yang penuh kasih."
Galatia,1,"Tema utama pasal ini adalah pertahanan Paulus terhadap kebenaran Injil Kristus yang tidak berasal dari manusia, melainkan dari Yesus Kristus dan Allah Bapa, serta penolakan terhadap pengajaran yang mengajarkan Injil berbeda. Konteksnya adalah perdebatan di Galatia di mana beberapa orang mengajarkan Injil yang berbeda dari Injil Kristus yang benar, sementara Paulus mengungkapkan riwayatnya sebagai penganiaya jemaat Allah yang kemudian diberi panggilan oleh Allah untuk menyebarkan Injil kepada bangsa non-Yahudi."
Galatia,2,"Tema utama pasal ini adalah pertahanan Paulus terhadap klaim saudara-saudara Yahudi yang ingin memaksa orang tak bersunat untuk menyunat diri dan mengikuti hukum Taurat, dengan menegaskan bahwa kebenaran Injil hanya berdasarkan iman dalam Kristus, bukan ketaatan hukum Taurat. Konteksnya adalah konflik di jemaat Kristen awal di Yerusalem setelah Paulus berjalan ke daerah orang tak bersunat, di mana ia menentang keputusan Kefas yang mengundurkan diri dari saudara-saudara tak bersunat setelah makan bersama mereka."
Galatia,3,"Tema utama pasal Galatia ini adalah perbedaan antara keselamatan melalui iman dalam Yesus Kristus dan penerapan hukum Taurat. Konteksnya adalah Paulus menegaskan kepada orang Galatia yang terpengaruh oleh pengikut yang ingin mengajarkan hukum Taurat sebagai syarat keselamatan bahwa keselamatan hanya diperoleh melalui iman, sesuai dengan janji Allah yang diberikan kepada Abraham, dan hukum Taurat berfungsi sebagai penuntun hingga datangnya Kristus."
Galatia,4,"Tema utama pasal ini adalah perbedaan antara keadaan hamba yang terikat hukum Taurat (Hagar) dan kebebasan sebagai anak Allah melalui Kristus (Ishak), yang menunjukkan bahwa orang percaya tidak lagi berada di bawah perhambaan tetapi menjadi ahli waris berdasarkan janji Allah. Konteksnya menggambarkan transisi dari keadaan perhambaan ke kebebasan melalui karya Roh Kudus, dengan analogi Hagar dan Sarah untuk menegaskan bahwa kita bukan anak hamba melainkan anak perempuan merdeka yang diterima oleh Allah."
Galatia,5,"Tema utama pasal ini adalah kemerdekaan yang diberikan oleh Kristus melalui iman dan kasih karunia, bukan dengan mengikuti hukum Taurat atau ritual. Konteksnya adalah Paulus menentang upaya orang-orang yang ingin memaksa hukum Taurat sebagai syarat keselamatan, dengan menekankan bahwa kehidupan yang benar di dalam Kristus harus dijalani melalui Roh Kudus dan menghasilkan buah kasih, bukan keinginan daging."
Galatia,6,"Tema utama pasal ini adalah pentingnya kehidupan rohani yang matang, kerja sama dalam menanggung beban, dan ketergantungan pada Kristus untuk menghindari kebinasaan daging. Konteksnya adalah komunitas Yesus yang menghadapi tekanan praktik ritualistik dari orang yang ingin memaksa mereka memenuhi hukum Taurat secara lahiriah, sehingga ditekankan untuk berfokus pada transformasi dalam Roh dan kehidupan yang berdasarkan kasih Kristus."
Habakuk,1,"Tema utama pasal ini adalah keluhan nabi Habakuk tentang ketidakadilan yang melanda dunia dan kegagalannya mendapatkan jawaban dari TUHAN mengenai penindasan orang benar oleh orang fasik. Konteksnya menunjukkan bahwa TUHAN akan menghancurkan kejahatan melalui kekuatan bangsa yang dahsyat (seperti Chaldean) sebagai alat untuk menegakkan keadilan, meskipun ini mengakibatkan kekerasan ekstrem dan keadilan yang terbalik."
Habakuk,2,"Tema utama pasal ini adalah peringatan TUHAN terhadap kekerasan, kejahatan, dan kekacauan yang akan dihancurkan oleh keadilan-Nya, sekaligus menekankan bahwa kebenaran dan kepercayaan kepada TUHAN adalah jalan hidup yang selamat. Konteksnya menggambarkan konsekuensi bagi yang sombong dan berdosa, sementara keadilan dan ketaatan kepada TUHAN akan menghadirkan kebahagiaan dan keselamatan."
Habakuk,3,"Tema utama dari doa ratapan Nabi Habakuk ini adalah kekhawatiran tentang keadilan Allah dalam situasi keterpurukan dunia, sekaligus kepercayaan pada kekuatan Allah yang akan menghancurkan kejahatan dan menyelamatkan umat-Nya. Konteksnya adalah situasi di mana Habakuk melihat kejahatan yang berlarut-larut dan berharap pada keadilan Allah yang akan menegakkan hukum."
Hagai,1,"Tema utama pasal ini adalah urgensi TUHAN untuk membangun Rumah Tuhan di tengah kegagalan bangsa Yehuda yang terlalu sibuk memperbaiki rumah pribadi dan mengabaikan pembangunan yang menjadi prioritas, yang berakibat pada kekeringan dan ketidakpuasan hidup. Konteksnya terjadi pada masa kembalian orang Yehuda dari keterperangkatan Babilonia, di mana nabi Hagai meminta mereka untuk segera melaksanakan pekerjaan pembangunan demi menghindari azab dan memperoleh kemuliaan Tuhan."
Hagai,2,"Tema utama pasal Haggai 2:1-24 adalah perintah Tuhan untuk membangun Bait Tuhan di Yerusalem meski dalam kondisi rusak dan umat yang masih berada dalam keadaan tidak bersih, dengan janji bahwa Tuhan akan memperkaya kemegahannya hingga melebihi kemegahannya semula dan memberikan damai. Konteksnya adalah masa pasca-penghancuran Bait Tuhan oleh Babel, di mana umat Yehuda sedang berusaha membangun kembali namun menghadapi tantangan spiritual dan material yang membutuhkan kepercayaan kepada Tuhan."
Hakim-Hakim,1,"Setelah Yosua meninggal, TUHAN memilih suku Yehuda untuk memimpin perang melawan orang Kanaan dan berhasil menduduki kota-kota penting seperti Yerusalem, Hebron, serta daerah di Tanah Negeb. Namun, karena kekuatan orang Kanaan yang menggunakan kereta besi dan resistensi mereka di lembah, beberapa suku Israel tidak mampu menghalau seluruh penduduk Kanaan, sehingga sebagian dari mereka tetap menjadi orang rodi di wilayah tersebut hingga masa kini."
Hakim-Hakim,2,"Tema utama pasal ini adalah konsekuensi ketidakpatuhan orang Israel terhadap perjanjian Tuhan setelah kematian Yosua, yang menyebabkan mereka beribadah kepada dewa-dewa lain (seperti Baal) dan menghadapi murka Tuhan melalui penderitaan dan kekuatan musuh. Konteksnya menunjukkan siklus kejahatan dan penyelamatan sementara melalui hakim-hakim, di mana Tuhan membiarkan bangsa-bangsa sekitar tetap berada di wilayah mereka untuk menguji kepatuhan orang Israel seperti nenek moyangnya."
Hakim-Hakim,3,"Tema utama pasal ini adalah siklus kejadian di mana orang Israel melanggar perintah Tuhan dengan beribadah kepada dewa-dewa lain, sehingga mengalami penaklukan oleh negara-negara tetangga seperti Aram dan Moab, lalu diperoleh kembali kebebasan melalui penyelamat Tuhan yang dipilih seperti Otniel, Ehud, dan Samgar. Konteksnya adalah periode penghakiman di mana Tuhan menguji kepatuhan orang Israel dengan mengizinkan penaklukan oleh musuh-musuhnya, menunjukkan bahwa kepercayaan kepada Tuhan dan kepatuhan terhadap perintah-Nya adalah kunci untuk kebebasan dan keselamatan."
Hakim-Hakim,4,"Tema utama pasal ini adalah kemenangan Tuhan atas kekuatan Kanaan melalui perlawanan Israel yang dipimpin oleh Debora dan Barak, dengan peran kritis Yael dalam membunuh Sisera, panglima tentara Yabin. Konteksnya adalah Israel yang teraniaya oleh raja Kanaan Yabin setelah kematian Ehud, sehingga Tuhan menyerahkan mereka ke dalam tangan Yabin, namun melalui perlawanan ini, Israel berhasil mengakhiri kekuasaan Yabin."
Hakim-Hakim,5,"Tema utama pasal ini adalah kemenangan Israel atas pasukan Canaan melalui kekuatan Tuhan yang dinyatakan dalam peran Deborah dan Barak, dengan fokus pada keberanian dan kesatuan bangsa dalam menghadapi musuh. Konteksnya terjadi dalam periode pengadilan (Judges) di Israel, di mana perang melawan Sisera dan kematian Yael yang mengalahkan musuh menjadi simbol keberhasilan kemenangan yang mengakhiri kekacauan selama 40 tahun."
Hakim-Hakim,6,"Konteks utama pasal ini adalah Israel yang teraniaya orang Midian selama tujuh tahun hingga kehabisan hasil bumi dan berlindung di pegunungan. Tuhan memilih Gideon, seorang yang rendah dan tidak berdaya, untuk mengalahkan musuh melalui tanda kekuatan-Nya seperti api dari batu dan uji kering gunting bulu, menunjukkan bahwa Tuhan berkuasa mengangkat orang yang rendah dan menghancurkan kekuatan musuh dengan kekuatan-Nya yang ajaib."
Hakim-Hakim,7,"Tema utama pasal ini menekankan kekuatan Allah dalam memilih kelompok kecil yang percaya untuk menghadapi tantangan besar, seperti dalam perang melawan orang Midian. Konteksnya adalah Gideon yang diuji oleh Allah untuk memilih hanya 300 orang melalui uji minum air, sehingga mereka dapat mengalahkan musuh dengan kekuatan Tuhan, bukan kekuatan manusia."
Hakim-Hakim,8,"Konteks pasal ini berfokus pada kemenangan Gideon melawan pasukan Midian dan respons masyarakat Israel setelahnya. Tema utamanya adalah peringatan bahwa keberhasilan militer tidak cukup untuk menjaga kesetiaan kepada Allah, karena Israel kembali berjalan serong kepada Baal setelah Gideon meninggal, menunjukkan bahwa kepercayaan yang konsisten terhadap Tuhan diperlukan untuk menghindari kejatuhan spiritual."
Hakim-Hakim,9,"Tema utama pasal ini adalah keadilan Allah yang membalas kejahatan Abimelekh dalam pembunuhan 70 saudaranya dan kejahatan kota Sikhem yang berani melawan keturunan Yerubaal. Konteksnya menunjukkan bagaimana kekuasaan yang diperoleh melalui kejahatan akhirnya ditimpakan kembali kepada pelakunya, sebagaimana kutuk Yotam bin Yerubaal yang menghukum mereka berdasarkan kejahatan yang dilakukan."
Hakim-Hakim,10,"Tema utama pasal ini adalah konsekuensi dosa ibadah kepada dewa asing yang menyebabkan penindasan oleh orang Filistin dan bani Amon, serta upaya Israel kembali kepada TUHAN setelah berubah hati. Konteksnya terjadi dalam periode kepemimpinan para hakim Israel setelah Tola dan Yair, di mana orang Israel meninggalkan TUHAN dan beribadah kepada dewa lain, sehingga TUHAN menyerahkan mereka kepada musuh, lalu dengan menghapus ibadah asing mereka bersiap melawan bani Amon kembali."
Hakim-Hakim,11,"Tema utama pasal ini adalah konsekuensi nazar Yefta yang mengakibatkan anak perempuannya harus diserahkan sebagai korban, yang kemudian menjadi adat di Israel. Konteksnya meliputi perang antara orang Israel dan bani Amon serta perdebatan hak tanah yang terjadi sejak zaman kuno."
Hakim-Hakim,12,"Tema utama pasal ini adalah periode kepemimpinan hakim di Israel, khususnya kisah Yefta dalam perang melawan bani Amon yang mengakibatkan kematian 42.000 orang dari suku Efraim, serta transisi kepemimpinan ke para hakim berikutnya seperti Ebzan, Elon, dan Abdon. Konteksnya menggambarkan era sebelum kemerajaan Israel di mana setiap hakim mengurus keadilan dan perang hingga akhirnya mati dan dikuburkan."
Hakim-Hakim,13,"Konteks kejadian ini adalah orang Israel terjebak dalam penjajahan orang Filistin selama 40 tahun, sehingga Tuhan mengirim malaikat untuk memberi janji penyelamatan melalui kelahiran Simson, seorang nazir yang akan menyelamatkan Israel. Tema utamanya adalah perjanjian Tuhan melalui komitmen nazir yang melibatkan ketakwaan dan pengabdian, dengan ketentuan tidak minum anggur dan makan sesuatu yang haram."
Hakim-Hakim,14,"Tema utama pasal ini adalah kekuatan Tuhan yang diberikan kepada Simson untuk melawan orang Filistin, yang terlihat dalam aksi mengalahkan singa dan mendapatkan madu dari kerangka singa. Konteksnya adalah konflik sejarah antara bangsa Israel dan Filistin di mana Simson, sebagai pribadi yang dipilih Tuhan, harus menghadapi tantangan untuk menghancurkan kekuatan musuh dengan kekuatan yang berasal dari Tuhan, meskipun ia tidak berbagi kejadian tersebut dengan keluarganya."
Hakim-Hakim,15,"Konteks pasal ini berada dalam konflik antara orang Israel dan Filistin, di mana Samson mengalami kejadian pahit akibat isterinya diberikan kepada kawan orang Filistin. Dengan kekuatan Tuhan, ia melaksanakan balas dendam dengan menghancurkan pertanian Filistin dan menjadi hakim yang memimpin orang Israel selama dua puluh tahun."
Hakim-Hakim,16,"Tema utama pasal ini adalah kekuatan yang berasal dari TUHAN yang tergantung pada ketaatan Samson sebagai nazir, yang kehilangan kekuatannya setelah rambutnya dipotong oleh Delilah. Konteksnya menunjukkan upaya Delilah untuk mengalahkan Samson melalui tiga kali percobaan mengikatnya, tetapi kegagalan tersebut mengungkapkan bahwa kekuatan Samson hanya bertahan jika ia tetap menjaga janji nazirnya, sehingga akhirnya ia menggunakan kekuatan terakhirnya untuk menghancurkan kota Filistin sebagai bentuk keadilan."
Hakim-Hakim,17,"Tema utama pasal ini adalah penyebaran praktik agama palsu dan ketergantungan pada kekuasaan lokal ketika tidak ada raja di Israel, seperti yang dilakukan Mikha dengan membangun kuil dan menunjuk imamnya sendiri. Konteksnya terjadi di masa tanpa raja di mana masyarakat berbuat sesuai keinginan sendiri, sehingga Mikha memanfaatkan seorang imam Lewi untuk memperkuat kekuasaannya agama dengan janji materi dan kepercayaan."
Hakim-Hakim,18,"Tema utama pasal ini adalah keberhasilan bani Dan dalam menguasai wilayah Lais dan mendirikan pusat kekuasaan serta ibadah mereka sendiri dengan mengambil patung-patung suku Lewi. Konteksnya terjadi pada masa tanpa raja di Israel, di mana bani Dan mencari wilayah milik pusaka yang belum diperoleh sebelumnya, akhirnya mendirikan kota Dan setelah menguasai kota yang kaya dan aman di lembah Bet-Rehob."
Hakim-Hakim,19,"Tema utama pasal ini adalah konsekuensi ketiadaan raja di Israel yang menyebabkan kekerasan sosial dan ketidakadilan, seperti kasus penganiayaan terhadap gadis oleh orang Gibeah. Konteksnya terjadi pada periode Zaman Hakim di mana Israel tidak memiliki pemerintahan pusat yang kuat, sehingga mengakibatkan kekacauan dan kebutuhan akan raja yang dapat menyelesaikan konflik."
Hakim-Hakim,20,"Tema utama pasal ini adalah konsekuensi berat dosa noda yang terjadi di Gibea, yang memicu perang antar suku Israel dan mengakibatkan kematian 25.000 orang dari bani Benyamin. Konteksnya adalah respons umat Allah yang menghukum bani Benyamin sesuai kehendak Tuhan setelah mereka tidak mendengarkan nasihat saudara-saudara mereka, menunjukkan keadilan Tuhan dalam menghukum dosa yang berat."
Hakim-Hakim,21,"Tema utama pasal ini adalah penyelesaian konflik suku Israel terkait sumpah tidak memberikan anak perempuan kepada Benyamin, dengan mengambil perempuan muda dari Yabesh-Gilead dan menyusun rencana untuk mendapatkan isteri tambahan dari daerah Silo. Konteksnya terjadi ketika suku Benyamin tidak hadir di Mizpa, mengakibatkan kekhawatiran akan kehilangan suku tersebut, dan situasi ini diselesaikan tanpa adanya raja di antara orang Israel."
Hosea,1,"Tema utama pasal ini adalah peringatan Tuhan terhadap ketidaksetiaan Yehuda dan Israel terhadap-Nya, yang diwakili oleh metafora Hosea menikah dengan Gomer sebagai simbol kegagalan umat dalam kepercayaan. Konteksnya terjadi pada masa pemerintahan raja-raja Yehuda (Uzia, Yotam, Ahas, Hizkia) dan Israel (Yerobeam bin Yoas), di mana Tuhan menggambarkan hukuman atas ketidaksetiaan umat-Nya tetapi juga janji pemulihan dan identitas sebagai anak-anak Allah yang tidak terhitung."
Hosea,2,"Tema utama pasal ini adalah hukuman Tuhan terhadap bangsa Israel akibat ketidaksetiaan dan peribadahan kepada Baal, yang diikuti janji pemulihan melalui perjanjian baru yang menjanjikan kembali ke kasih setia Tuhan. Konteksnya menggambarkan hubungan dinamis antara Tuhan dan umat-Nya sebagai pernikahan yang diuji oleh dosa, lalu dipulihkan dengan kesetiaan dan keadilan."
Hosea,3,"Tema utama dari pasal ini adalah metafora perjanjian Tuhan dengan bangsa Israel melalui pernikahan yang menggambarkan cinta dan kesetiaan-Nya meski mereka berpaling ke allah lain. Konteksnya adalah periode kegelapan di mana Israel kehilangan raja, pemimpin, korban, dan berhala, yang akan berakhir dengan kembalinya mereka kepada Tuhan dan Daud sebagai raja pada akhir zaman."
Hosea,4,"Tema utama pasal ini adalah ancaman TUHAN terhadap umat-Nya (Yehuda dan Israel) akibat ketidaksetiaan, perzinaan, dan kepercayaan pada berhala yang menyebabkan kerusakan sosial dan alam. Konteksnya adalah peringatan keras Nabi Yeremia bahwa imam dan umat yang menolak pengenalan Allah akan dihukum dengan kehancuran negeri, kematian, dan kehinaan jika tidak berubah dari kejahatan mereka."
Hosea,5,"Tema utama pasal ini adalah ancaman hukuman Tuhan terhadap bangsa Israel akibat ketidaksetiaan dan perzinaan yang telah mereka lakukan, yang mengakibatkan kehancuran dan kekacauan. Konteksnya menggambarkan konsekuensi jika mereka tidak berbalik kepada Tuhan, dengan hukuman yang menghancurkan hingga akhirnya merindukan Tuhan setelah mengalami kesesakan dan kegagalan dalam mencari pertolongan dari luar."
Hosea,6,"Tema utama pasal ini adalah ajakan umat Israel untuk kembali kepada Tuhan yang mampu menyembuhkan dan membangkitkan mereka setelah kesalahan, dengan konteks kejahatan dan ketidaksetiaan bangsa Yehuda dan Efraim yang telah melangkahi perjanjian, termasuk korupsi imam dan pembunuhan di jalan. Meski mereka berkhianat, Tuhan tetap berjanji memulihkan umat-Nya melalui kasih setia yang sejati."
Hosea,7,"Tema utama pasal ini adalah ancaman hukuman Tuhan terhadap Efraim dan Samaria akibat kejahatan dan ketidaksetiaan mereka yang terus berlanjut, khususnya bersekutu dengan kekuatan asing seperti Mesir dan Asyur. Konteksnya menunjukkan bahwa umat Tuhan yang telah melanggar perjanjian dengan kebohongan dan kejahatan, sehingga Tuhan akan menghancurkan mereka melalui keadilan-Nya yang tak terhindarkan."
Hosea,8,"Tema utama pasal ini adalah hukuman Tuhan terhadap Israel dan Yehuda akibat pelanggaran perjanjian dan kejahatan berhala, yang akan mengakibatkan pengasingan dan kehancuran kota-kota mereka. Konteksnya adalah peringatan dari Tuhan yang menggambarkan konsekuensi ketidakpatuhan mereka terhadap ajaran-Nya, termasuk kehancuran kekayaan dan penghancuran kekaisaran."
Hosea,9,"Tema utama pasal ini adalah hukuman Tuhan terhadap Efraim akibat ketidaksetiaan mereka kepada Allah dan beribadah kepada dewa-dewa asing, yang akan mengakibatkan pengasingan ke Mesir, kehancuran tanah suci, dan kejatuhan spiritual. Konteksnya menggambarkan konsekuensi ketidakpatuhan umat Tuhan terhadap perjanjian, di mana kehancuran fisik dan kekacauan menjadi sanksi atas kejahatan idolatri yang mereka lakukan."
Hosea,10,"Tema utama pasal ini adalah ancaman hukuman Tuhan terhadap Israel akibat dosa berhala dan ketidaksetiaan terhadap-Nya, yang akan mengakibatkan penghancuran Samaria dan kerusakan mezbah-mezbah. Konteksnya adalah peringatan nubuatan dalam Kitab Hosea yang menunjukkan konsekuensi ketidakpatuhan umat Israel terhadap janji dan keadilan Tuhan, sehingga memicu kehancuran dan kekuatan musuh seperti Asyur."
Hosea,11,"Tema utama pasal ini adalah keluhan Allah atas ketidaksetiaan umat-Nya yang berpindah ke penyembahan kepada Baal dan mengabaikan kesetiaan-Nya, sekaligus janji pemulihan melalui pertobatan. Konteksnya terjadi pada masa Israel yang telah melanggar perjanjian dengan Allah, mengakibatkan kehancuran dari Asyur dan ancaman kehancuran, namun Allah tetap berjanji untuk mengembalikan mereka ke tanahnya dengan kasih karunia-Nya."
Hosea,12,"Tema utama pasal ini adalah peringatan Tuhan terhadap Efraim yang bersekutu dengan Asyur, berpura-pura kaya tanpa kesetiaan, dan melanggar perjanjian dengan-Nya, dengan ancaman hukuman jika tidak berbalik. Konteksnya adalah pesan nubuatan dalam Kitab Hosea Bab 12 yang menekankan kebutuhan kembali kepada Allah melalui kesetiaan dan penuh kasih, sementara mengingatkan akan konsekuensi kejahatan yang telah dilakukan oleh Efraim."
Hosea,13,"Tema utama pasal ini adalah ancaman hukuman Tuhan terhadap Efraim dan Israel akibat penyembahan berhala dan kekacauan politik yang mengabaikan kesetiaan terhadap-Nya. Konteksnya menggambarkan bahwa Tuhan akan menghancurkan mereka seperti kabut pagi yang hilang, karena mereka telah melupakan-Nya sejak awal dan terus berdosa tanpa berubah."
Hosea,14,"Tema utama pasal ini adalah permohonan Israel untuk bertobat dan janji Tuhan yang akan memulihkan mereka dari kesalahan dengan kasih yang berlimpah, mengingatkan bahwa kekuatan Asyur tidak mampu menyelamatkan mereka. Konteksnya menunjukkan bahwa Tuhan akan menghadirkan pertumbuhan dan kehidupan baru melalui kejadian seperti embun yang menyuburkan, sehingga umat-Nya dapat kembali berada dalam kepercayaan dan ketergantungan pada kasih-Nya."
Ibrani,1,"Tema utama pasal ini adalah kekuasaan abadi Yesus Kristus sebagai Anak Tuhan yang berhak menerima segala yang ada, yang telah menciptakan alam semesta dan duduk di sebelah kanan Allah di atas semua malaikat. Konteksnya menunjukkan bahwa Yesus, sebagai cahaya kemuliaan Allah dan penopang segala sesuatu, memiliki kekuasaan yang tak terbatas hingga akhir zaman, sementara alam semesta akan binasa tetapi Yesus tetap abadi dan tidak berubah."
Ibrani,2,"Tema utama pasal ini adalah pentingnya memperhatikan keselamatan yang telah diberikan oleh Yesus melalui penderitaan dan kematian-Nya untuk tidak terbawa arus kepercayaan yang salah. Konteksnya menunjukkan bahwa Yesus, yang awalnya diberikan kemuliaan lebih rendah dari malaikat, telah diangkat kembali dan menjadi Imam Besar yang dapat memahami kesulitan umat, sehingga mampu membantu mereka dalam mengatasi dosa dan kematian."
Ibrani,3,"Tema utama pasal ini adalah perbandingan Yesus sebagai Penebus yang lebih dihormati dibanding Musa, serta peringatan tentang bahaya ketidakpercayaan yang menyebabkan kegagalan seperti generasi yang ditinggalkan di padang gurun akibat keraguan. Konteksnya adalah ajakan bagi umat Kristus untuk tetap teguh dalam iman hingga akhir, menghindari keraguan seperti nenek moyang yang tidak memasuki tempat perhentian Allah karena ketidakpercayaan."
Ibrani,4,"Tema utama pasal ini adalah pentingnya masuk ke dalam ""perhentian"" Allah melalui iman, bukan sekadar mendengar kabar kesukaan tanpa bertumbuh dalam kepercayaan. Konteksnya menekankan peran Yesus sebagai Imam Besar yang penuh kasih dan berani, yang memberikan jaminan bagi umat Allah untuk menghindari ketidaktaatan dan memasuki perhentian yang telah disiapkan."
Ibrani,5,"Tema utama pasal ini adalah bahwa Kristus menjadi Imam Besar yang abadi sesuai peraturan Melkisedek, yang mempersembahkan korban untuk dosa dan keselamatan, serta mengatasi kelemahan manusia melalui kesetiaan-Nya. Konteksnya menekankan pentingnya pertumbuhan rohani umat yang harus berjalan dari pengajaran dasar (susu) ke pemahaman yang lebih dalam (makanan keras) agar dapat membedakan kebenaran dan kesalahan, karena umat yang masih membutuhkan susu belum mencapai kematuan spiritual."
Ibrani,6,"Tema utama pasal ini adalah mengajak umat Kristen untuk tetap teguh dalam iman dan kesabaran, menghindari murtad yang mengancam keselamatan, serta memperkuat harapan melalui janji Allah yang tidak berubah yang ditegaskan melalui Yesus sebagai Perintis. Konteksnya berfokus pada contoh Abraham yang sabar dalam menantikan janji Allah, menunjukkan bahwa kesetiaan dan kepercayaan yang konsisten akan menghasilkan keberkahan dan keselamatan dalam hidup beriman."
Ibrani,7,"Tema utama pasal ini adalah penjelasan tentang keunggulan imam Melkisedek yang kekal dan tidak berakhiran dibandingkan sistem imam Lewi berdasarkan hukum Taurat. Pasal ini menunjukkan bahwa Yesus, sebagai imam abadi dalam urutan Melkisedek, menggantikan imam lama dengan kesempurnaan penyelamatan yang tidak memerlukan korban berulang melalui kehidupan yang tidak dapat binasa."
Ibrani,8,"Tema utama pasal ini adalah perbandingan antara perjanjian lama (Taurat) yang hanya berupa bayangan dan perjanjian baru yang didirikan Yesus sebagai Imam Besar di surga, yang menghapus kegagalan perjanjian lama melalui pengampunan dosa dan hukum yang ditulis di hati umat. Konteksnya menunjukkan bahwa Yesus, sebagai Pengantara perjanjian yang lebih mulia, menggantikan sistem korban lama dengan pelayanan yang lebih utuh, sehingga perjanjian baru menciptakan hubungan langsung dengan Allah tanpa kebutuhan korban fisik."
Ibrani,9,"Tema utama pasal ini adalah perbandingan antara perjanjian pertama (Taurat) yang berupa simbol-simbol sementara dengan perjanjian baru yang diraih melalui kematian Kristus yang satu kali. Konteksnya menjelaskan bahwa ritual-ritual dalam kemah manusia hanya menggambarkan kekudusan yang sebenarnya yang diperoleh melalui darah Kristus yang tidak tergantikan, sehingga perjanjian baru ini lebih sempurna dan berlaku untuk selamanya."
Ibrani,10,"Tema utama pasal ini adalah bahwa korban Yesus Kristus yang sekali untuk selama-lamanya telah menyempurnakan keselamatan dan kudusannya, berbeda dengan korban Taurat yang berulang dan tidak mampu menghapus dosa sepenuhnya. Konteksnya menekankan perbedaan antara hukum lama yang hanya memberikan bayangan keselamatan dengan kehadiran Yesus sebagai Imam Besar yang menyelesaikan perjanjian baru melalui darah-Nya, sehingga umat berdosa dapat masuk ke dalam kehadiran Allah dan hidup dalam kepercayaan yang teguh serta komunitas yang saling mendukung."
Ibrani,11,"Tema utama pasal ini adalah bahwa iman merupakan dasar harapan dan bukti atas hal-hal yang tidak terlihat, seperti yang diperlihatkan dalam kehidupan berbagai tokoh Alkitab seperti Abraham, Nuh, dan Musa. Konteksnya menekankan bahwa iman memungkinkan seseorang menerima janji Allah, menghadapi ujian, dan memperoleh keberkahan meskipun hasilnya tidak terlihat secara fisik, sehingga tanpa iman seseorang tidak dapat berkenan kepada Allah."
Ibrani,12,"Tema utama pasal ini adalah pemanggilan untuk tetap berani dalam iman melalui pengalaman kesulitan dan disiplin Allah, dengan menekankan bahwa Yesus sebagai pengantara perjanjian baru dan darahnya memberikan dasar yang tidak tergoncangkan bagi kehidupan kudus. Konteksnya adalah umat Kristus yang harus menghindari kelemahan dan keputusasaan dengan merujuk pada kasih dan kekuatan Allah yang menghakimi, sekaligus mengingatkan konsekuensi jika mereka menolak kehadiran Yesus dalam kehidupan mereka."
Ibrani,13,"Tema utama dari pasal-pasal ini adalah pentingnya menjaga kasih persaudaraan, kepercayaan pada Allah sebagai penolong, dan ketaatan kepada pemimpin dalam kehidupan beragama. Konteksnya mengingatkan umat Kristiani untuk tetap teguh dalam iman melalui kehidupan yang berkelompok, menghormati kekudusan Yesus, dan berpegang pada kasih karunia Allah dalam menghadapi tantangan dunia."
Imamat,1,"Tema utama pasal ini adalah penjelasan prosedur korban bakaran yang harus dilakukan oleh orang Israel, termasuk persyaratan hewan yang tidak bercela, langkah penyembelihan, penyiram darah, dan pembakaran bagian-bagian korban untuk menyampaikan persembahan yang menyenangkan bagi TUHAN. Konteksnya adalah praktik ibadah yang ditetapkan oleh TUHAN melalui Musa untuk memastikan korban dilakukan dengan tepat dan memperkuat hubungan antara orang Israel dengan Allah."
Imamat,2,"Tema utama pasal ini adalah aturan ketat mengenai persiapan korban sajian yang harus terbuat dari tepung terbaik, diolah dengan minyak dan kemenyan tanpa ragi atau madu, serta dibubuhkan garam, untuk memastikan kekudusan korban kepada TUHAN. Konteksnya terkait dengan sistem ibadah di mezbah dalam hukum Alkitab Lama, yang menentukan bagian maha kudus untuk imam dan TUHAN dalam ritual korban sajian."
Imamat,3,"Tema utama pasal ini adalah ketentuan ritual korban keselamatan yang menetapkan bagian hewan tertentu (lemak, buah pinggang, dan umbai hati) harus diserahkan kepada TUHAN sebagai korban api-apian, sedangkan bagian lainnya diperbolehkan imam menyantapnya. Konteksnya adalah aturan hukum Mosaic yang diberikan kepada imam Harun untuk menjaga kekudusan persembahan di Kemah Pertemuan, dengan ketetapan bahwa lemak dan darah tidak boleh dimakan oleh umat sebagai perintah yang berlaku untuk selamanya."
Imamat,4,"Tema utama pasal ini adalah prosedur korban penghapus dosa untuk mengatasi dosa yang dilakukan tidak sengaja, dengan membedakan jenis hewan korban (lembu untuk umat Israel dan imam, kambing untuk rakyat jelata) serta langkah ritual seperti menyembelih, mengambil darah, dan membakar lemak untuk memperoleh pengampunan dari TUHAN. Konteksnya terkait dengan hukum Levitikus yang menjelaskan mekanisme atonement dalam kehidupan umat Israel setelah melanggar perintah tanpa niat jahat."
Imamat,5,"Tema utama pasal ini adalah prosedur penghapus dosa untuk orang yang berdosa tanpa sengaja sesuai hukum Taurat, yang melibatkan persembahan domba, burung, atau tepung sebagai korban penghapus dosa untuk mendapatkan pengampunan dari TUHAN. Konteksnya adalah sistem persembahan dalam hukum Musa yang menentukan tata cara penyelesaian dosa tidak disengaja melalui korban yang diurus imam untuk memulihkan hubungan dengan Allah."
Imamat,6,"Tema utama pasal ini adalah sistem korban sesuai Hukum Musa yang menentukan prosedur untuk korban penghapus dosa, korban bakaran, dan korban sajian guna memperbaiki kesalahan dan menjaga kudusnya imam. Konteksnya adalah perintah TUHAN kepada Musa untuk mengatur ritual korban yang menjadi bagian dari kesepakatan Israel dengan Allah dalam menjalankan kekudusan dan penyelesaian dosa."
Imamat,7,"Tema utama pasal ini adalah hukum detail mengenai korban penebus salah, korban bakaran, dan korban keselamatan yang diperintahkan TUHAN kepada Musa di gunung Sinai, yang menentukan bagian persembahan untuk imam Harun dan anak-anaknya serta aturan ketat mengenai kekudusan dan konsumsi daging korban. Konteksnya adalah perintah Mosaic yang menekankan peran imam dalam menjaga kekudusan dan menghindari kontaminasi najis, sehingga memastikan kepatuhan orang Israel terhadap ketentuan Tuhan untuk selamanya."
Imamat,8,"Tema utama pasal ini adalah konsekrasi Harun dan anak-anaknya menjadi imam suci melalui ritual yang meliputi penggunaan minyak kudus, korban penghapus dosa, dan pakaian suci. Konteksnya terjadi setelah keluar dari Mesir, sebagai langkah awal pembentukan sistem imam suci yang diperintahkan Tuhan untuk menghadapi perayaan pentahbisan selama tujuh hari di depan Kemah Pertemuan."
Imamat,9,"Tema utama pasal ini adalah proses korban yang tepat untuk menghapus dosa dan korban bakaran yang dilakukan oleh Harun dan anak-anaknya, yang menghasilkan kehadiran kemuliaan Tuhan di Kemah Pertemuan. Konteksnya adalah pelaksanaan ritual pertama setelah kemah pertemuan dibangun, sehingga umat Israel dapat melihat dan menyembah kemuliaan Tuhan yang terlihat, menunjukkan hubungan antara Allah dan umatnya melalui korban yang sesuai."
Imamat,10,"Tema utama pasal ini adalah pentingnya kekudusan imam dalam melaksanakan perintah Tuhan dengan ketelitian, seperti yang ditunjukkan oleh kematian Nadab dan Abihu karena menyembah dengan api yang tidak diperintahkan. Konteksnya adalah perintah Musa kepada Harun dan anak-anaknya untuk membedakan yang kudus dan tidak kudus, serta mengelola korban dengan benar guna menghindari kematian dan kehancuran bagi umat Tuhan."
Imamat,11,Tema utama pasal ini adalah aturan makanan dan kebersihan ritual yang diberikan Tuhan kepada orang Israel melalui Musa untuk membedakan hewan yang boleh dimakan (berkuku belah dan memamah biak) dan hewan yang tidak boleh dimakan. Konteksnya adalah hukum Mosaic yang ditetapkan setelah keluar dari Mesir guna menjaga kekudusan dan menghindari kontak dengan benda najis dalam kehidupan sehari-hari.
Imamat,12,"Tema utama pasal ini adalah prosedur pembersihan ritual bagi perempuan setelah melahirkan sesuai hukum Musa, yang menentukan masa tunggu berbeda (33 hari untuk anak laki-laki dan 66 hari untuk anak perempuan) serta korban bakaran dan penghapus dosa yang harus diserahkan kepada imam untuk menahirkan diri dari darah nifas. Konteksnya adalah ketentuan dalam hukum Taurat yang bertujuan memastikan kekudusan perempuan dalam kehidupan beribadah sebelum dapat kembali berinteraksi dengan kekudusan kemah suci."
Imamat,13,Tema utama pasal ini adalah hukum Alkitab yang mengatur prosedur identifikasi dan penanganan kusta (penyakit kulit) untuk membedakan antara yang tahir (bersih) dan najis (kotor) melalui pemeriksaan imam. Konteksnya adalah sistem hukum Israel kuno yang menjamin kebersihan ritual dan mencegah penyebaran penyakit melalui isolasi serta prosedur khusus untuk orang atau benda yang terkena kusta.
Imamat,14,"Tema utama pasal ini adalah prosedur pentahiran untuk orang dan rumah yang terkena kusta sesuai hukum Mosaic yang diberikan Tuhan kepada Musa. Konteksnya meliputi ritual spesifik seperti penggunaan burung hidup, darah, air, dan korban untuk mengembalikan keadaan tahir, dengan mempertimbangkan kemampuan ekonomi dalam mengatasi kontaminasi kusta."
Imamat,15,"Tema utama pasal ini adalah hukum ritual yang mengatur kenajisan akibat lelehan dan mani, serta prosedur pembersihan melalui korban persembahan untuk menjaga kebersihan Kemah Suci. Konteksnya adalah aturan dalam Kitab Levitikus yang bertujuan mencegah kontaminasi komunitas Israel dan kematian akibat kenajisan dengan menentukan sumber kenajisan, langkah pembersihan, serta prosedur penghapusan dosa."
Imamat,16,"Tema utama pasal ini adalah prosedur pendamaian tahunan (Yom Kippur) yang dilakukan imam Harun untuk membersihkan Kemah Pertemuan, mezbah, dan umat Israel dari dosa melalui korban lembu dan kambing, dengan kambing Azazel dilepaskan ke padang gurun untuk mengangkut kenajisan. Konteksnya adalah instruksi yang diberikan setelah kematian dua anak Harun untuk mencegah kematian imam dan menjaga kekudusan tempat suci melalui ritual yang ketat yang menjadi ketetapan untuk selama-lamanya."
Imamat,17,"Tema utama pasal ini adalah ketentuan ketat tentang pengelolaan darah, korban sembelihan, dan kebersihan ritual untuk menjaga hubungan orang Israel dengan Tuhan sesuai hukum Mosaic. Konteksnya meliputi perintah Tuhan kepada Musa agar korban sembelihan dilakukan di pintu Kemah Pertemuan, menghindari penyembahan kepada jin-jin, dan larangan makan darah yang berakibat pada penghapusan dari komunitas."
Imamat,18,"Tema utama pasal ini adalah perintah TUHAN kepada orang Israel untuk tidak mengikuti kebiasaan bangsa Mesir dan Kanaan dalam hal moral, melainkan berpegang pada hukum dan ketetapan-Nya untuk menghindari kekejian yang dapat menimbulkan kekotoran dan kehancuran. Konteksnya adalah pengingat bagi orang Israel yang sedang memasuki tanah Kanaan agar tidak melanggar aturan yang menghindari kekotoran, sehingga mereka tidak terkena nasib bangsa sebelumnya yang telah dimuntahkan oleh negeri itu."
Imamat,19,"Tema utama pasal ini adalah kekudusan dan ketaatan kepada Tuhan melalui perintah etis yang jelas, yang menekankan keadilan sosial, penghormatan terhadap orang tua, kesucian hari sabat, serta larangan terhadap kecurangan dan kejahatan. Konteksnya adalah perintah hukum yang diberikan kepada orang Israel setelah keluar dari Mesir untuk menjaga identitas mereka sebagai umat Tuhan yang berkomitmen menjalankan ketaatan dan keadilan dalam kehidupan sehari-hari."
Imamat,20,"Tema utama pasal ini adalah penekanan Tuhan pada konsekuensi berat bagi orang Israel yang melanggar perintah-Nya, seperti beribadah kepada molokh, zina, dan perbuakan melanggar hukum adat, yang akan dihukum mati dan dikeluarkan dari tanah yang dipilih Tuhan. Konteksnya adalah upaya untuk mempertahankan kudusnya bangsa Israel dari kebiasaan bangsa lain yang dihukum Tuhan, sehingga mereka tetap berada dalam ketaatan dan kesejahteraan di tanah yang diberikan Tuhan."
Imamat,21,"Tema utama pasal ini adalah ketentuan ketat tentang kekudusan imam dalam menjalankan tugas suci, termasuk larangan menajiskan diri dengan orang mati, memilih pasangan yang murni, serta menghindari kontak dengan orang bercacat fisik. Konteksnya adalah peraturan yang diberikan Tuhan melalui Musa untuk memastikan imam tetap murni dan tidak melanggar kekudusan nama Allah dalam proses persembahan dan kehidupan sehari-hari."
Imamat,22,"Tema utama pasal ini adalah ketentuan hukum ritual yang ketat mengenai kekudusan persembahan kudus dan kebersihan fisik umat Israel, yang bertujuan mencegah pelanggaran kekudusan nama Tuhan dan menghindari dosa serta kematian. Konteksnya adalah hukum Mosaic yang diberikan Tuhan melalui Musa untuk memastikan umat Israel tetap taat dalam perjanjian dengan Allah dengan mematuhi aturan yang jelas mengenai persembahan dan kebersihan."
Imamat,23,"Tema utama pasal ini adalah penentuan hari-hari raya kudus dan aturan sabat yang harus dipatuhi orang Israel sebagai pengingat perjalanan keluar dari perbudakan Mesir serta penegakan perjanjian dengan Tuhan. Konteksnya adalah ketika orang Israel memasuki tanah janji setelah keluar dari perbudakan Mesir, sehingga hari-hari raya ini berfungsi sebagai ritual untuk mempertegas identitas nasional dan ketergantungan pada Tuhan dalam kehidupan beragama."
Imamat,24,"Tema utama pasal ini adalah perintah ritual kudus (seperti minyak zaitun dan roti tunjang) serta hukum ketat yang diberikan Tuhan kepada orang Israel, khususnya hukuman mati bagi yang mengutuk nama Tuhan dan aturan hukum untuk kasus kekerasan. Konteksnya terjadi di masa setelah keluar dari Mesir, di mana Tuhan menetapkan sistem agama dan hukum untuk menjaga kekudusan komunitas dan keadilan sosial melalui penghukuman yang tegas terhadap pelanggaran terhadap nama-Nya."
Imamat,25,"Tema utama pasal ini adalah sistem keadilan sosial yang ditegakkan melalui tahun sabat (tahun ke-7) dan tahun Yobel (tahun ke-50) untuk memberikan istirahat bagi tanah, membebaskan hamba, dan mengembalikan tanah kepada kepemilikan asal, sehingga mencegah kemiskinan dan mempertahankan kesejahteraan komunitas. Konteksnya adalah hukum Mosaic yang diberikan Tuhan kepada orang Israel di Gunung Sinai setelah keluar dari tanah Mesir, yang menekankan keadilan, kemerdekaan, dan keterkaitan manusia dengan Tuhan melalui sistem pertanian dan hukum yang berkelanjutan."
Imamat,26,"Tema utama pasal ini adalah perjanjian khusus Allah dengan umat Israel yang bersifat kondisional, di mana kepatuhan terhadap perintah-Nya menghasilkan keberkahan alamiah, kedamaian, dan kehadiran Allah, sedangkan ketidakpatuhan akan menimbulkan azab, kehancuran, dan kejatuhan dari negeri. Konteksnya terkait dengan perjanjian yang diberikan Allah di Gunung Sinai melalui Musa setelah umat Israel keluar dari tanah Mesir, sebagai pengingat untuk tetap setia dan menghormati ketetapan-Nya dalam kehidupan beragama dan sosial."
Imamat,27,"Passal ini mengatur sistem penentuan nilai dan kudusan untuk persembahan khusus (nazir), hewan, dan ladang menurut hukum Mosaic yang diberikan di gunung Sinai. Nilai harus ditimbang dalam syikal kudus sesuai usia dan jenis, dengan ketentuan bahwa yang dikhususkan tidak boleh dijual atau ditebus kecuali dengan tambahan seperlima, dan pada tahun Yobel ladang kembali ke pemilik awalnya."
Kejadian,1,"Tema utama pasal ini adalah penciptaan alam semesta dan segala kehidupan oleh Allah dalam enam hari, di mana setiap hari menghasilkan urutan yang semakin kompleks hingga manusia diciptakan dalam gambar-Nya untuk mengelola bumi. Konteksnya menunjukkan kekuasaan Allah dalam mengubah ketidakteraturan menjadi keberadaan yang terstruktur dan baik, dengan penegasan bahwa segala yang diciptakan adalah ""sungguh baik"" sesuai rencana penciptaan-Nya."
Kejadian,2,"Tema utama pasal ini adalah penciptaan langit, bumi, dan manusia oleh Allah, khususnya penempatan Adam dan Hawa dalam Taman Eden serta perintah tidak boleh makan buah pohon pengetahuan baik dan jahat. Konteksnya menggambarkan keadaan awal manusia yang murni dan tidak berdosa sebelum terjadi jatuhnya manusia akibat melanggar perintah Allah."
Kejadian,3,"Tema utama pasal ini adalah jatuhnya manusia akibat ketidakpatuhan terhadap perintah Allah melalui tipu daya ular yang menyebabkan Adam dan Hawa memakan buah pohon larangan di Taman Eden. Konteksnya meliputi kutukan pada ular, kesulitan kehamilan dan ketidakadilan bagi Hawa, serta keterpurukan Adam dalam pekerjaan di bumi, yang berakibat pada pengusiran mereka dari Taman Eden untuk menghadapi kehidupan berdosa dengan kematian."
Kejadian,4,"Tema utama pasal ini adalah konsekuensi dosa Kain yang membunuh adiknya Habel, yang mengakibatkan kutukan pengasingan dari tanah dan kehidupan sebagai pengembara. Konteksnya menunjukkan peristiwa awal manusia setelah kegagalan Kain dalam persembahan kepada Allah, di mana dosa tersebut memicu hukum Allah dan memulai keturunan baru yang berbeda, termasuk kelahiran Seth sebagai pengganti Habel."
Kejadian,5,"Tema utama pasal ini adalah daftar keturunan Adam hingga kelahiran Nuh, yang menunjukkan umur panjang para leluhur dan alur keturunan yang diatur oleh Allah. Konteksnya menggambarkan pembentukan manusia dan rencana ilahi dalam mengatur keturunan hingga generasi yang menjadi dasar peristiwa banjir dalam Alkitab."
Kejadian,6,"Tema utama pasal ini adalah respons Tuhan terhadap kejahatan manusia yang semakin besar dengan menghancurkan bumi melalui banjir, namun Ia memberikan kesempatan keselamatan melalui kepatuhan Nuh yang membangun bahtera sesuai perintah. Konteksnya meliputi kehadiran anak-anak Allah yang mengambil isteri manusia, menghasilkan generasi Nephilim yang gagah perkasa, hingga Tuhan menyesal dan memutuskan untuk menghapus semua makhluk kecuali yang diselamatkan dalam bahtera Nuh."
Kejadian,7,"Tema utama pasal ini adalah hukuman Allah melalui banjir global yang menghapus segala kehidupan di muka bumi kecuali Nuh, keluarganya, dan binatang yang dipilih berdasarkan kepatuhan terhadap perintah Tuhan. Konteksnya adalah respons Tuhan terhadap kejahatan manusia yang berat, di mana Nuh dipilih sebagai orang yang benar untuk menyelamatkan hidup melalui kepatuhan dalam membangun bahtera sesuai perintah-Nya."
Kejadian,8,"Tema utama pasal ini adalah hukuman Allah terhadap kejahatan manusia melalui banjir global yang menggenangi bumi selama 150 hari, diikuti dengan perjanjian dengan Nuh untuk menyelamatkan kehidupan dan mencegah kembali musibah banjir besar. Konteksnya meliputi proses pengeringan bumi setelah Nuh melepaskan burung merpati yang membawa daun zaitun, serta janji Allah bahwa bumi akan tetap berkelanjutan dengan musim dan kehidupan yang beragam selama manusia tidak melanggar perjanjian."
Kejadian,9,"Tema utama pasal ini adalah perjanjian Allah dengan Nuh dan seluruh makhluk hidup setelah banjir, yang ditandai dengan busur di awan sebagai jaminan tidak terulangnya banjir besar. Konteksnya meliputi konsekuensi dosa Nuh yang mabuk dan kejadian Ham melihat aurat ayahnya, sehingga Kanaan dikenakan kutukan menjadi hamba yang paling hina bagi saudara-saudaranya, serta perjanjian yang berlaku untuk selamanya bagi semua makhluk hidup."
Kejadian,10,"Tema utama pasal ini adalah penjelasan keturunan Nuh dan pembentukan berbagai bangsa di bumi setelah air bah melalui keturunan tiga anaknya (Sem, Ham, dan Yafet) beserta wilayah dan identitas masing-masing. Konteksnya menggambarkan proses berpencar manusia ke berbagai wilayah dengan bahasa dan bangsa yang berbeda sebagai akibat dispersi setelah kiamat air bah."
Kejadian,11,"Tema utama pasal ini adalah peristiwa Babel di mana manusia berusaha membangun menara ke langit sehingga TUHAN mengacaukan bahasa mereka dan memisahkan umat manusia ke seluruh bumi. Konteksnya meliputi keturunan Sem hingga Terah, ayah Abraham, yang menjadi fondasi kisah perjalanan keluarga Abraham ke Kanaan."
Kejadian,12,"Tema utama pasal ini adalah janji Tuhan kepada Abram untuk menjadi bangsa besar dan memberkati keturunannya di Tanah Kanaan, dengan Abram diharuskan keluar dari negeri asalnya dan berjalan menurut perintah Tuhan. Konteksnya meliputi perjalanan Abram ke Kanaan, pindah ke Betel, dan insiden di Mesir saat kelaparan di mana ia berbohong tentang Sarai sebagai adiknya, sehingga Tuhan menimpakan hukuman hebat kepada Firaun yang akhirnya mengembalikan Sarai ke Abram."
Kejadian,13,"Tema utama pasal ini adalah pembagian tanah antara Abram dan Lot akibat kekayaan yang berlebihan, yang berakibat pada Abram menerima janji Tuhan tentang hak milik seluruh negeri Kanaan dan keturunannya yang sangat banyak. Konteksnya terjadi setelah Abram meninggalkan Mesir, di mana Lot memilih Lembah Yordan yang subur (seperti tanah Mesir) dan berpindah ke daerah yang kemudian menjadi Sodom, sementara Abram menetap di Kanaan dan Tuhan menjanjikan wilayah yang luas bagi keturunannya."
Kejadian,14,"Tema utama pasal ini adalah kemenangan Abram atas kumpulan raja yang dipimpin Kedorlaomer dan pembebasan Lot dari penaklukan, yang berakibat pada berkat dari Melkisedek sebagai imam Allah Yang Mahatinggi. Konteksnya terjadi pada masa awal hidup Abram ketika ia menghadapi ancaman dari kawasan Sodom dan Gomora serta menerima berkat dan kesepakatan tentang harta benda dari imam Allah."
Kejadian,15,"Tema utama pasal ini adalah janji Allah kepada Abram tentang keturunan yang sangat besar dan tanah yang akan diberikan kepada keturunannya, meskipun Abram saat ini tidak memiliki anak dan berusia lanjut. Konteksnya meliputi perjanjian yang dilakukan melalui pengalaman kudus (sacrifice) dan janji bahwa keturunan Abram akan menduduki tanah dari sungai Mesir hingga sungai Efrat, termasuk berbagai bangsa yang ada di sana."
Kejadian,16,"Konteks pasal ini menggambarkan perjuangan Sarai, isteri Abram yang tidak beranak, untuk mendapatkan keturunan dengan memberikan Hagar kepada Abram, yang berakibat pada konflik dan penindasan dalam keluarga. Tema utamanya adalah janji Tuhan yang memberikan keturunan besar melalui Ismael, lahir ketika Abram berusia 86 tahun, meskipun terjadi kesulitan akibat keputusan manusia."
Kejadian,17,"Tuhan menetapkan perjanjian kekal dengan Abram (yang diubah namanya menjadi Abraham) pada usia 99 tahun, menjanjikan tanah Kanaan, keturunan yang sangat banyak, dan keturunan Isaac sebagai penerus perjanjian. Perjanjian ini dinyatakan melalui ritual pengkhataman kulit khatan yang harus dilakukan oleh semua laki-laki keturunan Abraham, termasuk kewajiban disunat pada usia delapan hari dan penghapusan keturunan yang tidak memenuhi perjanjian."
Kejadian,18,"Tema utama pasal ini adalah janji Tuhan kepada Abraham bahwa Sarah akan melahirkan anak laki-laki meskipun mereka sudah tua, yang terjadi ketika Tuhan muncul kepada Abraham di Mamre. Konteksnya meliputi upaya Abraham berperdebat dengan Tuhan untuk menyelamatkan orang benar di Sodom dari azab yang akan diberikan Tuhan, menunjukkan kekuatan janji Tuhan dan kepedulian Abraham terhadap keadilan."
Kejadian,19,"Tema utama pasal ini adalah hukuman Tuhan terhadap Sodom dan Gomorrah akibat kejahatan moral yang terjadi di kota tersebut, di mana kota-kota dimusnahkan dengan api dan belerang sebagai balasan atas kejahatan mereka. Konteksnya menunjukkan upaya Lot untuk selamat dari kehancuran dengan berlindung di Zoar, serta keturunan dari kedua anak perempuannya yang menjadi asal usul bangsa Moab dan Amon."
Kejadian,20,"Tema utama pasal ini adalah konsekuensi kesalahan Abraham yang menganggap Sara sebagai saudaranya, yang menyebabkan Abimelekh mengambilnya tanpa izin, lalu diatasi melalui peringatan Allah dan pemulihan bagi Abimelekh serta keluarganya. Konteksnya terjadi di Gerar ketika Abraham menetap dan berusaha memperbaiki kesalahan dengan kembalikan Sara serta berdoa kepada Allah untuk menghindari dosa."
Kejadian,21,"Tema utama pasal ini adalah kepercayaan Allah dalam menjalankan janji-Nya kepada Abraham untuk menghasilkan keturunan melalui Sara yang usia lanjut, serta penyelesaian konflik dengan Hagar dan Ishmael yang dijaga oleh Allah hingga menjadi bangsa. Konteksnya meliputi perjanjian Allah dengan Abraham di Bersyeba setelah peristiwa pengiriman Hagar dan Ishmael, yang menunjukkan konsistensi janji dan keterlibatan Allah dalam kehidupan Abraham dan keturunannya."
Kejadian,22,"Tema utama pasal ini adalah uji kepercayaan Allah di mana Abraham rela menyembelih putranya, Ishak, tetapi Allah menolong dengan menyediakan domba pengganti. Konteksnya menunjukkan bahwa ketaatan Abraham terhadap perintah Allah menghasilkan janji keturunan yang melimpah dan berkat bagi semua bangsa di muka bumi."
Kejadian,23,"Tema utama pasal ini adalah proses Abraham membeli kuburan Makhpela di Hebron dari Efron bin Zohar untuk menguburkan isterinya Sara, yang menunjukkan kerja sama dan kesepakatan dengan penduduk Kanaan dalam memenuhi kebutuhan kuburan abadi. Konteksnya terjadi setelah Sara meninggal pada usia 127 tahun, di mana Abraham melalui negosiasi resmi dengan bani Het dan Efron, akhirnya menyelesaikan transaksi berharga empat ratus syikal perak untuk menguburkan isterinya di lokasi strategis yang menjadi kuburan utama keluarga nabi."
Kejadian,24,"Tema utama pasal ini adalah kepercayaan Allah dalam memilih Ribka sebagai isteri Ishak melalui uji khusus di sumur, yang menunjukkan kehendak-Nya yang terwujud dalam kasih dan kejadian yang diatur oleh kehendak Allah. Konteksnya adalah upaya Abraham untuk memastikan keturunan yang diberkati melalui pemilihan isteri dari keluarga sendiri sesuai janji Allah yang telah diberikan sebelumnya."
Kejadian,25,"Tema utama pasal ini adalah keturunan Abraham dan konflik persaingan antara Esau dan Yakub dalam menentukan hak kesulungan yang berdampak pada nasib bangsa Israel. Konteksnya meliputi riwayat keturunan Abraham, kematian Abraham, serta peristiwa lahir dua anak Ishak yang menunjukkan kehendak Allah dalam menentukan nasib melalui keputusan manusia."
Kejadian,26,"Tema utama pasal ini adalah janji Tuhan kepada Ishak untuk memberkati, memberikan tanah, dan memperbanyak keturunannya, serta penyelesaian konflik dengan Abimelekh melalui perjanjian yang mengakui keberkatan Tuhan. Konteksnya terjadi setelah kelaparan mendorong Ishak berpindah ke Gerar, di mana ia menghadapi tantangan terkait status isteri Ribka, akhirnya membangun sumur dan memperkuat perjanjian untuk keberlanjutan kekayaan dan keturunan."
Kejadian,27,"Tema utama pasal ini adalah peralihan berkat dari anak sulung Esau kepada anak bungsu Yakub melalui penipuan Ribka, yang mengakibatkan dendam Esau dan keberangkatan Yakub ke rumah Laban. Konteksnya terjadi ketika Ishak semakin tua dan tidak dapat melihat, sehingga Ribka memanipulasi Yakub dengan menyediakan makanan yang disukai ayahnya serta mengenakan pakaian Esau untuk memastikan berkat tersebut diberikan kepada Yakub."
Kejadian,28,"Tema utama pasal ini adalah janji Allah kepada Yakub untuk memberkati keturunannya, memberikan tanah, dan membangun kekayaan seperti Abraham, yang terwujud melalui pertemuan di Betel dan janji Yakub untuk mempersembahkan sepuluh persen hasilnya kepada Allah. Konteksnya adalah perjalanan Yakub ke Padan-Aram setelah diberkati oleh Ishak, di mana ia mengalami pertemuan langsung dengan Allah dan mengambil komitmen untuk mengikuti janji yang diberikan."
Kejadian,29,"Tema utama pasal ini adalah kejadian pernikahan Yakub dengan dua putri Laban yang diatur oleh kehendak Tuhan, di mana Yakub bekerja selama tujuh tahun untuk mendapatkan Rahel tetapi akhirnya menikah dengan Lea terlebih dahulu akibat tipu daya Laban. Konteksnya adalah Yakub yang berangkat dari Haran ke negeri Bani Timur untuk mencari kehidupan baru, dengan kejadian yang membentuk keluarga besar Yakub yang terdiri dari empat anak laki-laki."
Kejadian,30,"Tema utama pasal ini adalah persaingan ketat antara Rahel dan Lea dalam mendapatkan keturunan melalui penggunaan budak perempuan, serta kejelian Yakub dalam mengambil harta Laban dengan memilih kambing berbintik-bintik dan berwarna hitam. Konteksnya terjadi di Gilead, di mana Yakub bekerja untuk Laban selama beberapa tahun hingga akhirnya memperoleh keturunan dan kekayaan melalui strategi yang cerdas dan berisiko."
Kejadian,31,"Tema utama pasal ini adalah perjanjian damai antara Yakub dan Laban setelah Yakub meninggalkan Laban setelah 20 tahun kerja keras, dengan timbunan batu Galed sebagai kesaksian bahwa kedua pihak tidak akan berlaku jahat. Konteksnya adalah Yakub yang telah dijaga oleh Allah selama masa kerja di bawah Laban, meskipun menghadapi kecurangan Laban, tetapi tetap berjalan dengan kepercayaan pada Tuhan hingga mencapai kesepakatan damai melalui simbol tugu."
Kejadian,32,"Tema utama pasal ini adalah kekhawatiran Yakub terhadap ancaman Esau yang sedang datang dengan pasukan besar, strategi menghindari konflik melalui persembahan besar, dan pertemuan dengan Allah yang mengubah namanya menjadi Israel serta mengalami cedera pada pangkal paha. Konteksnya adalah Yakub yang kembali dari Laban setelah berada di sana selama lama dan harus menghadapi ancaman dari kakaknya Esau yang sedang berencana menyerangnya."
Kejadian,33,"Tema utama pasal ini adalah rekonsiliasi antara Yakub dan Esau setelah Yakub kembali dari perjalanan, di mana Yakub memberikan persembahan untuk mendapatkan kasih Esau yang dianggap sebagai wajah Allah. Yakub kemudian berpindah ke Sukot, membeli tanah dari anak Hemor, dan membangun mezbah yang dinamai ""Allah Israel"" sebagai tanda kehadiran Tuhan dalam hidupnya."
Kejadian,34,"Tema utama pasal ini adalah konsekuensi kekerasan balas yang dilakukan Simeon dan Levi terhadap kota Sikhem akibat peristiwa perkosaan Dina, yang mengakibatkan kerusakan reputasi dan kekayaan keluarga Yakub. Konteksnya adalah ketika Sikhem, raja negeri, memperkosa anak perempuan Yakub, anak-anaknya merespons dengan menghancurkan kota tersebut dan mengambil Dina, sehingga Yakub khawatir nama keluarganya akan terkenal buruk di antara orang lain."
Kejadian,35,"Tema utama pasal ini adalah perjanjian Allah dengan Yakub di Betel, di mana Allah mengubah namanya menjadi Israel dan memberikan janji tentang keturunan yang besar serta tanah Kanaan. Konteksnya adalah Yakub kembali ke Kanaan setelah berada di Padan-Aram, membangun mezbah, dan menghadapi kejadian keluarga seperti kelahiran Benyamin serta kematian Rahel, yang menandai awal kepemilikan tanah dan identitas nasional Israel hingga kematian ayah Yakub, Ishak."
Kejadian,36,"Tema utama pasal ini adalah keturunan Esau yang membentuk bangsa Edom di pegunungan Seir, dengan detail keturunan dan kepala kaumnya yang dinyatakan dalam Alkitab. Konteksnya adalah proses Esau meninggalkan Yakub di tanah Kanaan akibat harta yang terlalu banyak sehingga berpindah ke daerah Seir untuk mendirikan kekuatan nasional yang terpisah dari Israel."
Kejadian,37,"Tema utama pasal ini adalah kebencian dan penipuan saudara-saudara Yusuf akibat kecenderungan ayahnya (Yakub) yang lebih mengasihi Yusuf, yang berakibat pada penjualan Yusuf ke Mesir dan kesedihan mendalam Yakub. Konteksnya meliputi mimpi Yusuf yang memicu ketidakpuasan saudara-saudaranya, rencana membunuhnya yang berubah menjadi penjualan, serta penipuan dengan jubah yang menyebabkan Yakub yakin Yusuf tewas oleh binatang buas."
Kejadian,38,"Tema utama pasal ini adalah keberanian Tamar dalam mengambil langkah strategis untuk memastikan keturunannya meskipun dalam situasi kesulitan, sehingga menjadi nenek moyang Yesus Kristus melalui keturunan Yehuda. Konteksnya adalah kegagalan Yehuda dalam memenuhi kewajiban keluarga akibat dosa anaknya, yang diatasi oleh kehendak Tuhan melalui keturunan Tamar yang menjadi bagian dari rencana keselamatan."
Kejadian,39,"Konteks pasal ini menggambarkan periode awal Yusuf di rumah Potifar di Mesir, di mana ia diberi kepercayaan atas rumah dan segala miliknya karena keberhasilan kerjanya yang didukung TUHAN. Meski menghadapi ujian dari isteri Potifar yang ingin mempermainkannya, Yusuf tetap teguh dan tidak melanggar hukum, sehingga ia dipenjarakan namun TUHAN tetap menyertai dan memberkati kehidupannya di penjara."
Kejadian,40,"Tema utama pasal ini adalah kemampuan Yusuf dalam menerangkan mimpi dua pegawai istana Firaun yang mengakibatkan kenaikan jabatannya di Mesir, meskipun kepala juru minuman lupa berterima kasih. Konteksnya terjadi ketika Yusuf ditahan dalam penjara karena kesalahan dua pegawai tersebut, dan melalui interpretasi mimpi, Firaun memperhatikan Yusuf sebagai pihak yang berhak mengelola kekayaan negara."
Kejadian,41,Tema utama pasal ini adalah interpretasi mimpi Firaun oleh Yusuf yang mengungkapkan dua periode—tujuh tahun kelimpahan dan tujuh tahun kelaparan—sehingga Mesir dapat mempersiapkan cadangan pangan. Konteksnya adalah Firaun meminta Yusuf menjadi penguasa Mesir untuk mengelola sumber daya selama periode kelaparan yang akan datang berdasarkan nubuatan Allah.
Kejadian,42,"Tema utama pasal ini adalah uji kejujuran dan kesetiaan Yusuf terhadap saudaranya untuk mengungkap kebenaran atas kejadian di masa lalu, dalam konteks kelaparan di Kanaan yang mendorong saudara-saudara Yusuf pergi ke Mesir. Konteksnya meliputi proses uji Yusuf yang mempertahankan Simeon dan meminta mereka membawa Benyamin, sehingga akhirnya terjadi reunifikasi dan pengakuan kesalahan mereka."
Kejadian,43,"Tema utama pasal ini adalah ujian loyalitas Yusuf terhadap saudaranya untuk memastikan kehadiran Benyamin selama mereka berusaha menghadapi kelaparan di Canaan. Konteksnya adalah situasi kelaparan yang memaksa saudara-saudara Yusuf pergi ke Mesir membeli gandum, sementara Yusuf menguji kepercayaan mereka dengan menanyakan keberadaan adiknya, sehingga akhirnya Yusuf mengakui kehadiran Benyamin dan memperbaiki hubungan keluarga."
Kejadian,44,"Tema utama pasal ini adalah ujian kesetiaan dan koreksi atas kesalahan lalu yang dilakukan saudara-saudara Yusuf terhadapnya, dengan konsekuensi piala yang ditemukan di karung Benyamin. Konteksnya terjadi ketika Yusuf, yang telah menjadi pemimpin di Mesir, menguji saudara-saudaranya yang datang untuk membeli gandum, dengan menuntut mereka untuk mengembalikan Benyamin sebagai jaminan keamanan agar ayah mereka tidak mengalami kerugian."
Kejadian,45,"Tema utama pasal ini adalah kembalinya Yusuf kepada keluarganya setelah dua belas tahun terpisah, di mana ia menjelaskan bahwa Allah telah menempatkan dirinya sebagai penguasa Mesir untuk mengatasi kelaparan selama lima tahun berikutnya. Konteksnya meliputi upaya Yusuf memastikan kelangsungan hidup keluarga Israel melalui kebijaksanaan dan kekuasaan yang diberikan Allah, meskipun awalnya saudara-saudaranya takut dan tidak percaya, akhirnya mereka kembali ke Yakub yang akhirnya percaya setelah melihat keberhasilan Yusuf dalam menyediakan kebutuhan hidup."
Kejadian,46,"Tema utama pasal ini adalah janji Allah kepada Yakub untuk berpindah ke Mesir dan menjadi bangsa besar di sana, dengan janji bahwa Allah akan menyertai mereka dan membawa mereka kembali. Konteksnya adalah perjalanan keluarga Israel sebanyak 70 orang dari Kanaan ke Mesir yang disertai daftar keturunan dan kepercayaan pada janji Allah untuk keamanan dan pertumbuhan mereka di sana."
Kejadian,47,"Tema utama pasal ini adalah peran Yusuf dalam mengatasi krisis kelaparan di Mesir dengan menempatkan keluarga Israel di Goshen dan membangun sistem pertanian yang mengharuskan mereka memberikan seperlima hasil panen kepada Firaun. Konteksnya terjadi akibat kelaparan hebat di tanah Kanaan yang mendorong keluarga Israel berpindah ke Mesir, sehingga mereka berkembang menjadi penduduk yang banyak hingga Yakub meninggal di usia 147 tahun."
Kejadian,48,"Tema utama pasal ini adalah pemberkatan anak-anak Yusuf oleh Yakub yang menempatkan Efraim di atas Manasye meskipun Efraim lebih muda, sebagai tanda kehendak Allah yang mengubah urutan keturunan. Konteksnya adalah Yakub yang semakin tua dan akan meninggal segera, sehingga ia memastikan pemberkatan ini sebagai bagian dari perjanjian Allah untuk keturunan Yusuf yang akan menjadi besar di bumi."
Kejadian,49,"Tema utama pasal ini adalah Yakub memberikan nubuatan dan berkat khusus kepada kedua belas suku Israel mengenai peran dan nasib masing-masing dalam kehidupan bangsa mereka di masa depan. Konteksnya adalah upaya Yakub menyusun warisan kekhalifahan dan kekhususan setiap suku sebelum ia meninggal, serta menentukan tempat kuburan dirinya di Gua Machpelah yang menjadi kuburan nenek moyangnya."
Kejadian,50,"Tema utama pasal ini adalah pengampunan Yusuf terhadap saudara-saudaranya setelah kematian ayahnya, yang menjadi bagian dari rencana Allah untuk menjaga keberadaan bangsa Israel. Konteksnya meliputi proses penguburan Jacob di Makhpela, Canaan, dan kembalinya Yusuf ke Mesir setelah menghadapi kekhawatiran balas dendam, yang berakhir dengan Yusuf meninggal berusia 110 tahun dan menghiburkan saudara-saudaranya bahwa kejahatan mereka telah dijadikan kebaikan oleh Allah."
Keluaran,1,"Tema utama pasal ini adalah penindasan orang Israel oleh Firaun Mesir akibat pertumbuhan populasi yang pesat, yang menyebabkan Firaun memerintahkan pembunuhan anak laki-laki Ibrani dan pekerjaan paksa. Konteksnya terjadi setelah orang Israel berkembang biak banyak dan Firaun yang tidak mengenal Yusuf takut akan kekuatan mereka, sehingga bidan-bidan Ibrani yang takut pada Allah membiarkan bayi hidup dan bangsa Israel terus berkembang."
Keluaran,2,"Tema utama pasal ini adalah rencana Allah untuk membebaskan orang Israel dari perbudakan Mesir melalui Musa, yang dimulai dari masa kecilnya disembunyikan hingga ia menjadi pemimpin yang mengangkat kembali bangsa Ibrani. Konteksnya mencakup perjalanan Musa dari kehidupan di Mesir hingga kejadian di Midian, yang menjadi awal bagi respons Allah terhadap keluhan orang Israel dan pengingatan perjanjian-Nya dengan Abraham, Ishak, dan Yakub."
Keluaran,3,"Tema utama pasal ini adalah panggilan Tuhan kepada Musa untuk memimpin orang Israel keluar dari Mesir dengan identitas ""Aku yang Ada"" (YHWH) sebagai Allah yang berjanji dan berkuasa. Konteksnya terjadi di gunung Horeb saat Tuhan menunjukkan kehadirannya melalui semak duri yang tidak terbakar, lalu memberikan perintah untuk mengutus Musa ke Firaun dengan janji akan menghancurkan Mesir dan membawa orang Israel ke negeri yang berlimpah-limpah susu dan madunya."
Keluaran,4,Tema utama pasal ini adalah kekuatan Tuhan yang ditunjukkan melalui tanda-tanda mujizat untuk memperkuat kepercayaan Musa dan umat Israel dalam upaya keluar dari Mesir. Konteksnya adalah proses persiapan Musa dan Harun dalam menghadapi keraguan Firaun dengan tanda-tanda mujizat yang diberikan Tuhan hingga umat Israel berlutut dan sujud menyembah kepada Tuhan.
Keluaran,5,"Tema utama pasal ini adalah penolakan Firaun yang memperberat pekerjaan umat Israel dengan memaksa mereka mengumpulkan jerami sendiri sementara tetap mempertahankan jumlah batu bata, sehingga memperparah penderitaan mereka. Konteksnya terjadi pada tahap awal peristiwa keluar Mesir di mana Musa dan Harun berupaya mengajak umat Israel keluar dari penjajahan Firaun, tetapi Firaun menolak dengan memperberat beban kerja hingga Musa merasa kecewa dan berkomplain kepada Tuhan."
Keluaran,6,"Tema utama pasal ini adalah janji Tuhan untuk membebaskan orang Israel dari perbudakan Firaun melalui Musa, yang berdasarkan perjanjian-Nya dengan Abraham, Ishak, dan Yakub. Konteksnya meliputi tantangan dalam mengutus Musa ke Firaun karena ketidakmampuan Musa berbicara dan ketidakmengertian orang Israel, meskipun Tuhan telah menetapkan rencana pembebasan yang jelas untuk mengangkat mereka menjadi umat-Nya."
Keluaran,7,Tema utama pasal ini adalah Tuhan menggunakan mujizat untuk mengeluarkan orang Israel dari Mesir meskipun Firaun berkeras hati. Konteksnya adalah peristiwa awal dalam keluar Mesir di mana Tuhan mengirim Musa dan Harun untuk menghadap Firaun dengan tindakan mujizat pertama (air sungai Nil berubah menjadi darah) sebagai awal dari tujuh mujizat yang akan menghukum Mesir hingga Firaun akhirnya membiarkan orang Israel pergi.
Keluaran,8,"Tema utama pasal ini adalah Tuhan mengirimkan tiga tanda mujizat (katak, nyamuk, dan pikat) untuk memaksa Firaun melepaskan umat-Nya dari perbudakan Mesir. Namun, ketekunan Firaun yang keras hati menyebabkan umat Tuhan tetap tidak diperbolehkan pergi, menggambarkan bahwa kehendak Allah tidak dapat dihentikan oleh kekerasan manusia."
Keluaran,9,"Tema utama pasal ini adalah kekuatan Tuhan yang ditunjukkan melalui berbagai musibah (kematian ternak, barah, dan hujan es) untuk memaksa Firaun melepaskan umat Israel dari perbudohan di Mesir. Konteksnya adalah ketidakinginan Firaun yang terus berkeras hati meski mengakui kesalahan, sehingga Allah mengirimkan tanda-tanda kekuatan-Nya yang dahsyat hingga akhirnya Firaun tetap tidak mau membiarkan umat Israel pergi."
Keluaran,10,"Tema utama pasal ini adalah Tuhan menggunakan tanda-tanda mujizat (seperti belalang dan kegelapan) untuk memaksa Firaun melepaskan orang Israel, tetapi Firaun tetap berkeras hati sehingga tidak mau membiarkan mereka pergi. Konteksnya adalah peristiwa keluar Mesir dalam Alkitab yang menunjukkan kekuasaan Tuhan melalui tanda-tanda mujizat untuk menghancurkan kekuatan Firaun dan membebaskan umat-Nya dari perbudakan."
Keluaran,11,"Tema utama pasal ini adalah Tuhan mengirimkan mujizat kematian anak sulung di Mesir untuk memaksa Firaun melepaskan bangsa Israel, tetapi kekerasan hati Firaun yang tidak mau mengakui kekuasaan Tuhan menyebabkan Israel tetap terjebak di Mesir. Konteksnya adalah perlawanan Firaun terhadap perintah Tuhan yang berujung pada kejadian kematian anak sulung sebagai tanda perbedaan antara orang Mesir dan orang Israel, sekaligus menunjukkan kekuatan Tuhan dalam mengatasi kekerasan hati manusia."
Keluaran,12,"Tema utama pasal ini adalah Paskah sebagai tanda pengingat pembebasan Israel dari Mesir, di mana darah domba dipakai untuk melindungi rumah dari hukuman Tuhan. Konteksnya adalah peristiwa keluar dari Mesir setelah 430 tahun, dengan aturan ketat tentang cara merayakan Paskah sebagai bentuk kesetiaan dan pengingat akan keselamatan Tuhan yang diberikan melalui kejadian pembebasan."
Keluaran,13,"Tema utama pasal ini adalah perayaan Paskah sebagai pengingat keluar dari Mesir melalui kudusan anak sulung dan roti tanpa ragi selama tujuh hari, yang menjadi bentuk pengakuan atas kekuatan Allah dalam menyelamatkan Israel dari perbudakan Firaun. Konteksnya terjadi setelah keluar Mesir, di mana Allah memerintahkan Israel untuk melaksanakan ibadah tahunan ini sebagai peringatan akan kisah pembebasan dan untuk menghindari kejadian yang terjadi pada bangsa Mesir."
Keluaran,14,"Tema utama pasal ini adalah kekuatan Tuhan yang menyelamatkan orang Israel dari perbudakan Firaun melalui peristiwa pembagian laut Merah. Konteksnya adalah proses keluar dari Mesir setelah Firaun mengejar orang Israel, di mana Tuhan menghancurkan pasukan Firaun dan menunjukkan kemuliaan-Nya sebagai Tuhan yang menguasai kekuatan alam."
Keluaran,15,"Tema utama pasal ini adalah kekuatan Tuhan dalam menyelamatkan umat Israel dari kekuasaan Firaun melalui pengalihan laut Teberau dan kejadian yang menguji kesetiaan mereka di padang gurun. Konteksnya terjadi setelah umat Israel keluar dari Mesir, dengan Tuhan memberikan air manis di Mara dan sumber air di Elim sebagai bukti kehendak-Nya yang setia dalam perjalanan mereka ke gunung Sinai."
Keluaran,16,"Tema utama pasal ini adalah pengajaran tentang ketergantungan pada Allah dan kepatuhan terhadap hukum-Nya melalui penyediaan manna di padang gurun sebagai ujian iman dan pembentukan kesadaran akan hari sabat. Konteksnya adalah jemaah Israel yang mengeluh ketika berada di padang gurun Sin setelah keluar dari Mesir, di mana Allah memberikan manna selama 40 tahun hingga mereka tiba di perbatasan Tanah Kanaan."
Keluaran,17,"Tema utama pasal ini adalah ujian kepercayaan bangsa Israel terhadap Tuhan melalui kehausan dan perang dengan Amalek, yang menunjukkan kekuatan Tuhan dalam mengatasi ujian melalui Musa. Konteksnya terjadi setelah Israel keluar dari Mesir di Rafidim, ketika mereka tidak memiliki air dan menguji Tuhan, lalu berperang melawan Amalek dengan Musa yang harus memegang tongkat hingga matahari terbenam."
Keluaran,18,"Tema utama pasal ini adalah pembentukan sistem kepemimpinan berlapis untuk mengelola umat Israel setelah keluar dari Mesir, yang disarankan Yitro berdasarkan tantangan administratif ketika jumlah umat meningkat. Konteksnya terjadi di padang gurun pasca-keluar Mesir, di mana Musa kesulitan mengadili seluruh bangsa secara langsung dan membutuhkan bantuan struktural dari mertuanya untuk menghindari kelelahan."
Keluaran,19,"Tema utama pasal ini adalah pembentukan perjanjian Allah dengan bangsa Israel di Gunung Sinai setelah keluar Mesir, di mana Allah memberikan hukum melalui Musa. Konteksnya meliputi persiapan orang Israel dengan menguduskan diri dan membangun batas keamanan, sebelum kehadiran Allah yang maha kuasa dengan api dan guruh di puncak gunung tersebut."
Keluaran,20,"Tema utama pasal ini adalah perjanjian Allah dengan bangsa Israel di Gunung Sinai setelah keluar dari Mesir, yang menekankan ketaatan terhadap 10 perintah utama seperti larangan beribadah kepada dewa lain, hari Sabat, dan larangan dosa. Konteksnya adalah Israel yang baru berada di hadapan Allah untuk menerima hukum yang mengatur kehidupan beragama dan sosial, dengan kehadiran Allah yang maha kuasa yang menunjukkan kekuasaannya melalui tanda-tanda alam (seperti guruh dan kilat) untuk memperkuat perjanjian dan mengingatkan konsekuensi ketaatan serta ketidakpatuhan."
Keluaran,21,"Tema utama pasal ini adalah peraturan hukum Mosaic yang mengatur hak dan kewajiban budak, serta konsekuensi hukum untuk pelanggaran seperti pembunuhan, kekerasan, dan kasus keluarga. Konteksnya adalah masyarakat Israel pada masa hukum Torah yang menekankan keadilan dan perlindungan terhadap budak perempuan serta kelompok rentan lainnya."
Keluaran,22,"Tema utama pasal-pasal Alkitab ini adalah sistem hukum yang detail mengenai keadilan, kembalian kerugian, dan tanggung jawab sosial dalam masyarakat Israel sesuai peraturan Mosaic. Konteksnya adalah peraturan Tuhan yang diberikan untuk melindungi orang miskin, janda, dan anak yatim, serta memastikan kembalian kerugian yang adil dalam transaksi harta dan kehidupan beragama."
Keluaran,23,"Tema utama pasal ini adalah perintah etis dan sosial yang menekankan keadilan sosial, perlindungan terhadap miskin dan orang asing, serta observansi hukum sabat (seperti jadwal tanam dan istirahat) untuk menjaga kesejahteraan komunitas. Konteksnya adalah kehidupan bangsa Israel di Tanah Promisi setelah keluar Mesir, di mana hukum-hukum ini diberikan sebagai bentuk kesepakatan dengan Tuhan untuk mempertahankan ketaatan dan keberkahan."
Keluaran,24,"Tema utama pasal ini adalah pembentukan perjanjian Mosaic antara Allah dan bangsa Israel melalui penyerahan Taurat di Gunung Sinai, di mana ritual darah menjadi simbol komitmen umat untuk mengikuti perintah Allah. Konteksnya terjadi setelah umat Israel keluar dari Mesir, menunjukkan proses pengenalan hukum yang menjadi fondasi kehidupan agama mereka dan peran Musa sebagai mediator dalam hubungan dengan Allah."
Keluaran,25,"Tema utama pasal ini adalah perintah Tuhan kepada Musa untuk membangun Kediaman Suci dari bahan-bahan khusus seperti emas, kain, dan permata, agar Tuhan dapat berdiam di tengah-tengah orang Israel. Konteksnya adalah upaya orang Israel mematuhi perintah Tuhan setelah menerima Hukum di Gunung Sinai untuk menciptakan tempat kudus yang menjadi sarana hubungan antara Tuhan dan umat-Nya."
Keluaran,26,"Passal ini menjelaskan instruksi rinci untuk membangun Kemah Suci dari bahan khusus seperti kain ungu tua, ungu muda, dan kirmizi dengan ukuran dan struktur yang presisi. Konteksnya adalah kebutuhan umat Yahudi setelah keluar Mesir untuk menciptakan tempat suci portabel yang memisahkan antara tempat kudus dan tempat maha kudus, sehingga kehadiran Tuhan dapat dipertahankan di tengah umat."
Keluaran,27,"Tema utama pasal ini adalah instruksi detail untuk membangun Kemah Suci, mezbah, dan pelataran dengan ketelitian dalam ukuran serta bahan spesifik (tembaga dan perak) sesuai perintah Allah. Konteksnya adalah pembentukan ruang ibadah kudus bagi orang Israel yang memungkinkan kehadiran Tuhan dan pelaksanaan ritual kudus, seperti pemeliharaan lampu suci oleh para imam sepanjang hari."
Keluaran,28,"Tema utama pasal ini adalah instruksi rinci untuk membuat pakaian kudus bagi Harun dan anak-anaknya sebagai imam, yang dilengkapi dengan ephod, tutup dada berisi nama anak Israel, serta Urim-Tumim sebagai alat penghubung antara Allah dan umatnya. Konteksnya adalah pembentukan sistem imam dalam Kemah Pertemuan untuk menjalankan kebaktian dan mengambil keputusan berdasarkan kehendak Tuhan, sehingga imam dapat menguduskan umat dan menjaga keterkaitan mereka dengan Allah."
Keluaran,29,"Tema utama dari pasal ini adalah proses tahbiskan (kuduskan) imam Aaron dan keturunannya melalui ritual korban, pengolesan minyak, dan pakaian kudus untuk memegang jabatan imam yang abadi di Kemah Pertemuan. Konteksnya adalah pembentukan sistem kekudusan imam dalam komunitas Israel sebagai bentuk pengakuan kehadiran Tuhan yang akan berdiam di tengah umatnya, sesuai janji Tuhan untuk menjadi Allah mereka."
Keluaran,30,"Tema utama pasal ini adalah pembangunan Mezbah dan pengkudusan Kemah Pertemuan sesuai ketetapan Allah, dengan fokus pada ritual pendamaian harian (ukupan wangi-wangian), persembahan korban, serta pembayaran pendamaian bagi nyawa setiap orang Israel. Konteksnya adalah sistem ibadah Mosaic yang menjamin kekudusan ruang suci melalui ketatnya aturan persembahan, penggunaan minyak urapan, dan ritual tahunan untuk memperbaiki kesalahan dan menjaga hubungan manusia dengan Allah."
Keluaran,31,"Tema utama pasal ini adalah penunjukan Bezaleel dan Aholiab untuk membangun Kemah Pertemuan sesuai kehendak Tuhan, serta perintah hari Sabat sebagai peringatan kekal antara Tuhan dan bangsa Israel dengan ancaman hukuman bagi pelanggar. Konteksnya terjadi setelah Tuhan berbicara dengan Musa di Gunung Sinai, di mana Ia memberikan dua batu hukum yang menjadi dasar untuk kehidupan beragama dan penegakan istirahat sebagai bentuk penghormatan kepada Tuhan yang menciptakan dunia dalam enam hari."
Keluaran,32,"Tema utama pasal ini adalah kegagalan bangsa Israel dalam menghindari idolatri setelah Musa tidak kembali dari gunung, yang menyebabkan Allah marah dan menghancurkan mereka, namun Musa berupaya memohon ampun yang menghasilkan hukuman terbatas dan kesempatan untuk memasuki Tanah Suci. Konteksnya terjadi setelah keluar dari Mesir, ketika bangsa Israel membuat anak lembu emas dan menyembahnya, sehingga Allah menentukan hukuman tetapi Musa berhasil memohon ampun untuk menghindari kehancuran total."
Keluaran,33,"Tema utama pasal ini adalah perjanjian Allah dengan bangsa Israel untuk memasuki negeri yang dipersumpah kepada Abraham, dengan konteks pembentukan Kemah Pertemuan sebagai tempat pertemuan langsung dengan Allah dan permohonan Musa untuk melihat kemuliaan Allah yang tidak dapat dilihat manusia. Hal ini menekankan janji Allah untuk berjalan bersama umat-Nya meskipun batas yang tak terjangkau dalam hubungan, sekaligus menggambarkan tantangan dalam mengakui kehadiran Allah yang maha sifat."
Keluaran,34,"Tema utama pasal ini adalah pembentukan perjanjian Allah dengan bangsa Israel melalui perintah-perintah yang diberikan kepada Musa di Gunung Sinai, yang menekankan sifat kasih setia, kesetiaan, dan konsekuensi ketidakpatuhan. Konteksnya terjadi setelah bangsa Israel keluar dari Mesir, di mana Allah menetapkan hukum untuk menghindari dosa dan memastikan kehadiran-Nya dalam kehidupan mereka melalui ketaatan."
Keluaran,35,"Tema utama pasal ini adalah perintah Sabat yang menetapkan hari ketujuh sebagai hari istirahat suci dan kewajiban umat Israel untuk menyumbang bahan-bahan khusus dalam pembangunan Kemah Suci sesuai keahlian masing-masing. Konteksnya terjadi setelah Musa memberikan perintah setelah menerima Alkitab di Gunung Sinai, di mana umat Israel diminta berpartisipasi aktif dalam pembangunan suci melalui sumbangan dan keahlian yang ditentukan oleh Tuhan untuk memenuhi kehendak-Nya."
Keluaran,36,"Tema utama pasal ini adalah pembangunan Kemah Suci yang dilakukan oleh para ahli yang dikaruniai TUHAN sesuai perintah Allah, dengan material yang telah cukup dari orang Israel sehingga tidak perlu lagi membawa persembahan khusus. Konteksnya menunjukkan kepatuhan dalam eksekusi pekerjaan yang detail dan ketat sesuai rencana Tuhan, serta kecukupan bahan yang telah disediakan oleh umat Tuhan untuk memenuhi semua kebutuhan pembangunan."
Keluaran,37,Tema utama pasal ini adalah pembuatan furnitur suci Tabernakel dengan ketelitian dalam pengukuran dan bahan (kayu penaga dan emas murni) yang menggambarkan kehadiran Allah yang kudus. Konteksnya adalah proses pembangunan Tabernakel di padang gurun sesuai perintah Tuhan untuk menyediakan tempat kudus bagi persembahan dan kehadiran-Nya di antara umat Israel.
Keluaran,38,"Tema utama pasal ini adalah instruksi ketat Tuhan untuk membangun Kemah Suci dengan ketelitian dalam penggunaan bahan emas, perak, dan tembaga, serta keterlibatan Bezaleel dan Aholiab sebagai ahli tukang. Konteksnya terjadi pada masa keluar Mesir, di mana orang Lewi dipimpin oleh Itamar untuk membangun tempat kudus sesuai perintah Musa sebagai persiapan kehadiran Tuhan di antara orang Israel."
Keluaran,39,"Konteks pasal ini adalah pembangunan Kemah Suci dan pakaian jabatan imam yang dilakukan oleh orang Israel sesuai perintah TUHAN kepada Musa. Tema utamanya adalah kepatuhan yang teliti terhadap ketentuan ilahi dalam menyediakan alat ibadah yang mengandung simbolisme untuk mengingatkan identitas bangsa Israel dan keterkaitannya dengan TUHAN melalui bahan khusus (kain ungu, kain kirmizi, lenan halus) serta permata berlapis nama suku."
Keluaran,40,"Tema utama pasal ini adalah pembangunan Kemah Suci sesuai perintah Tuhan sebagai tempat kehadiran-Nya dan pusat peribadatan, serta pengudusan imam Harun dan anak-anaknya sebagai penyelenggara suci. Konteksnya meliputi proses penempatan perabot suci, pengurapan, dan kehadiran Tuhan yang ditandai dengan awan yang menjadi penunjuk arah perjalanan umat Israel."
Kidung Agung,1,"Tema utama pasal ini adalah ekspresi cinta yang mendalam dan penuh metafora alam, menggambarkan hubungan romantis yang saling menghargai dan berbagi keindahan. Konteksnya terdapat dalam Kitab Kidung Agung Salomo (Song of Solomon) dalam Perjanjian Lama, yang menggunakan gambaran hidup alam seperti anggur, domba, dan bunga untuk menyampaikan kecintaan yang abadi dan penuh makna."
Kidung Agung,2,"Tema utama pasal ini adalah ekspresi cinta romantis yang mendalam melalui metafora alam seperti kijang, pohon, dan musim dalam Kitab Kisah (Song of Solomon), yang menggambarkan hubungan yang penuh keindahan dan keunikan. Konteksnya menunjukkan keinginan kedua pihak untuk saling memahami dan menghargai kehidupan bersama melalui simbol-simbol alam yang menggambarkan kekuatan dan keindahan cinta."
Kidung Agung,3,"Konteks ini menggambarkan proses pencarian Salomo untuk menemukan kekasihnya yang tak terlihat, diiringi dengan kekuatan militer dan keindahan kota Yerusalem. Tema utamanya adalah keinginan mendalam dalam hubungan cinta yang membutuhkan kesabaran, di mana proses pencarian ini dijelaskan melalui metafora kekuatan Salomo dan kejayaan kota Sion, serta peringatan untuk tidak membangkitkan cinta sebelum keinginan yang tepat."
Kidung Agung,4,"Tema utama pasal ini adalah pujian terhadap keindahan perempuan (istri) dan keinginan suami yang mendalam untuk menyatukan diri dengannya, menggunakan metafora alam seperti gunung Libanon, rempah, dan kebun. Konteksnya terdapat dalam Kitab Suci yang menggambarkan cinta yang mendalam melalui bahasa puisi yang kaya dengan simbol-simbol alam."
Kidung Agung,5,Tema utama pasal ini adalah ekspresi cinta yang intens dengan metafora alam untuk menggambarkan hubungan yang mendalam antara dua pihak. Konteksnya terdapat dalam Kitab Kisah Raja yang menggunakan puisi cinta sebagai simbol keindahan dan kecintaan yang intim dalam perspektif manusia.
Kidung Agung,6,"Tema utama pasal ini adalah kecintaan yang mendalam dan kerinduan antara dua pihak yang diungkapkan melalui metafora alam seperti kebun, bunga bakung, dan domba. Konteksnya menggambarkan hubungan cinta yang penuh kepercayaan dan keunikan, dengan fokus pada keindahan dan keabadian dalam kasih yang saling menghargai."
Kidung Agung,7,"Kumpulan pasal ini menggambarkan tema cinta yang penuh keindahan melalui metafora alam seperti anggur, pohon korma, dan bunga, yang menekankan keunikan dan kecantikan kekasih dalam hubungan romantis. Konteksnya adalah puisi cinta dalam Alkitab yang mengungkapkan keinginan untuk berbagi kehidupan dan keindahan melalui perbandingan alamiah yang mendalam."
Kidung Agung,8,"Tema utama dari pasal-pasal ini adalah cinta yang mendalam, kuat, dan abadi yang diwujudkan melalui metafora alam seperti kebun anggur, pohon apel, dan binatang. Konteksnya menggambarkan hubungan suami-istri yang saling melindungi, berbagi kekayaan, dan memiliki kecintaan yang tak tergantikan meski dihadapkan pada tantangan besar."
Kisah Para Rasul,1,"Tema utama pasal ini adalah kenaikan Yesus ke surga, pengukuhan rasul-rasul sebagai saksi kebangkitan-Nya, serta pemilihan Matias untuk menggantikan Yudas setelah kematian Yudas. Konteksnya adalah komunitas Kristen awal di Yerusalem yang sedang menunggu datangnya Roh Kudus untuk melanjutkan misi dan mengatasi kekurangan akibat kejadian kematian Yudas."
Kisah Para Rasul,2,"Tema utama pasal ini adalah kejadian Pentakosta yang menjadi awal pembentukan gereja Kristen melalui kekuatan Roh Kudus yang memungkinkan para rasul berbicara dalam bahasa yang berbeda, menghasilkan sekitar tiga ribu orang yang dibaptis serta komunitas yang berbagi harta. Konteksnya adalah peristiwa yang terjadi setelah Yesus naik ke surga, di mana kehadiran Roh Kudus memperluas iman melalui pengajaran, persekutuan, dan pembagian sumber daya untuk membangun komunitas yang saling mendukung."
Kisah Para Rasul,3,"Tema utama pasal ini adalah kekuatan nama Yesus dalam menyembuhkan dan membebaskan dari keadaan lumpuh, seperti yang ditunjukkan melalui penyembuhan laki-laki yang lumpuh sejak lahir oleh Petrus dan Yohanes. Konteksnya adalah peristiwa ini yang memicu Petrus memberikan kesaksian tentang penolakan umat Israel terhadap Yesus Kristus dan kebutuhan untuk bertobat agar dosa dihapuskan serta menerima keselamatan melalui iman kepada Yesus."
Kisah Para Rasul,4,"Tema utama pasal ini adalah keberanian komunitas percaya dalam melanjutkan misi meskipun dihadapkan pada ancaman hukuman, yang berujung pada kesejahteraan sosial melalui kesatuan dan berbagi harta. Konteksnya terjadi setelah Petrus dan Yohanes dihadapkan oleh pemimpin Yahudi karena menyampaikan kebangkitan Yesus, dan meski dilarang, mereka tetap berani melanjutkan misi dengan dukungan Roh Kudus yang menggerakkan komunitas untuk berbagi sumber daya dan melakukan mujizat."
Kisah Para Rasul,5,"Tema utama pasal ini adalah konsekuensi dosa yang berat dan kekuatan Roh Kudus dalam memperkuat pertumbuhan jemaat Kristen awal yang tetap berani menyampaikan Injil meski menghadapi tekanan dari pihak berkuasa. Konteksnya meliputi kematian Ananias dan isterinya karena berdusta dalam penjualan tanah, lalu rasul-rasul dihadapkan oleh Imam Besar tetapi tetap melanjutkan pengajaran dengan dukungan Roh Kudus meski dihina."
Kisah Para Rasul,6,"Tema utama pasal ini adalah konflik internal jemaat Yesus awal di Yerusalem terkait distribusi makanan bagi janda yang memicu pemilihan tujuh dekan penuh Roh Kudus, serta tuduhan terhadap Stefanus atas klaim menghina Taurat dan mengancam keberadaan tempat kudus. Konteksnya adalah pertumbuhan jemaat yang cepat yang memerlukan pengelolaan layanan yang efektif, sehingga para rasul membagi tugas untuk fokus pada doa dan pelayanan Firman Allah, yang akhirnya memicu proses hukum terhadap Stefanus."
Kisah Para Rasul,7,"Tema utama pasal ini adalah keterkaitan janji Allah kepada Abraham dengan sejarah orang Israel hingga penolakan mereka terhadap Yesus Kristus sebagai penuh janji lama. Konteksnya adalah pidato Stephen dalam Kisah Para Rasul 7 yang menggambarkan pola penolakan orang Israel terhadap pesan Allah sejak zaman Nabi hingga masa Yesus, menunjukkan bahwa kepercayaan yang tidak berubah menjadi dasar bagi perjanjian baru."
Kisah Para Rasul,8,"Tema utama pasal ini adalah penyebaran Injil di Samaria dan Etiopia melalui karya Filipus, dengan penekanan pada pentingnya Roh Kudus dalam kepercayaan dan ketergantungan pada Allah, bukan transaksi uang. Konteksnya terjadi setelah kematian Stefanus, di mana gereja menghadapi tantangan seperti upaya Saulus membinasakan jemaat dan peristiwa Simon yang berusaha membeli kuasa Roh Kudus dengan uang yang akhirnya harus bertobat."
Kisah Para Rasul,9,"Tema utama pasal ini adalah transformasi Saulus dari penganiaya orang-orang beriman menjadi pengikut Yesus Kristus melalui pertemuan dengan Tuhan di jalan ke Damsyik. Konteksnya menunjukkan bagaimana Saulus, yang awalnya berencana menangkap orang-orang yang menyebut nama Yesus, diubah menjadi penginjil yang berani menyebarkan Injil kepada bangsa-bangsa dan raja-raja meskipun menghadapi ancaman dari orang Yahudi."
Kisah Para Rasul,10,"Tema utama pasal ini adalah inklusi orang bukan Yahudi ke dalam komunitas Kristen melalui iman kepada Yesus Kristus, yang dibuktikan oleh pengalaman Petrus dan Kornelius. Konteksnya terjadi pada masa awal gereja ketika gereja mulai memperluas misi ke luar kelompok Yahudi, dengan kejadian khusus di Kaisarea yang menunjukkan bahwa Allah tidak membedakan orang berdasarkan keturunan atau hukum Taurat."
Kisah Para Rasul,11,"Tema utama pasal ini adalah inklusi orang bukan Yahudi (Gentile) ke dalam gereja Kristen tanpa harus mengikuti hukum Taurat, yang ditunjukkan melalui visi Petrus dan keputusan jemaat Yerusalem. Konteksnya adalah perdebatan setelah kematian Stefanus yang memicu penyebaran Injil ke wilayah Siprus dan Antiokhia, serta penggunaan istilah ""Kristen"" di sana untuk pertama kalinya."
Kisah Para Rasul,12,"Konteks pasal ini terjadi pada masa Herodes menganiaya jemaat Yesus di sekitar hari Paskah, dengan menahan Petrus dalam penjara. Tema utamanya adalah kekuatan Tuhan yang menyelamatkan Petrus melalui malaikat dan menghukum Herodes karena kebanggaan diri, menunjukkan bahwa kekuasaan Allah melebihi kekuasaan manusia yang berusaha menghancurkan jemaat-Nya."
Kisah Para Rasul,13,"Tema utama pasal ini adalah misi Paulus dan Barnabas untuk menyampaikan Injil di wilayah Pisidia dengan dukungan Roh Kudus, meskipun menghadapi perlawanan orang Yahudi seperti Elimas yang berusaha menghalangi iman gubernur Pafos. Konteksnya meliputi perjalanan mereka yang mengakibatkan penyebaran iman kepada bangsa non-Yahudi dan kegembiraan di antara murid-murid setelah dikeluarkan oleh orang Yahudi dari wilayah tersebut."
Kisah Para Rasul,14,"Tema utama pasal ini adalah penyebaran Injil Paulus dan Barnabas di Asia Minor yang menghadapi tantangan budaya akibat penyembuhan di Lystra, yang menyebabkan orang lokal menganggap mereka sebagai dewa dan memicu konflik dengan orang Yahudi. Konteksnya menunjukkan proses pembentukan jemaat Kristen dengan struktur kepemimpinan apostolik dan penekanan pada kepercayaan kepada Allah sebagai sumber hidup, bukan berhala."
Kisah Para Rasul,15,"Tema utama pasal ini adalah perdebatan tentang kebutuhan orang bukan Yahudi untuk disunat dan mengikuti hukum Musa dalam keselamatan, yang diresolusi oleh keputusan rasul-rasul di Yerusalem untuk memperbolehkan orang bukan Yahudi masuk dalam iman tanpa disunat, tetapi dengan membatasi aturan makanan dan ritual tertentu. Konteksnya adalah proses penyelesaian konflik iman awal gereja dalam menyambungkan orang bukan Yahudi ke dalam iman berdasarkan kasih karunia Yesus Kristus melalui pertemuan di Yerusalem dan pengiriman surat ke Antiokhia."
Kisah Para Rasul,16,"Tema utama pasal ini adalah perjalanan misi Paulus dan Silas ke Philippi yang menghadapi tantangan seperti penyembuhan roh tenung dan penangkapan oleh penguasa, tetapi akhirnya dikeluarkan setelah gempa bumi dan konversi Lidia. Konteksnya meliputi upaya menyebarkan Injil sesuai keputusan Yerusalem serta visi Roh Kudus yang mendorong penyebaran iman di wilayah Makedonia."
Kisah Para Rasul,17,"Konteksnya adalah Paulus dan Silas melanjutkan misi di Yunani setelah menghadapi keributan di Tesalonika, berpindah ke Berea lalu Atena untuk menyebarkan Injil. Tema utamanya adalah penekanan Paulus pada kebangkitan Yesus sebagai jalan keselamatan dan keterkaitan manusia dengan Allah yang satu, yang menghasilkan beberapa orang percaya di Atena meskipun dihadapi resistensi dari orang Yahudi dan kepercayaan berhala."
Kisah Para Rasul,18,"Tema utama pasal ini adalah keberhasilan Paulus dalam menyebarkan Injil di Korintus meskipun menghadapi resistensi orang Yahudi, yang mengakibatkan banyak orang percaya dan dibaptis. Konteksnya meliputi kerja sama Paulus dengan Akwila dan Priskila, perlawanan di hadapan Gubernur Galio, serta transisi ke Efesus untuk melanjutkan misi dengan Apolos yang menjadi pengajar penting dalam komunitas percaya di Akhaya."
Kisah Para Rasul,19,"Tema utama pasal ini adalah pertumbuhan gereja Kristiani di Efesus dan perlawanan masyarakat lokal terhadap pesan Yesus yang akhirnya diselesaikan melalui intervensi pemerintah kota. Konteksnya adalah misi Paulus yang berlangsung selama dua tahun di Efesus, di mana keberhasilan pelayanan dan mujizatnya menarik banyak orang, tetapi juga memicu konflik ekonomi akibat kritik terhadap kepercayaan terhadap dewa Artemis."
Kisah Para Rasul,20,"Tema utama pasal ini adalah perpisahan Paulus dengan jemaat di Troas sebelum berangkat ke Yerusalem untuk hari raya Pentakosta, di mana ia menekankan kewaspadaan terhadap penyebaran ajaran palsu dan serigala setelah ia pergi, serta komitmen untuk menyelesaikan pelayanan Injilnya meski menghadapi penjara. Konteksnya adalah perjalanan Paulus yang berusaha mencapai Yerusalem tepat waktu untuk hari raya Pentakosta setelah mengalami ancaman dari orang Yahudi yang ingin membunuhnya, dengan jemaat di Makedonia dan Yunani menjadi kawasan yang ditinggalkan untuk melanjutkan misi."
Kisah Para Rasul,21,"Tema utama pasal ini adalah konflik antara kelompok Yahudi dan orang bukan Yahudi terkait kepatuhan hukum Taurat, yang muncul dari keputusan Paulus untuk tetap berangkat ke Yerusalem meski diberi peringatan oleh murid-murid. Konteksnya adalah penangkapan Paulus di Bait Allah akibat protes orang Yahudi terhadap ajaran Paulus yang mengajarkan kebebasan orang bukan Yahudi dari hukum Taurat."
Kisah Para Rasul,22,"Tema utama pasal ini adalah transformasi Paulus dari penganiaya umat Kristiani menjadi pengikut Yesus yang diberi misi menyampaikan kesaksian. Konteksnya terjadi setelah pengalaman kudus di Damascus, di mana Paulus dihadapkan pada kebencian rakyat Yahudi yang ingin menghancurkannya, lalu diadili oleh pihak Romawi untuk menentukan nasibnya."
Kisah Para Rasul,23,"Tema utama pasal ini adalah konflik antara Farisi dan Saduki terkait kepercayaan pada kebangkitan jiwa yang memicu ancaman pembunuhan terhadap Paulus di Yerusalem. Konteksnya meliputi proses penangkapan Paulus oleh orang Yahudi, intervensi komandan Romawi Klaudius Lisias untuk menghindari eksekusi, dan penempatannya ke bawah wali negeri Feliks di Kaisarea."
Kisah Para Rasul,24,"Tema utama pasal ini adalah persidangan Paulus di hadapan gubernur Romawi Feliks terkait dakwaan orang Yahudi tentang kekacauan dan keangkuhan sekte Nasrani dalam konteks politik dan agama yang kompleks di Yerusalem. Paulus membela diri dengan menunjukkan kepatuhan terhadap hukum Taurat dan keyakinan pada kebangkitan orang mati, sementara pihak Romawi melibatkan kepala pasukan Lisias untuk menghindari konflik yang berpotensi besar, sehingga kasus ini ditunda hingga digantikan oleh Perkius Festus setelah dua tahun."
Kisah Para Rasul,25,"Tema utama pasal ini adalah perdebatan hukum dan agama antara Paulus yang dituduh orang Yahudi untuk membunuhnya, dengan Festus (gubernur Romawi) yang harus menentukan apakah Paulus harus dihakimi di Yerusalem atau naik banding ke Kaisar. Konteksnya adalah situasi di Yerusalem dan Kaisarea di mana imam-imam Yahudi ingin membunuh Paulus karena klaimnya tentang kehidupan Yesus yang telah mati, sementara Paulus berargumen bahwa ia tidak bersalah secara hukum Taurat dan Bait Allah, sehingga mengajukan permohonan naik banding ke Kaisar untuk menghindari hukuman mati."
Kisah Para Rasul,26,"Tema utama pasal ini adalah Paulus menjelaskan konversi dan misi berdasarkan iman pada Yesus sebagai Mesias yang akan menderita dan bangkit, dalam konteks pertahanan di hadapan Raja Agrippa yang menunjukkan kepercayaan pada ajaran Yesus sebagai penebus. Konteksnya meliputi riwayat Paulus sebagai Farisi yang sebelumnya menganiaya orang-orang Yahudi, pengalaman konversi di jalan Damascus, dan pernyataan bahwa Yesus adalah Mesias yang telah diberitakan oleh nabi-nabi."
Kisah Para Rasul,27,"Tema utama pasal ini adalah kepercayaan Paulus terhadap Allah dalam kesulitan hidup, khususnya saat kapalnya terjebak badai dan mengalami kehancuran, yang akhirnya menghasilkan selamat semua orang melalui kekuatan surgawi. Konteksnya adalah perjalanan Paulus sebagai tahanan ke Italia untuk menghadapi kaisar, yang terganggu oleh badai yang menghancurkan kapal dan berakhir dengan selamatnya di pulau kecil Kauda."
Kisah Para Rasul,28,"Tema utama pasal ini adalah kekuatan iman Paulus dalam menghadapi ujian melalui kejadian penyembuhan di Malta dan perjalanan ke Roma untuk menyampaikan pesan Kerajaan Allah. Konteksnya adalah periode setelah Paulus dan kelompoknya tiba di Malta setelah kejadian kapal terjebak, di mana ia berhasil menyembuhkan orang sakit dan berdakwah di Roma selama dua tahun meskipun dihadapkan pada keberatan dari orang Yahudi."
Kolose,1,"Surat Kolose menekankan keutamaan Kristus sebagai gambar Allah yang menciptakan segala sesuatu dan kepala jemaat, serta meminta umat untuk tetap teguh dalam iman dan berbuah dalam kehidupan yang layak di hadapan Allah. Konteksnya adalah Paulus berupaya melindungi gereja di Kolose dari teori heretik yang berupaya mengurangi peran Kristus sebagai penebus dan kekuasaan Allah."
Kolose,2,"Tema utama pasal ini adalah mengajak umat Kristus tetap berakar dan dibangun di dalam Kristus sebagai sumber segala kekayaan rohani dan kebenaran, sekaligus memperingatkan untuk tidak terjebak dalam filsafat dunia atau peraturan manusia yang mengabaikan kekuasaan Kristus. Konteksnya adalah Paulus merespons kecenderungan gereja Kolossus yang cenderung mengikuti ajaran palsu dan kebiasaan hukum berlebihan, dengan menekankan bahwa Kristus adalah kepala segala kehidupan dan sumber kekayaan ilahi."
Kolose,3,"Tema utama pasal ini adalah perubahan hidup dari kehidupan duniawi ke dalam kehidupan yang berlandaskan Kristus, dengan fokus pada penggantian kebiasaan lama dengan karakter baru yang berisi kasih, kesabaran, dan keharmonisan. Konteksnya adalah orang percaya yang telah dibangkitkan bersama Kristus harus hidup dalam kekudusan dan ketaatan kepada Allah, menghindari kejahatan serta memperkuat persatuan dalam tubuh Kristus."
Kolose,4,"Tema utama pasal ini adalah pengingatkan Paulus tentang keadilan dalam hubungan dengan hamba, pentingnya doa konsisten, serta kehidupan penuh hikmat dan kasih untuk menghadapi dunia luar. Konteksnya adalah surat Paulus yang ditujukan kepada jemaat Colossia dalam situasi penjara, dengan penekanan pada dukungan komunitas melalui para sahabat dan doa untuk memperkuat pemberitaan Kristus."
Lukas,1,"Tema utama pasal ini adalah penuhnya janji Allah melalui kelahiran Yesus dan Yohanes, dengan Yohanes berperan sebagai pembuka jalan bagi Yesus. Konteksnya adalah catatan Lukas yang ditujukan kepada Teofilus untuk menjelaskan peristiwa awal dalam kehidupan Yesus dan peran Roh Kudus dalam merencanakan keselamatan Allah."
Lukas,2,"Tema utama pasal ini adalah kelahiran Yesus sebagai Mesias yang diumumkan kepada gembala melalui malaikat dan dinyatakan dalam presentasi di Bait Allah oleh Simeon dan Hana. Konteksnya terjadi dalam latar belakang perintah Kaisar Agustus untuk pendaftaran umum yang mengakibatkan Yesus lahir di Betlehem dalam keadaan sederhana, menunjukkan kehadiran Tuhan dalam kehidupan manusia yang biasa hingga usia 12 tahun."
Lukas,3,"Tema utama pasal ini adalah peran Yohanes sebagai penjelmaan yang mempersiapkan jalan bagi Yesus Kristus melalui pesan pertobatan dan baptis, dengan konteks sejarah di Yudea pada masa pemerintahan Kaisar Tiberius. Yohanes menegaskan bahwa ia bukan Mesias tetapi Yesus yang akan datang akan membaptis dengan Roh Kudus dan api, yang dinyatakan dalam kejadian baptis Yesus dan turunnya Roh Kudus dari langit. Selain itu, Yohanes dijebloskan ke penjara oleh Herod setelah kejadian dengan isterinya, menunjukkan konflik politik yang mempersiapkan munculnya Yesus sebagai Mesias."
Lukas,4,"Tema utama pasal ini adalah kemenangan Yesus atas Iblis melalui kesetiaan pada firman Allah dalam tiga pencobaan, yang menjadi dasar untuk memulai misi menyampaikan Injil Kerajaan Allah di Galilea. Konteksnya terjadi setelah Yesus kembali dari padang gurun setelah menghadapi pencobaan Iblis, diikuti dengan kegiatan pengajaran dan penyembuhan yang menunjukkan kekuasaan-Nya sebagai Anak Allah yang diutus oleh Bapa."
Lukas,5,"Tema utama pasal ini adalah kekuasaan Yesus dalam mengampuni dosa dan menyembuhkan penyakit, yang ditunjukkan melalui peristiwa penangkapan ikan besar, penyembuhan kusta, dan penyembuhan orang lumpuh. Konteksnya menunjukkan Yesus memanggil orang berdosa seperti pemungut cukai untuk mengikut-Nya, meskipun orang Farisi dan ahli Taurat mengkritik karena menilai Yesus berhubungan dengan yang dianggap berdosa."
Lukas,6,"Tema utama pasal ini adalah kekuatan Yesus atas hari Sabat dan ajaran etis yang menekankan kasih, pengampunan, serta keadilan, di konteks perjuangan untuk memperjelas otoritas-Nya atas hukum Taurat dan membangun kerajaan Allah. Yesus menunjukkan kekuasaan-Nya dalam menyembuhkan dan memilih rasul, sementara ajaran tentang kasih dan keadilan menjadi fondasi bagi kehidupan beragama yang baru."
Lukas,7,"Tema utama pasal ini adalah kekuatan iman dan kasih karunia Yesus yang diperlihatkan melalui kisah perwira yang beriman, penyelamatan orang mati di Nain, dan perempuan berdosa yang mengampuni dosa. Konteksnya adalah Yesus menunjukkan bahwa iman yang tulus dari orang yang rendah hati dan berani mengakui dosa lebih berharga daripada kekuatan sosial atau status, sehingga penyembuhan dan pengampunan dosa dapat terjadi."
Lukas,8,"Tema utama pasal ini adalah penjelasan tentang Kerajaan Allah melalui perumpamaan penabur benih yang menggambarkan berbagai respons manusia terhadap firman Allah, serta kekuasaan Yesus dalam menyembuhkan, mengusir setan, dan menghidupkan kembali orang yang mati. Konteksnya terjadi selama Yesus berjalan berkeliling Galilea untuk menyampaikan Injil, menghadapi tantangan seperti kehadiran keluarga-Nya, kejadian ajaib seperti menenangkan badai, dan penyelamatan orang yang dirasuki setan."
Lukas,9,"Tema utama pasal ini adalah misi para murid Yesus dalam menyampaikan Kerajaan Allah dan menyembuhkan orang, sekaligus menekankan biaya pengorbanan yang meliputi penderitaan, penolakan, dan kematian. Konteksnya terjadi pada fase awal kehidupan Yesus setelah pembaptisan, di mana Ia mengirim murid-muridnya dengan tugas spesifik, menghadapi tantangan seperti penolakan dari Herodes dan kepercayaan yang ambigu tentang identitas-Nya, serta mempersiapkan mereka untuk menghadapi kematian dan kebangkitan."
Lukas,10,"Tema utama pasal ini adalah misi 70 murid Yesus yang diberikan instruksi khusus untuk menyampaikan pesan, menyembuhkan, dan menghadapi penolakan dengan keberanian, sekaligus menekankan pentingnya kasih dan belas kasihan dalam melayani sesama. Konteksnya meliputi perbandingan respons orang terhadap pesan Yesus (kota-kota yang ditolak dan orang yang berbelas kasihan) serta keutamaan mendengar dan mengikuti Yesus dibandingkan dengan kegiatan berlebihan seperti yang dialami Marta."
Lukas,11,"Tema utama pasal ini adalah pengajaran Yesus tentang doa yang efektif dan kepercayaan yang aktif, serta kritik terhadap kekakuan orang-orang Farisi yang lebih mengutamakan ritual luar daripada keadilan dan kasih dalam hidup. Konteksnya terjadi setelah Yesus mengusir setan dan menghadapi kecurigaan orang banyak tentang kekuasaannya, sekaligus menyoroti ketidaksesuaian para ahli Taurat dalam memenuhi janji Allah melalui kehidupan yang benar."
Lukas,12,"Tema utama pasal ini adalah peringatan Yesus untuk tidak khawatir atas kebutuhan duniawi karena Allah akan menyediakannya, sekaligus menekankan pentingnya ketaatan kepada Kerajaan Allah dan waspada terhadap kemunafikan. Konteksnya adalah Yesus mengajarkan melalui perumpamaan tentang kekayaan yang tidak berarti dan persiapan untuk kedatangan Anak Manusia, menunjukkan bahwa kehidupan rohani lebih penting daripada kekayaan duniawi."
Lukas,13,"Tema utama pasal ini adalah pentingnya bertobat dan sifat Kerajaan Allah yang dijelaskan melalui perumpamaan pohon ara dan biji sesawi, serta aksi penyembuhan Yesus pada hari Sabat yang menunjukkan keutamaan kasih Allah atas kepatuhan ritual. Konteksnya adalah Yesus menghadapi penolakan Yerusalem yang telah membunuh nabi-nabi, sementara Ia berjalan menuju kematian di Yerusalem dengan pesan bahwa Kerajaan Allah akan mencakup orang dari berbagai latar belakang dan mengingatkan tentang nasib yang akan datang bagi yang tidak bertobat."
Lukas,14,"Konteks pasal ini terjadi ketika Yesus berada di rumah pemimpin Farisi untuk makan dan menghadapi pertanyaan tentang menyembuhkan pada hari Sabat. Tema utamanya adalah kekuatan Yesus dalam menyembuhkan, pengajaran tentang kehormatan melalui perumpamaan duduk di pesta perkawanan, serta pentingnya mengundang orang miskin dan mengorbankan harta benda sebagai syarat menjadi murid-Nya."
Lukas,15,"Tema utama pasal ini adalah keberanian Tuhan dalam menerima orang berdosa dan sukacita yang besar di surga ketika seorang berdosa bertobat, seperti ditunjukkan dalam tiga perumpamaan (domba hilang, koin hilang, dan anak yang berdosa kembali). Konteksnya adalah respons Yesus terhadap kritik Farisi dan ahli Taurat yang mengeluhkan kebiasaannya makan bersama orang berdosa, menekankan bahwa Tuhan lebih menghargai pertobatan daripada kebenaran yang tidak perlu bertobat."
Lukas,16,"Tema utama pasal ini adalah pentingnya kejujuran dan kepercayaan dalam mengelola harta, di mana Yesus membandingkan kecerdasan dunia (seperti bendahara tidak jujur) dengan kecerdasan rohani yang lebih bermakna. Konteksnya adalah Yesus mengajarkan murid-murid-Nya untuk setia dalam hal kecil seperti harta agar diterima di kemah abadi, sementara kesalahan dalam pengelolaan harta dapat menyebabkan ketidaksetiaan terhadap Allah dan konsekuensi etis yang berat seperti dalam kisah orang kaya dan Lazarus."
Lukas,17,"Tema utama pasal ini adalah pentingnya mengampuni dosa berulang, kekuatan iman yang kecil namun mampu mengubah keadaan, serta peringatan tentang kedatangan Kerajaan Allah yang tidak terlihat secara lahiriah. Konteksnya meliputi kisah sepuluh orang kusta yang sembuh tetapi hanya satu yang kembali berterima kasih kepada Yesus, dan peringatan tentang akhir zaman yang mengingatkan manusia untuk tidak terlambat menyelamatkan diri seperti dalam kisah Nuh dan Lot."
Lukas,18,"Tema utama pasal ini adalah pentingnya doa yang tidak berkesudahan dan kehendak yang rendah hati dalam memasuki Kerajaan Allah, seperti yang ditegaskan melalui perumpamaan hakim yang tidak adil dan perbandingan antara Farisi dan pemungut cukai. Konteksnya adalah Yesus memberikan pelajaran kepada murid-murid-Nya tentang keterbukaan Kerajaan Allah bagi yang rendah hati, anak-anak, dan orang miskin, sementara kekayaan dan kebanggaan diri menjadi hambatan untuk memasukinya."
Lukas,19,"Tema utama pasal ini adalah keselamatan yang diberikan Yesus kepada orang yang berubah hati (seperti Zakheus) dan peringatan tentang konsekuensi ketidaksetiaan melalui perumpamaan mina. Konteksnya adalah perjalanan Yesus ke Yerusalem sebelum penghakiman, di mana Ia menghadapi kebencian umat, mengusir penjual di Bait Allah, serta menangis atas kehancuran yang akan menimpa kota tersebut karena ketidakpedulian umat terhadap keselamatan yang telah diberikan."
Lukas,20,"Tema utama pasal ini adalah kritik terhadap kekakuan dan hipokrisi imam-imam kepala serta ahli Taurat yang menanyakan otoritas Yesus, sekaligus mengungkap konsekuensi penolakan kerajaan Allah melalui perumpamaan kebun anggur. Konteksnya menunjukkan Yesus menjawab pertanyaan tentang pajak Kaisar dan kebangkitan dengan bijak tanpa mengungkap sumber kuasa-Nya, sekaligus memperingatkan kekakuan para ahli Taurat yang berupaya mengelabui umat."
Lukas,21,"Tema utama pasal ini adalah peringatan Yesus tentang tanda-tanda akhir zaman, keruntuhan Bait Allah, dan kewajiban umat untuk tetap waspada menghadapi ujian yang akan datang. Konteksnya menunjukkan Yesus memberikan panduan tentang peristiwa seperti perang, gempa, dan penderitaan yang akan terjadi sebelum kehadiran Anak Manusia, serta anjuran untuk tidak tergoda oleh kekacauan duniawi dan tetap berdoa untuk kesiapan spiritual."
Lukas,22,"Tema utama pasal ini adalah peringatan Paskah di mana Yesus memperkenalkan simbol tubuh dan darah-Nya sebagai peringatan kematian yang akan diserahkan untuk keselamatan umat, sekaligus memprediksi pengkhianatan Yudas dan penyangkalan Petrus. Konteksnya terjadi pada hari Paskah yang mendekati, di mana Yesus menghadapi pengkhianatan, penyerahan, dan pengakuan sebagai Anak Allah yang akan diserahkan oleh imam-imam kepala dan murid-murid-Nya."
Lukas,23,"Tema utama pasal ini adalah proses pengadilan Yesus oleh Pilatus yang tidak menemukan kesalahan, namun dipaksa rakyat Yahudi untuk disalibkan karena tuduhan politik dan klaim diri sebagai Kristus. Konteksnya adalah ketegangan kekuasaan antara pemerintah Romawi dan pihak Yahudi yang menganggap Yesus sebagai ancaman terhadap kestabilan politik dan kepercayaan."
Lukas,24,"Tema utama pasal ini adalah kebangkitan Yesus Kristus yang menjadi fondasi iman dan penggenapan nubuatan Alkitab, dengan konteks peristiwa pertama kali para murid melihat kebangkitan Yesus di kubur serta pertemuan di jalan Emaus. Peristiwa ini menunjukkan bahwa Yesus telah bangkit sesuai janji-Nya, sehingga para murid diberikan kekuatan untuk menyebarkan berita keselamatan dan kembali ke Yerusalem setelah memahami makna kebangkitan-Nya."
Maleakhi,1,"Tema utama pasal Malachi ini adalah keputusan Tuhan menghakimi umat Israel karena ketidaksetiaan dalam ibadah dan penggunaan persembahan yang tidak layak, seperti binatang cacat atau sakit. Konteksnya terjadi pada umat Israel yang setelah kembali dari pengasingan Babel masih tidak menghormati nama Tuhan dengan menyembah yang tidak sesuai, sehingga Tuhan akan menghancurkan mereka dan mengubah tanah mereka menjadi gurun sebagai konsekuensi ketidakpatuhan mereka."
Maleakhi,2,"Tema utama pasal ini adalah peringatan Tuhan kepada para imam untuk tetap memegang perjanjian dengan Lewi dan menghindari kecurangan, karena kegagalan mereka dalam menjalankan kewajiban sebagai utusan Tuhan telah merusak perjanjian nenek moyang dan menghadirkan kutuk bagi umat. Konteksnya menunjukkan kegagalan imam dalam menghormati nama Tuhan, menyebarkan kebohongan, serta berkhianat terhadap isteri dan perjanjian, sehingga Tuhan akan menghancurkan kehormatan dan kekayaan mereka sebagai konsekuensi ketidakpatuhan."
Maleakhi,3,"Tema utama pasal ini adalah ancaman hukuman Tuhan terhadap kejahatan bangsa Yehuda dan janji pemulihan jika mereka kembali kepada-Nya melalui perubahan dari kejahatan menjadi pelayan yang tulus. Konteksnya menunjukkan umat Tuhan yang telah melanggar kesepakatan-Nya dengan berbagai kejahatan seperti perzinaan, penindasan, dan kejahatan sosial, sehingga Tuhan menjanjikan keadilan dan keberkahan bagi yang berubah."
Maleakhi,4,"Tema utama pasal ini adalah hari kehancuran Tuhan yang akan menghancurkan orang fasik hingga tidak tersisa, sedangkan orang yang takut pada nama-Nya akan mendapat kebenaran dan kesembuhan. Konteksnya adalah peringatan melalui nubuatan Malachi yang menekankan pentingnya mengingat Taurat, berubah hati, dan peran nabi Elia sebagai pengingat sebelum hari kehancuran bumi."
Markus,1,"Tema utama pasal ini adalah awal misi Yesus Kristus setelah dibaptis oleh Yohanes Pembaptis, di mana Ia dinyatakan sebagai Anak Allah oleh suara sorga dan mengalami ujian Iblis selama 40 hari. Konteksnya menunjukkan transisi dari persiapan oleh Yohanes ke aktivitas pelayanan Yesus dalam Galilea dengan memanggil murid-murid dan melakukan penyembuhan serta mengusir setan."
Markus,2,"Tema utama pasal ini adalah kekuasaan Yesus dalam mengampuni dosa dan misi-Nya untuk memanggil orang berdosa, yang bertentangan dengan pandangan ahli Taurat yang berpikir hanya Allah yang berhak mengampuni dosa. Konteksnya meliputi perdebatan tentang otoritas Yesus atas hari Sabat dan kritik Farisi terhadap hubungan Yesus dengan pemungut cukai dan orang berdosa, yang menunjukkan bahwa Yesus adalah Tuhan atas hari Sabat dan memiliki kekuatan untuk mengubah kehidupan orang yang berdosa."
Markus,3,"Tema utama pasal ini adalah kekuatan Yesus dalam menyembuhkan orang di hari Sabat dan menghadapi kritik dari orang-orang Farisi yang berupaya membunuh-Nya. Konteksnya menunjukkan Yesus memilih dua belas murid untuk menyebarkan Injil dan menjelaskan bahwa keluarga-Nya adalah mereka yang melaksanakan kehendak Allah, meskipun dituduh kerasukan roh jahat."
Markus,4,"Tema utama pasal ini adalah perumpamaan penabur yang menjelaskan perbedaan respon orang terhadap firman Allah—sebagian ditolak, sebagian hanya sementara, dan sebagian besar menghasilkan buah yang banyak. Konteksnya adalah Yesus mengajarkan tentang Kerajaan Allah kepada murid-murid-Nya dengan menekankan pentingnya telinga yang siap untuk mendengar dan memahami firman, serta menunjukkan kekuasaan-Nya melalui aksi menenangkan badai."
Markus,5,"Tema utama pasal ini adalah kekuatan Yesus dalam mengusir roh jahat dan menyembuhkan penyakit fisik, ditunjukkan melalui pengusiran legiun roh jahat dari seorang laki-laki di daerah Gerasa serta penyembuhan putri Yairus yang hampir mati. Konteksnya terjadi di tepi danau dan kampung-kampung sekitarnya, menyoroti kekuasaan Yesus atas dunia roh dan fisik, serta pentingnya iman dalam menerima keselamatan yang diberikan-Nya."
Markus,6,"Tema utama pasal ini adalah ketidakpercayaan Yesus di kampung halamannya yang berakibat pada penolakan oleh keluarga dan masyarakat terdekatnya, sekaligus menunjukkan kekuatan dan kebijaksanaan-Nya dalam mengirim murid-murid untuk menyebarkan pesan serta menghadapi tantangan seperti pembunuhan Yohanes Pembaptis oleh Raja Herodes. Konteksnya meliputi mujizat memberi makan 5000 orang dan berjalan di atas air, yang menggambarkan otoritas Yesus dan kebutuhan untuk beristirahat setelah aktivitas yang intensif."
Markus,7,"Tema utama pasal ini adalah kritik Yesus terhadap kemunafikan orang Farisi yang lebih memprioritaskan adat istiadat manusia daripada perintah Allah, serta penegasan bahwa kekotoran berasal dari dalam hati. Konteksnya terjadi ketika orang Farisi dan ahli Taurat menanyakan mengapa murid Yesus tidak mematuhi adat istiadat nenek moyang mereka dalam makan, sehingga Yesus mengkritik mereka atas kegagalan menghargai ajaran Allah dan kebutuhan spiritual yang sebenarnya."
Markus,8,"Tema utama pasal ini adalah kejadian Yesus memberi makan ribuan orang yang menggambarkan kasih dan kekuatan-Nya dalam memberi kebutuhan, sekaligus mengingatkan murid-murid untuk tidak terjebak dalam kepercayaan yang dangkal. Konteksnya terjadi setelah Yesus menyatakan identitas-Nya sebagai Mesias dan mempersiapkan murid-murid untuk mengalami penderitaan dan kematian sebagai bagian dari jalan keselamatan."
Markus,9,"Tema utama pasal ini adalah transfigurasi Yesus yang mengungkap kekuasaan dan kehendak Allah, serta penjelasan tentang peran Elia yang telah terpenuhi sebelumnya. Konteksnya menunjukkan Yesus mengajarkan murid-murid tentang penderitaan dan kematian-Nya yang akan terjadi, sekaligus menunjukkan kekuasaan-Nya dalam menyembuhkan dan mengusir roh jahat, dengan pesan tentang kepercayaan dan kesetiaan yang diperlukan untuk mengikuti jalan keselamatan."
Markus,10,"Tema utama pasal ini adalah keterbatasan akses ke Kerajaan Allah bagi yang kaya dan kebutuhan untuk mengorbankan harta benda serta kekuasaan dalam mengikuti Yesus, sekaligus menekankan bahwa Kerajaan Allah milik anak-anak yang rendah hati. Konteksnya adalah Yesus menjelaskan tentang pernikahan, mengkritik kekayaan yang menghalangi keselamatan rohani, dan menggambarkan penderitaan-Nya yang akan datang sebelum kemenangan akhir."
Markus,11,"Tema utama pasal ini adalah Yesus menunjukkan otoritas-Nya sebagai Raja yang akan menghadapi konflik dengan imam-imam kepala melalui masuk Yerusalem dengan keledai muda, pembersihan Bait Allah, serta kutukan pada pohon ara yang tidak berbuah. Konteksnya terjadi pada minggu sebelum Paskah, di mana Yesus menggambarkan kekuatan-Nya dan mengajarkan pentingnya iman serta pengampunan dalam persiapan untuk kematian dan kenaikan-Nya."
Markus,12,"Konteks pasal ini terjadi selama Yesus mengajar di Yerusalem, di mana Ia menggunakan perumpamaan kebun anggur untuk mengkritik ketidaksetiaan para penggarap terhadap kehendak Allah. Tema utamanya adalah kebutuhan mengasihi Allah dan sesama manusia secara tulus, serta kritik terhadap kebiasaan para ahli Taurat yang berlebihan dalam kehormatan dan kekayaan, sementara menekankan kepentingan kasih dan keadilan dalam kehidupan beragama."
Markus,13,"Tema utama pasal ini adalah peringatan Yesus tentang tanda-tanda akhir zaman yang meliputi runtuhnya Bait Allah, penyesatan oleh nabi palsu, dan penderitaan besar yang akan mengancam umat. Ia menekankan kebutuhan untuk tetap waspada dan berjaga-jaga hingga hari kematian yang tidak diketahui waktu kedatangannya, dengan mengingatkan bahwa segala yang disebutkan akan terjadi sebelum kehadiran Anak Manusia dalam kekuasaan yang penuh."
Markus,14,"Tema utama pasal ini adalah peristiwa Perjamuan Paskah yang meliputi prediksi pengkhianatan Yesus oleh Yudas, institusi tubuh dan darah sebagai perjanjian baru, serta kegagalan Petrus dalam menyangkal-Nya tiga kali. Konteksnya terjadi pada minggu Paskah yang mengarah pada penghakiman dan kematian Yesus, dengan imam-imam kepala berupaya menangkap-Nya untuk menghindari keributan."
Markus,15,"Tema utama pasal ini adalah proses pengadilan dan kematian Yesus melalui salib yang terjadi pada hari Paskah, di mana keinginan orang banyak untuk menghakimi Yesus akhirnya mengakibatkan kematian-Nya meskipun Pilatus berusaha membebaskan Barabas. Konteksnya meliputi konflik politik antara pemerintah Romawi dan imam-imam Yahudi, serta peran orang banyak dalam memutuskan nasib Yesus yang menjadi bagian dari nubuatan tentang kebangkitan-Nya."
Markus,16,"Tema utama pasal ini adalah kebangkitan Yesus dan perintah-Nya kepada murid-murid untuk menyebarkan Injil ke seluruh dunia. Konteksnya adalah periode awal setelah kebangkitan Yesus, di mana Ia muncul kepada para murid secara bertahap sebelum memberikan komisi dan janji tanda-tanda kepercayaan bagi yang percaya."
Matius,1,"Tema utama pasal ini adalah menunjukkan keturunan Yesus Kristus yang terdiri dari 14 generasi dari Abraham hingga Daud, 14 generasi dari Daud hingga pembuangan ke Babel, dan 14 generasi hingga Kristus, sebagai bukti kehendak Tuhan dalam perencanaan keselamatan melalui Kristus. Konteksnya adalah kelahiran Yesus yang dijelaskan melalui peristiwa Yusuf menerima Maria sebagai isteri setelah malaikat Tuhan mengingatkan bahwa anak dalam kandungannya lahir dari Roh Kudus, sehingga memenuhi nubuatan Imanuel tentang Allah yang menyertai umat."
Matius,2,"Konteks pasal ini menggambarkan perjalanan orang-orang majus ke Betlehem untuk menyembah Yesus yang lahir, yang memicu raja Herodes berupaya membunuh anak-anak di Betlehem sebagai ancaman terhadap Mesias. Sebagai respons, Yusuf melarikan diri ke Mesir dan kembali ke Galilea setelah Herodes mati, akhirnya tinggal di Nazaret untuk memenuhi nubuatan nabi bahwa Yesus akan disebut ""Orang Nazaret""."
Matius,3,Tema utama pasal ini adalah Yohanes Pembaptis menganjurkan pertobatan dan mempersiapkan jalan bagi datangnya Yesus Kristus dengan mengingatkan bahwa Kerajaan Sorga sudah dekat. Konteksnya terlihat dari proses pembaptisan Yesus di sungai Yordan yang diikuti oleh turunnya Roh Kudus dan pengakuan Allah bahwa Yesus adalah Anak Kudus-Nya.
Matius,4,"Tema utama pasal ini adalah kemenangan Yesus dalam menghadapi cobaan Iblis di padang gurun dengan mengutamakan kepercayaan pada firman Allah, yang menjadi fondasi awal misi memperkenalkan Kerajaan Sorga. Konteksnya menunjukkan transisi Yesus dari pengalaman cobaan ke aktivitas pengajaran, penyembuhan, dan pengumpulan murid-murid di Galilea, sekaligus menarik perhatian umat dari berbagai wilayah untuk mengikuti misi Kristus."
Matius,5,"Tema utama pasal ini adalah ajaran Yesus dalam Sermon on the Mount yang menekankan kebahagiaan batin, keadilan, dan kehidupan yang sempurna sesuai dengan hukum Taurat yang diinterpretasi secara baru. Konteksnya adalah pengajaran Yesus kepada umat untuk memasuki Kerajaan Sorga melalui kehidupan yang penuh kasih dan keadilan batin."
Matius,6,"Tema utama pasal ini adalah pentingnya kehidupan rohani yang jujur dan tidak berpura-pura dalam beribadah, serta kepercayaan pada Allah untuk memenuhi kebutuhan hidup tanpa khawatir atas kekayaan duniawi. Konteksnya adalah ajaran Yesus dalam Injil Matius yang menekankan keterbukaan hati dan kebenaran spiritual dibandingkan dengan kekhawatiran material yang berlebihan."
Matius,7,"Tema utama pasal ini adalah pentingnya tidak menghakimi orang lain tanpa memperbaiki diri terlebih dahulu, serta keterkaitan antara tindakan yang baik dan kehidupan yang berkelanjutan dalam iman. Konteksnya adalah pembicaraan Yesus di gunung dalam Injil Matius yang mengajarkan tentang keadilan, kepercayaan, dan jalan hidup yang sempit yang mengarah pada kehidupan abadi melalui tindakan konsisten."
Matius,8,"Tema utama pasal ini adalah kekuatan Yesus dalam menyembuhkan penyakit dan mengusir setan, serta menunjukkan kekuasaan-Nya yang mengatasi keterbatasan manusia. Konteksnya terjadi selama misi Yesus di Galilea, di mana Ia melakukan tindakan ajaib yang mengungkapkan perbedaan iman antara orang yang percaya (seperti perwira) dan yang tidak (seperti murid-murid yang takut saat badai)."
Matius,9,"Tema utama pasal ini adalah kekuasaan Yesus dalam mengampuni dosa dan menyembuhkan, serta keterbukaan-Nya terhadap orang berdosa dan terpinggirkan. Konteksnya adalah misi Yesus di Galilea yang menunjukkan kekuatan-Nya melawan penyakit dan dosa, sekaligus menekankan bahwa iman dan kasih lebih penting daripada ritual keagamaan yang kaku."
Matius,10,"Tema utama pasal ini adalah Yesus memberikan kuasa dan tugas kepada dua belas murid-Nya untuk menyebarkan kerajaan Sorga di dalam umat Israel dengan mengusir roh jahat dan menyembuhkan penyakit, sekaligus mempersiapkan mereka menghadapi penolakan dan penganiayaan karena nama-Nya. Konteksnya adalah misi awal umat Kristiani yang fokus pada komunitas Yahudi, dengan penekanan pada kesetiaan dan kepercayaan kepada Tuhan meskipun menghadapi tantangan sosial dan spiritual yang berat."
Matius,11,"Tema utama pasal ini adalah identitas Yesus sebagai Mesias yang memenuhi peran Yohanes Pembaptis sebagai penjelmaan Kerajaan Sorga, sekaligus menunjukkan kritik terhadap kota-kota yang tidak bertobat meskipun mengalami mujizat. Konteksnya adalah Yesus yang telah selesai berpesan kepada dua belas muridnya dan mulai mengajar di kota-kota, di mana murid-murid Yohanes mempertanyakan identitas Yesus untuk menentukan apakah Ia adalah yang akan datang atau harus menantikan orang lain."
Matius,12,"Tema utama pasal ini adalah otoritas Yesus atas hari Sabat dan kekuatan penyembuhannya yang bertentangan dengan kebijakan orang Farisi yang kaku dalam menjalankan hukum Taurat. Konteksnya menunjukkan Yesus menekankan bahwa kasih dan keadilan lebih penting daripada ritual, dengan mengajarkan bahwa keluarga sejati adalah mereka yang mengikutinya dalam kehendak Allah."
Matius,13,"Konteks pasal ini adalah Yesus mengajarkan Kerajaan Sorga kepada orang banyak melalui perumpamaan penabur dan lainnya, yang menggambarkan variasi penerimaan firman Allah berdasarkan kondisi hati: dari yang tidak memahami hingga yang berbuah banyak. Tema utamanya adalah hanya yang memiliki hati yang terbuka dan siap menerima dapat memahami Kerajaan Sorga, sementara yang tidak memiliki karunia spiritual akan kehilangan kesempatan tersebut."
Matius,14,"Tema utama pasal ini adalah kekuatan dan kasih karunia Yesus yang terbukti melalui tindakan ajaib seperti penyembuhan, penyediaan makanan bagi 5.000 orang dengan 5 roti dan 2 ikan, serta berjalan di atas air, meskipun dihadapkan pada konflik manusia seperti pembunuhan Yohanes oleh Herodes. Konteksnya terjadi setelah berita Yohanes dibunuh, di mana Yesus menghadapi orang banyak yang membutuhkan penyembuhan dan menunjukkan otoritas-Nya sebagai Anak Allah melalui kejadian ajaib yang mengalahkan kecemasan murid-murid-Nya."
Matius,15,"Tema utama pasal ini adalah kritik Yesus terhadap kelebihan adat istiadat nenek moyang yang mengabaikan perintah Allah dan penekanan pada kekotoran yang berasal dari hati, bukan dari luar. Konteksnya terjadi saat Yesus berdebat dengan orang Farisi di Yerusalem, lalu menunjukkan kasih karunia-Nya kepada orang Kanaan dan melayani banyak orang melalui penyembuhan serta makanan bagi ribuan orang."
Matius,16,"Tema utama pasal ini adalah peringatan Yesus untuk waspada terhadap kekafiran orang Farisi dan Saduki, serta keterkaitan dengan kebutuhan mengalami penderitaan dalam mengikuti-Nya. Konteksnya terjadi ketika murid-murid mengalami kebingungan tentang tanda yang diminta dan identitas Anak Manusia, yang akhirnya ditegaskan oleh Yesus sebagai Mesias yang akan mengalami penderitaan, kematian, dan dibangkitkan kembali pada hari ketiga."
Matius,17,"Tema utama pasal ini adalah transfigurasi Yesus yang mengungkapkan kekuasaan dan kehendak Allah melalui kejadian bercahaya dengan Musa dan Elia, serta penekanan pada kebutuhan iman yang kuat dari murid-murid untuk menghadapi kematian dan kenaikan Yesus. Konteksnya adalah persiapan Yesus untuk kematian yang akan datang, di mana Ia juga menunjukkan kekuasaan penyembuhan dan mengajarkan tentang kepercayaan yang diperlukan untuk menghadapi tantangan hidup."
Matius,18,"Tema utama pasal ini adalah bahwa kebesaran dalam Kerajaan Sorga hanya dimiliki oleh yang berani menjadi seperti anak kecil dengan sikap rendah hati dan kesederhanaan, bukan oleh yang berkuasa atau berpangkat. Konteksnya menekankan pentingnya pengampunan yang tak terbatas terhadap saudara, sebagaimana ilustrasi dalam kisah hamba yang tidak mengampuni yang mengakibatkan kehilangan keberadaan dalam Kerajaan Sorga."
Matius,19,"Tema utama pasal ini adalah Yesus menjelaskan tentang kesatuan suami-isteri yang tidak boleh diceraikan kecuali karena zinah, kesulitan orang kaya masuk ke kerajaan surgawi, dan panggilan untuk mengorbankan harta demi mengikuti-Nya. Konteksnya terjadi setelah Yesus berada di Yudea setelah mengajar di Galilea, di mana Ia menjawab pertanyaan Farisi tentang perceraian, mengajarkan tentang kebutuhan meninggalkan harta, serta menekankan bahwa anak-anak termasuk dalam kerajaan surgawi."
Matius,20,"Tema utama pasal ini adalah bahwa dalam Kerajaan Sorga, keadilan Allah tidak ditentukan oleh usaha atau waktu kerja, melainkan kasih karunia yang menghargai semua orang tanpa memandang status. Konteksnya menunjukkan Yesus mengajarkan tentang penderitaan dan kematian-Nya yang akan datang, menolak permintaan murid-muridnya untuk posisi kekuasaan, serta menunjukkan kasih karunia melalui penyembuhan dua orang buta yang membutuhkan keselamatan."
Matius,21,"Tema utama pasal ini adalah upacara masuk Yesus ke Yerusalem dengan keledai yang melambangkan kerajaan Allah yang lemah lembut, di mana Ia mengusir penjual di Bait Allah dan memberikan perumpamaan tentang kehancuran kerajaan yang akan terjadi pada imam-imam kepala dan Farisi yang tidak percaya. Konteksnya terjadi pada hari-hari sebelum Paskah, ketika Yesus menghadapi ketidakpercayaan dan upaya penangkapan oleh pihak agama yang takut kepada umum yang menganggapnya sebagai nabi."
Matius,22,"Tema utama pasal ini adalah keterbukaan Kerajaan Sorga kepada semua orang, termasuk yang tidak terpilih awalnya, melalui perumpamaan perjamuan kawin yang menunjukkan bahwa keselamatan hanya diperoleh dengan kesiapan hati. Konteksnya adalah Yesus menjawab pertanyaan orang-orang Farisi dan Saduki tentang pajak Kaisar, kebangkitan, dan identitas Mesias, menunjukkan kekuatan iman dan kebutuhan untuk mengikuti jalan Allah yang benar."
Matius,23,"Tema utama pasal ini adalah kritik Yesus terhadap ahli Taurat dan orang-orang Farisi yang munafik karena mengajarkan hukum tapi tidak melakukannya, serta berfokus pada ritual eksternal tanpa mengutamakan keadilan dan kasih. Konteksnya adalah Yesus menekankan kepentingan kehidupan yang jujur dan pelayanan, bukan kekuasaan dan kehormatan, serta mengingatkan bahwa mereka yang menutup pintu Kerajaan Surga akan menghadapi hukuman yang berat."
Matius,24,"Tema utama pasal ini adalah peringatan Yesus tentang tanda-tanda akhir zaman, tribulasi yang akan terjadi sebelum kedatangan-Nya kembali, serta penipuan nabi palsu yang akan menyesatkan umat. Konteksnya adalah Yesus memberikan panduan kepada murid-murid-Nya setelah keluar dari Bait Allah, mengingatkan mereka untuk waspada terhadap kejadian yang mengancam kehidupan dan menyiapkan diri untuk kedatangan Anak Manusia."
Matius,25,"Tema utama pasal ini adalah pentingnya kesiapan spiritual dan penggunaan anugerah yang diberikan Tuhan dalam kehidupan sehari-hari, serta ketergantungan pada keadilan yang akan dijalani berdasarkan bagaimana seseorang memanfaatkan kesempatan untuk melayani sesama. Konteksnya adalah ajaran Yesus melalui dua parabel yang menunjukkan bahwa keberhasilan dalam Kerajaan Sorga bergantung pada kesetiaan dalam mengelola anugerah dan kepedulian terhadap yang paling miskin, sekaligus mengingatkan umat untuk tidak malas dalam menghargai dan memanfaatkan anugerah yang diberikan."
Matius,26,"Tema utama pasal ini adalah persiapan Yesus untuk kematianNya melalui pengkhianatan Yudas, perjamuan Paskah, dan penyangkalan Petrus yang terjadi sebelum Yesus disalibkan. Konteksnya adalah hari-hari terakhir Yesus sebelum kematianNya, di mana Yesus memperingatkan akan pengkhianatan dan mengingatkan makna tubuh dan darah-Nya dalam perjamuan Paskah, serta kejadian penyangkalan Petrus yang terwujud sesuai perkataan Yesus setelah ayam berkokok."
Matius,27,"Tema utama pasal ini adalah kematian Yesus melalui salib sebagai penuhan nubuatan Yeremia tentang harga darah yang diberikan Yudas, dengan konteks kejadian imam-imam kepala Yahudi menyerahkan Yesus kepada Pilatus yang akhirnya dihukum mati setelah tekanan umum. Proses ini mencerminkan konsekuensi dari penipuan dan kejahatan manusia, serta persiapan untuk kebangkitan Yesus yang menjadi fondasi kepercayaan Kristen."
Matius,28,"Konteks pasal ini adalah pasca-kebangkitan Yesus yang dinyatakan kepada Maria Magdalena dan murid-muridnya melalui malaikat, di mana mereka diberi tugas melaporkan ke Galilea. Tema utamanya adalah kebangkitan Yesus sebagai dasar kuasa dan komisi kepada kesebelas murid untuk menyebarkan iman dan membangun gereja hingga akhir zaman, meskipun penjaga kubur berupaya menyembunyikan kejadian tersebut dengan menipu imam kepala."
Mazmur,1,"Tema utama pasal ini adalah kebahagiaan yang diperoleh oleh orang yang merenungkan Taurat Tuhan dan tidak berjalan di jalan orang fasik, dibandingkan dengan kebinasaan yang dialami orang fasik yang tidak mengikuti jalan yang benar. Konteksnya menggambarkan perbandingan antara pohon yang menghasilkan buah pada musimnya dan tidak layu (simbol orang benar) dengan sekam yang ditiup angin (simbol orang fasik) yang tidak bertahan dalam penghakiman, menunjukkan bahwa Tuhan mengenal jalan orang benar yang menghasilkan keberhasilan, sementara jalan orang fasik menuju kebinasaan."
Mazmur,2,"Tema utama pasal ini adalah kekuasaan Tuhan yang mengatasi kekacauan bangsa-bangsa yang berupaya melawan-Nya melalui anugerah kekuatan kepada raja yang diurapi-Nya. Konteksnya menunjukkan perlawanan raja-raja dunia terhadap Tuhan yang akan menghadirkan kehancuran jika tidak mengakui ketetapan Allah, sekaligus mengingatkan agar berlindung dengan takut dan ketaatan untuk menghindari murka-Nya."
Mazmur,3,"Konteksnya adalah Daud yang sedang lari dari Absalom, anaknya, dalam kekacauan kerajaan. Tema utamanya adalah kepercayaan Daud pada Allah sebagai pelindung yang kuat, yang tetap memberikan pertolongan dan kemenangan atas musuh meski dalam situasi bahaya ekstrem. Selain itu, Daud percaya bahwa Allah akan memberikan berkat bagi umat-Nya dalam kesulitan ini."
Mazmur,4,"Tema utama Mazmur 4 adalah permohonan Daud untuk kelegaan dan kepercayaan kepada Allah yang mendengar doa dan memberikan sukacita dalam kesulitan hidup. Konteksnya menggambarkan Daud yang memohon keadilan atas kemuliaan yang dinodai dan kebenaran yang terkait dengan kebohongan, sekaligus mempercayai Allah sebagai sumber ketenangan dan keamanan melalui kehadiran-Nya yang setia."
Mazmur,5,"Tema utama pasal ini adalah permohonan Daud untuk mendapat keadilan dan perlindungan Tuhan, dengan meminta Tuhan menghancurkan orang jahat dan memberkati orang benar yang berlindung dalam kasih. Konteksnya adalah doa yang mengungkapkan kepercayaan pada keadilan Tuhan yang menolak kefasikan dan memberikan keberkahan kepada yang taat kepada-Nya."
Mazmur,6,"Tema utama pasal Mazmur 6 adalah doa darurat Daud memohon keselamatan dari penderitaan fisik, kecemasan, dan ancaman musuh, dengan harapan Tuhan menghentikan keadaan ini sebelum kematian. Konteksnya menunjukkan Daud dalam kondisi terpuruk, merasakan sakit tulang dan kecemasan ekstrem, serta berdoa agar Tuhan menghancurkan musuhnya dan menyelamatkan dari bahaya yang tidak teratasi."
Mazmur,7,"Tema utama pasal ini adalah nyanyian ratapan Daud yang memohon perlindungan Tuhan dari musuh yang mengejar serta meminta keadilan untuk menghukum orang fasik yang berbuat jahat. Konteksnya adalah situasi Daud yang terancam kehancuran oleh musuh yang tidak berdasar, sekaligus mengingatkan bahwa kejahatan akan menghancurkan pelakunya sendiri."
Mazmur,8,"Psalm 8 (Mazmur Daud) mengungkapkan pujian terhadap kemuliaan Tuhan yang mengatasi langit dan keagungan-Nya yang melampaui seluruh ciptaan. Daud memuji betapa manusia, meski kecil dibanding langit dan bintang, diberikan kekuasaan untuk mengelola segala makhluk, termasuk hewan dan alam, menunjukkan keistimewaan manusia dalam kerangka kekuasaan Tuhan yang telah diberikan."
Mazmur,9,"Konteks Mazmur Daud 9 menekankan kekuasaan abadi Tuhan yang melindungi orang miskin dan menghakimi bangsa fasik, sekaligus menjadi tempat perlindungan bagi yang teraniaya. Tema utamanya adalah syukur atas keadilan Tuhan yang menghapus musuh, memastikan kehakiman selamanya, dan tidak melupakan kesesakan yang dialami orang miskin."
Mazmur,10,"Tema utama pasal ini adalah doa untuk menghentikan keadilan yang terabaikan oleh Allah terhadap orang tertindas yang menjadi korban kejahatan orang fasik. Konteksnya menunjukkan situasi di mana orang fasik dengan yakin mengabaikan hukum Tuhan, berani menindas, dan percaya bahwa Allah tidak akan menuntut mereka, sehingga orang lemah berdoa agar Allah bangkit dan memberikan keadilan untuk melindungi mereka dari kekerasan."
Mazmur,11,"Tema utama pasal ini adalah perbedaan antara orang benar yang berlindung di dalam Tuhan dan orang fasik yang akan dihukum keadilan-Nya. Konteksnya adalah doa Daud yang mengungkapkan kepercayaan pada Tuhan sebagai pelindung ketika diancam oleh orang fasik yang berencana merusak keadilan, dengan janji bahwa Tuhan akan menghancurkan orang fasik dengan api dan belerang sementara orang benar akan melihat wajah-Nya."
Mazmur,12,"Tema utama Mazmur 12 adalah keluhan tentang hilangnya orang-orang saleh dan kebusukan yang merajalela di antara manusia, di mana orang fasik berbicara dusta dengan lidah manis namun hati bercabang. Konteksnya menunjukkan penindasan terhadap yang lemah dan miskin, sekaligus janji TUHAN yang murni untuk memberikan keselamatan dan melindungi orang-orang setia melawan kejahatan yang sedang berlangsung."
Mazmur,13,"Tema utama Mazmur 13 ini adalah doa darurat Daud yang memohon Tuhan untuk mengakhiri kesepian dan kebencian-Nya terhadap dirinya, serta menjamin keamanan dari musuh. Konteksnya adalah situasi Daud yang merasa terlupakan dan bersedih hati, namun tetap percaya pada kasih setia Tuhan yang akan melindungi dan mengalahkan musuhnya, sehingga ia berjanji untuk menyanyikan pujian kepada Tuhan."
Mazmur,14,"Tema utama pasal ini adalah kebusukan manusia yang universal dan ketidakbaikan yang tidak ada yang berbuat baik, sedangkan Allah tetap berada di sisi umat-Nya yang benar untuk memulihkan keadaan. Konteksnya berasal dari Daud yang menggambarkan keadaan manusia yang telah menyeleweng dari Tuhan, namun percaya bahwa keselamatan akan datang melalui kekuatan Allah yang melindungi orang tertindas dan memulihkan Israel."
Mazmur,15,"Konteks pasal ini dari Mazmur Daud menjelaskan siapa yang layak berada di dalam kemah dan gunung suci Tuhan. Tema utamanya adalah seseorang yang hidup dengan keadilan, kejujuran, dan ketaatan kepada Tuhan akan tetap teguh dan tidak goyah selama-lamanya."
Mazmur,16,"Tema utama pasal ini adalah kepercayaan Daud pada Tuhan sebagai satu-satunya pelindung dan sumber kehidupan yang abadi, dengan menolak persembahan kepada dewa lain dan menjamin keamanan melalui kasih Tuhan. Konteksnya adalah Daud yang merasakan perlindungan Tuhan dalam situasi di mana ia tidak diberikan kepada kebinasaan dan tetap utuh sebagai orang kudus."
Mazmur,17,"Tema utama doa Daud ini adalah permohonan perlindungan dan kehadiran Tuhan untuk menyelamatkan dari musuh yang berbahaya serta menegaskan kesetiaan dalam mengikuti jalan Tuhan. Konteksnya adalah situasi di mana Daud berdoa dengan jujur menghadapi ancaman musuh yang seperti singa yang mengerumuni dan berusaha menghancurkannya, sehingga memohon Tuhan untuk menguji hatinya dan melindunginya dari kejahatan."
Mazmur,18,"Karya ini merupakan mazmur syukur yang disampaikan Daud setelah Tuhan melepaskannya dari cengkeraman musuh, khususnya Saul. Daud memuji kekuatan dan kehendak Tuhan yang melindungi, mengalahkan musuh, serta memberikan kekuatan untuk berperang dan memimpin, sekaligus menegaskan kepercayaan pada Tuhan sebagai penyelamat yang maha berkuasa."
Mazmur,19,"Tema utama Mazmur 19 adalah kemuliaan Allah yang terungkap melalui alam semesta dan keutamaan hukum-Nya yang sempurna yang memberikan kebijaksanaan dan kebenaran. Konteksnya adalah Daud yang memuji kejayaan Allah dalam karya-Nya dan berdoa agar hukum-Nya menjadi panduan hidup yang menghormati kebenaran, sekaligus memohon keberkahan bagi diri sendiri dalam kehidupan beribadah."
Mazmur,20,"Tema utama Mazmur 20 adalah doa pemimpin (Daud) memohon perlindungan dan kemenangan Tuhan dalam kesesakan, dengan keyakinan bahwa Allah akan menjawab permintaan dan memberikan keberhasilan rencana melalui kekuatan surgawi. Konteksnya adalah kebutuhan pemimpin yang diurapi untuk menghadapi tantangan, di mana Tuhan dianggap sebagai sumber kemenangan yang lebih kuat dibandingkan kekuatan duniawi seperti kereta dan kuda."
Mazmur,21,"Tema utama Mazmur 21 ini adalah pujian atas kekuasaan Tuhan yang memberikan kemenangan dan keberkahan kepada raja yang percaya seperti Daud, serta janji menghancurkan musuh melalui kekuatan Allah. Konteksnya menekankan kepercayaan raja terhadap Tuhan yang menghasilkan keberanian dan kemenangan, sekaligus menunjukkan keabadian keberkahan bagi yang setia dengan kekuatan Tuhan."
Mazmur,22,"Pasal Mazmur 22 menggambarkan keluhan Daud yang merasakan diri diabaikan oleh Allah dalam keadaan penderitaan ekstrem, sekaligus memohon keselamatan dari ancaman musuh dan duka. Tema utamanya menekankan kepercayaan pada kesetiaan Allah yang telah melindungi sejak awal hidup dan harapan akan kekuatan-Nya yang akan menyelamatkan umat, diakhiri dengan janji pujian universal terhadap Allah yang akan dikenal oleh semua bangsa."
Mazmur,23,"Tema utama pasal ini adalah kepercayaan pada Tuhan sebagai gembala yang memberikan keamanan, kehidupan, dan keberkahan dalam segala situasi, bahkan di tengah kesulitan. Konteksnya menggambarkan keyakinan Daud bahwa Tuhan akan memenuhi kebutuhan hidup, melindungi dari bahaya, dan memberikan kehidupan yang abadi hingga akhir hidup."
Mazmur,24,"Tema utama pasal ini adalah kekuasaan mutlak Tuhan atas seluruh ciptaan dan keterpurukan spiritual yang diperlukan untuk memasuki kehadiran-Nya yang suci. Konteksnya menunjukkan panggilan umat untuk bersih tangan dan murni hati, serta pengakuan bahwa Tuhan sendiri adalah Raja Kemuliaan yang maha kuasa dan layak dihormati."
Mazmur,25,"Tema utama pasal ini adalah permohonan Daud untuk mendapat kepercayaan dan perlindungan Tuhan dari musuh, dengan menekankan kebenaran dan kasih setia Tuhan yang mengarahkan jalan hidup yang benar. Konteksnya adalah doa pribadi Daud yang menghadapi kesulitan dan musuh, serta harapan untuk kebebasan bangsa Israel dari kesesakan."
Mazmur,26,"Tema utama pasal ini adalah permohonan keadilan dan kasih karunia Tuhan dari seseorang yang hidup dalam ketulusan dan kebenaran, dengan berupaya menghindari pergaulan dengan penipu dan orang jahat. Konteksnya menunjukkan keinginan untuk dibersihkan dari dosa, diuji oleh Tuhan dalam kejujuran hati, serta berkomitmen untuk hidup dalam kehadiran Tuhan yang kemuliaan."
Mazmur,27,"Tema utama pasal ini adalah kepercayaan yang kuat pada perlindungan dan keselamatan Tuhan yang tak tergoyahkan meski dihadapkan pada musuh dan bahaya. Konteksnya adalah Daud yang memohon kehadiran Tuhan dalam kehidupan berat dihadapkan pada ancaman musuh dan kekhawatiran, dengan menekankan kepercayaan pada janji Tuhan untuk melindungi dan menyelamatkan."
Mazmur,28,"Tema utama pasal ini adalah doa Daud yang memohon pertolongan Tuhan dalam keadaan terpuruk, dengan percaya bahwa Tuhan adalah kekuatan dan penyelamat yang akan menyelamatkan serta menghukum orang jahat sesuai perbuatan mereka. Konteksnya menunjukkan Daud berharap Tuhan tidak diam dalam kesulitan hidupnya dan menegaskan kekuatan Tuhan sebagai benteng keselamatan bagi orang yang diurapi-Nya."
Mazmur,29,"Tema utama pasal ini adalah kekuatan dan kemuliaan Allah yang menguasai segala alam, ditunjukkan melalui suara-Nya yang mengguncang bumi, gunung, dan air. Konteksnya menggambarkan Allah sebagai Raja yang tak terbatas yang berkuasa atas segala sesuatu, dengan umat-Nya diminta merujuk kemuliaan-Nya dan memohon kekuatan serta keberkatan."
Mazmur,30,"Tema utama Mazmur 30 adalah syukur dan pujian kepada Tuhan atas keselamatan yang diperoleh dari kekuatan-Nya yang mengangkat dari kematian dan menghindari musuh. Konteksnya adalah pengalaman Daud yang berubah dari kesedihan menjadi sukacita, di mana Tuhan menunjukkan kasih yang murah hati dan kekuatan untuk menghadapi musibah, sehingga ia berkomitmen untuk terus menyanyikan syukur sepanjang hidup."
Mazmur,31,Psalm 31 (Mazmur Daud) menggambarkan doa Daud yang berlindung kepada Tuhan di tengah ancaman musuh dan kesesakan hidup. Ia memohon Tuhan sebagai batu pertahanan yang akan menolongnya dari jaring musuh dan menjamin keselamatan dalam ujian.
Mazmur,32,"Tema utama pasal ini adalah kebahagiaan melalui pengampunan Tuhan bagi yang bersalah, dengan konteks nyanyian pengajaran Daud yang menekankan pentingnya pengakuan dosa, doa, dan ketergantungan pada kasih Tuhan untuk melindungi orang benar dari kesulitan spiritual. Pasal ini juga membedakan nasib orang fasik yang menderita dengan orang percaya yang dikelilingi kasih setia Tuhan, sehingga mengajak umat bersukacita dan berdoa dalam kepercayaan yang benar."
Mazmur,33,"Tema utama pasal ini adalah kesetiaan dan kekuasaan Tuhan yang mewujudkan janji-janji-Nya yang abadi, sehingga orang percaya harus bersukacita dan berharap pada perlindungan-Nya. Konteksnya menunjukkan bahwa Tuhan sebagai Pencipta yang menguasai segala kekuatan, memastikan rencana-Nya lebih kuat daripada kekuatan manusia dan keadilan-Nya akan terwujud bagi yang takut-Nya."
Mazmur,34,"Tema utama pasal 34 ini adalah kepercayaan pada Tuhan yang memberikan kekuatan dan perlindungan bagi yang takut-Nya, terutama dalam kesulitan hidup. Konteksnya menggambarkan pengalaman Daud setelah diusir dari Abimelekh sebagai awal untuk memuji Tuhan yang selalu menjawab doa dan menyelamatkan orang benar dari segala bahaya. Selain itu, pasal ini juga menekankan pentingnya hidup berdasarkan kebenaran, menghindari kejahatan, serta konsekuensi bagi yang berbuat jahat."
Mazmur,35,"Tema utama pasal ini adalah permohonan Daud untuk TUHAN melindungi diri dari musuh yang menganiaya tanpa alasan dan menghancurkan rencana kejahatan mereka, sekaligus menegaskan kepercayaan pada keselamatan yang akan diberikan Tuhan meskipun menghadapi tekanan besar. Konteksnya adalah situasi penindasan yang dialami Daud oleh musuh yang merencanakan kecelakaan tanpa dasar, di mana ia tetap berdoa untuk keadilan dan keselamatan setelah menghadapi penyesalan dan kekerasan dari orang-orang yang merencanakan kejahatan."
Mazmur,36,"Tema utama pasal ini adalah kontras antara kejahatan dan tipu daya orang fasik yang mengarah pada jatuhnya diri mereka dengan kasih setia dan keadilan Allah yang abadi. Konteksnya adalah puisi dari Daud yang menggambarkan kegagalan orang berdosa dan kekuatan Allah dalam melindungi orang-orang tulus hati, sehingga orang fasik akhirnya terjatuh dan tidak dapat bangun."
Mazmur,37,"Tema utama pasal ini adalah perbandingan antara orang benar yang percaya kepada Tuhan dan berlaku baik yang akan mewarisi negeri, dengan orang fasik yang akan dilenyapkan dan mengalami kehancuran. Konteksnya adalah pesan Daud yang menekankan kepercayaan kepada Tuhan, ketekunan dalam melakukannya, serta keyakinan bahwa Tuhan akan melindungi orang benar dan menghancurkan kejahatan."
Mazmur,38,"Tema utama pasal Mazmur 38 adalah keluhan Daud yang mengalami penderitaan fisik dan rohani akibat dosa, luka, serta kehancuran dari musuh yang merencanakan kebencian. Konteksnya menunjukkan Daud dalam kondisi terpuruk di mana tubuhnya sakit, kepercayaan terhadap orang lain hilang, dan ia berdoa dengan mendesak untuk keselamatan dari Tuhan yang tidak meninggalkannya."
Mazmur,39,"Tema utama Mazmur 39 adalah refleksi mendalam tentang kefanaan hidup manusia, kekhawatiran akan usia pendek, dan doa untuk perlindungan dari dosa serta penderitaan yang diakibatkan kesalahan. Konteksnya adalah Daud menulis ini sebagai doa pribadi dalam keadaan penderitaan dan kesadaran akan kehancuran hidup, memohon Tuhan untuk menghindarinya dari hukuman dan memberikan kebahagiaan sebelum kematian."
Mazmur,40,"Tema utama pasal Mazmur 40 ini adalah kepercayaan Daud pada TUHAN yang menolongnya dari keadaan malapetaka dan kesalahan, serta janji keselamatan yang diberikan Allah meski dalam kesulitan. Konteksnya adalah Daud yang terpuruk oleh malapetaka dan kesalahan, tetapi tetap percaya bahwa TUHAN akan menyelamatkannya dan mengungkapkan keadilan serta kasih-Nya."
Mazmur,41,"Tema utama pasal Mazmur 41 ini adalah kepercayaan pada kasih Tuhan yang melindungi dan menyelamatkan dalam situasi pengkhianatan dan kesulitan hidup. Konteksnya menggambarkan perjuangan psalmis yang mengalami sakit fisik, ancaman dari musuh, serta pengkhianatan sahabat terdekat, namun tetap berharap pada janji Tuhan yang akan menegakkan keadilan dan keberkahan untuk selamanya."
Mazmur,42,"Tema utama pasal ini adalah keinginan jiwa yang mendalam untuk menyambut kehadiran Allah di tengah kesulitan spiritual dan kegagalan kepercayaan. Konteksnya menggambarkan perjuangan psalmis yang merindukan Allah dari kenangan masa lalu (sungai Yordan dan pegunungan Hermon) sementara berhadapan dengan musuh yang meragukan keberadaan Tuhan, namun tetap berharap pada kasih dan kesetiaan Allah yang tak tergoyahkan."
Mazmur,43,"Tema utama pasal ini adalah permohonan keadilan dan perlindungan dari Allah di tengah tekanan musuh, serta harapan untuk kembali mendekati kehadiran-Nya yang kudus. Konteksnya menunjukkan seseorang yang merasakan diri dihancurkan oleh kesulitan hidup dan kehilangan iman, tetapi dengan kesetiaan dan doa, ia meminta bimbingan dan kekuatan Allah untuk mengatasi ujian hidup."
Mazmur,44,"Tema utama pasal Alkitab ini adalah keluhan umat yang mengalami penindasan dan kesulitan hidup meski tetap setia kepada Allah. Konteksnya menggambarkan umat yang dianggap sebagai domba sembelihan, diperlakukan dengan rendah oleh bangsa lain, dan berdoa untuk pertolongan serta kasih setia Allah yang tidak pernah meninggalkan perjanjian-Nya."
Mazmur,45,"Psalm 45 merupakan puisi pujian yang menggambarkan raja yang dipilih Allah dengan kekuatan militer, keadilan, dan keabadian kerajaannya. Tema utamanya menekankan keagungan raja sebagai penguasa yang berwibawa, dihormati oleh putri-putri yang melambangkan kekuasaan universalnya, serta peranannya dalam memimpin umat manusia dengan kebenaran dan keadilan selamanya."
Mazmur,46,"Tema utama pasal ini adalah kekuatan dan perlindungan Allah yang abadi sebagai benteng yang tidak goyah dalam situasi bencana ekstrem seperti gempa bumi, goncang gunung, dan perang. Konteksnya adalah pernyataan kepercayaan umat untuk tetap tenang dan percaya pada Allah yang akan melindungi mereka hingga pagi, meskipun dunia berubah dan musuh berusaha menghancurkan."
Mazmur,47,"Tema utama Mazmur 47 adalah pujian universal terhadap Allah sebagai Raja yang mahatinggi yang telah menaklukkan bangsa-bangsa dan memberikan tanah pusaka kepada Yakub. Konteksnya mengajak segala bangsa untuk bersorak-sorai dan memuji kekuasaan-Nya yang mengatasi seluruh bumi, menegaskan bahwa Allah adalah raja yang bersemayam di takhta-Nya yang kudus dan menghimpun semua bangsa dalam ketaatan-Nya."
Mazmur,48,Tema utama pasal Mazmur 48 adalah pujian terhadap kekuasaan Allah yang abadi yang terwujud dalam kehadiran-Nya di Yerusalem (Sion) sebagai benteng yang melindungi umat. Konteksnya menggambarkan respons umat yang kagum terhadap kekuatan Allah yang menghadirkan kekaguman dan keabadian kerajaan-Nya yang melindungi hingga akhir zaman.
Mazmur,49,"Mazmur 49 menekankan bahwa kekayaan duniawi dan kebanggaan diri tidak bertahan abadi, karena semua harta manusia akan lenyap setelah kematian, sedangkan hanya Allah yang memberikan kehidupan abadi melalui kepercayaan. Konteksnya mengingatkan umat untuk tidak mengandalkan harta benda, melainkan berpegang pada iman kepada Allah yang menyelamatkan jiwa dari kubur."
Mazmur,50,"Tema utama pasal ini adalah kekuasaan dan keadilan Allah yang maha mengetahui, yang menghakimi umat berdasarkan kejujuran dan tidak bergantung pada korban sembelihan. Konteksnya menekankan bahwa Allah meminta umat untuk memuliakan-Nya melalui syukur dan kejujuran, sementara mengingatkan orang fasik yang mengabaikan firman-Nya akan dihukum dan keadilan-Nya akan ditegakkan."
Mazmur,51,"Tema utama Mazmur 51 adalah permohonan Daud untuk dibersihkan dari dosa dan diberi pembaruan hati setelah mengakui kesalahan dengan Bathsheba. Konteksnya adalah respons Daud setelah ditegur nabi Natan mengenai dosa yang ia lakukan, di mana ia memohon Allah untuk menghapus kesalahan, memberikan keadilan, dan memulihkan kehidupan rohinya melalui kasih karunia yang besar."
Mazmur,52,"Tema utama pasal ini adalah kritik terhadap pahlawan sombong yang berlaku kejahatan dan dusta yang akan ditindas Allah, sementara Daud menegaskan kepercayaan pada kasih Allah yang abadi. Konteksnya terkait laporan Doeg dari Edom kepada Saul bahwa Daud telah tiba di rumah Ahimelekh, sehingga Daud mengkritik pahlawan yang berlaku kejahatan dan memperkirakan nasibnya yang akan dihancurkan oleh Allah."
Mazmur,53,"Tema utama pasal ini adalah kritik terhadap kebodohan manusia yang menolak Allah dan kehancuran yang akan datang bagi mereka yang tidak berbuat baik, sekaligus menjanjikan keselamatan bagi Israel melalui pemulihan yang akan dilakukan Allah. Konteksnya adalah nyanyian pengajaran Daud dalam Kitab Suci yang menggambarkan kegagalan umat manusia dalam mencari Tuhan dan harapan pemulihan umat-Nya."
Mazmur,54,"Tema utama pasal ini adalah doa Daud untuk melindungi diri dari ancaman Saul dan memohon keadilan dari Allah. Konteksnya terjadi ketika Daud bersembunyi setelah orang Zifi melaporkan keberadaannya kepada Saul, dan Daud percaya bahwa Allah akan menolongnya serta menghancurkan musuh yang sombong yang tidak menghormati-Nya."
Mazmur,55,"Tema utama pasal ini adalah keluhan Daud yang menghadapi ancaman musuh dan kekerasan, dengan doa untuk menyelamatkan diri dari bahaya dan percaya pada Allah sebagai pelindung. Konteksnya terjadi ketika Daud dalam kondisi terancam jiwa akibat serangan musuh yang tidak berkesudahan, sehingga ia memohon pertolongan Allah yang akan menghancurkan musuh dan menyelamatkan diri."
Mazmur,56,"Psalm 56 adalah doa Daud yang ditulis ketika ia ditangkap oleh Filistin di Gat dan mengalami penindasan berat dari musuh. Daud dengan keyakinan kuat berpegang pada Allah, percaya bahwa Tuhan akan melindungi dan menghancurkan musuhnya, serta menjanjikan syukur atas kemenangan yang dijamin kekuatan Allah."
Mazmur,57,"Tema utama pasal 57 ini adalah permohonan David untuk perlindungan dan keselamatan saat ia berlindung dari pengejaran Saul di gua, dengan keyakinan kuat bahwa Allah akan menyelamatkannya dari bahaya dan menghakimi musuhnya. Konteksnya adalah situasi darurat di mana David menghadapi ancaman singa dan musuh yang menggali lobang untuk menangkapnya, namun ia percaya Allah akan mengangkat kemuliaan-Nya di atas langit dan bumi. Dengan keyakinan ini, David berjanji untuk menyanyikan pujian kepada Allah setelah diberi keselamatan."
Mazmur,58,"Tema utama pasal ini adalah kritik terhadap penguasa yang tidak adil dan ancaman hukuman Tuhan terhadap orang fasik yang dari awalnya telah menyimpang, sementara orang benar akan mendapat keadilan dan pahala. Konteksnya adalah doa Daud yang menuntut keadilan bagi anak manusia yang dihakimi dengan jujur, di mana orang fasik akan dihancurkan sebelum periuk panas dan orang benar akan bersukacita."
Mazmur,59,"Konteksnya adalah David yang berada dalam ancaman hidup ketika Saul memerintahkan orang untuk membunuhnya. Tema utamanya adalah permohonan David untuk dilindungi Allah dari musuh yang mengancamnya, sementara ia menegaskan kebenarannya tidak bersalah dan percaya pada kekuatan Allah yang akan menghukum musuhnya hingga mereka tidak lagi menjadi ancaman."
Mazmur,60,"Psalm 60 merupakan doa darurat Daud yang mengungkapkan kegagalan dalam perang melawan Aram dan Edom, di mana ia memohon Tuhan untuk memperbaiki kegagalan dan memberikan kemenangan melalui kekuatan-Nya yang mengatasi bumi dan musuh. Ia percaya bahwa hanya Tuhan yang mampu menyelamatkan mereka dari kegagalan dan menghadapi musuh dengan kemenangan yang pasti."
Mazmur,61,"Tema utama pasal ini adalah permohonan Daud untuk menjadi tempat perlindungan Tuhan yang kuat dari musuh serta doa agar raja mendapat umur panjang dan keberkahan kebenaran dalam hidupnya. Konteksnya adalah Daud menulis pasal ini sebagai pemazmur yang akan dibacakan dengan permainan kecapi, mengungkapkan kebutuhan akan perlindungan spiritual dan harapan untuk keberkahan raja yang abadi."
Mazmur,62,"Karya ini menekankan kepercayaan pada Allah sebagai satu-satunya sumber keamanan dan keselamatan, dengan menolak kepercayaan pada kekuatan duniawi, harta, dan kekerasan manusia. Konteksnya adalah pernyataan Daud yang menggambarkan Allah sebagai batu kokoh dan benteng tak goyah, sementara mengingatkan umat untuk tidak bergantung pada kekayaan atau janji palsu yang tidak berdaya, serta menekankan keadilan Allah yang membalas setiap orang sesuai perbuatannya."
Mazmur,63,"Tema utama pasal Mazmur 63 adalah keinginan mendalam Daud akan kehadiran Allah dan kepercayaan pada kesetiaan-Nya yang lebih baik daripada hidup, ketika ia berada di padang gurun Yehuda. Konteksnya menunjukkan Daud mengalami kehausan rohani yang ekstrem, di mana ia memandang Allah sebagai sumber pertolongan dan kekuatan, sementara orang yang berusaha mengancamnya akan dihukum dan menjadi makanan anjing hutan."
Mazmur,64,"Tema utama Mazmur 64 adalah permohonan Daud untuk perlindungan dari musuh yang berencana jahat dan bersembunyi di balik kecurangan, di mana Allah menembak mereka dengan keadilan. Konteksnya menggambarkan bagaimana Allah menghukum orang-orang berdosa dengan cepat, sehingga orang benar bersukacita dan berlindung pada Tuhan."
Mazmur,65,"Mazmur Daud 65 berfokus pada pujian terhadap kekuatan, keadilan, dan kasih karunia Allah yang mengatasi segala kekurangan, memberikan kekayaan alam, serta meredakan dosa melalui kehadiran-Nya yang kudus. Konteksnya adalah nyanyian pujian yang ditujukan untuk pemimpin biduan, menggambarkan hubungan intim antara Allah dan umat-Nya dalam kehidupan yang berkat dan dijaga oleh kekuatan-Nya yang tak terbatas."
Mazmur,66,"Tema utama pasal ini adalah pujian dan syukur kepada Allah atas kekuatan-Nya dalam menghadapi ujian hidup dan menyelamatkan umat dari bahaya seperti api dan air. Konteksnya menggambarkan respons seorang yang telah diuji dan dimurnikan oleh Allah, sehingga berkomitmen menyembah-Nya dengan korban dan puji-pujian sebagai bentuk syukur atas keselamatan yang diberikan."
Mazmur,67,"Tema utama Mazmur 67 adalah doa untuk memohon keberkatan, kasih, dan kehadiran Allah yang menyinari umat-Nya, serta memastikan jalan dan keselamatan-Nya dikenal di seluruh bumi. Konteksnya adalah doa kolektif yang mengharapkan semua bangsa bersyukur dan takut kepada Allah karena keadilan-Nya dalam memerintah, sehingga kehadiran dan kekuasaan-Nya diterima oleh seluruh umat bumi."
Mazmur,68,"Tema utama Mazmur 68 adalah pujian kemenangan Allah yang mengalahkan musuh dan memberikan keadilan bagi yang tertindas, dengan kehadiran-Nya yang mengagumkan di tempat kudus. Konteksnya menggambarkan Allah sebagai pelindung anak yatim, janda, dan penguasa yang menghancurkan musuh melalui kekuatan-Nya yang tak terbatas, sekaligus memanggil semua bangsa untuk menyanyikan pujian kepada-Nya."
Mazmur,69,"Tema utama pasal Psalman 69 adalah permohonan keselamatan dari Allah bagi seorang yang terpuruk dalam penindasan musuh dan kesulitan hidup ekstrem, dengan harapan kasih setia Tuhan akan menyelamatkannya dari lumpur kehidupan. Konteksnya menggambarkan keadaan darurat spiritual di mana pemimpin suci tetap berdoa dengan kepercayaan pada pertolongan Tuhan yang setia meskipun terkena hukuman dan kesalahan yang tidak tersembunyi."
Mazmur,70,"Tema utama pasal ini adalah doa darurat Daud memohon bantuan Tuhan yang segera untuk menyelamatkannya dari musuh yang ingin menghancurkannya, sekaligus meminta Tuhan menghancurkan kejahatan dan menghina mereka yang berusaha merusak kehidupannya. Konteksnya terjadi ketika Daud dalam kondisi sengsara dan miskin, memohon Tuhan untuk segera menolong dan memberikan keberkahan kepada umat yang mencintai keselamatan-Nya."
Mazmur,71,"Tema utama pasal ini adalah kepercayaan seorang percaya pada Allah sebagai batu pertahanan dan sumber kekuatan yang tak tergoyahkan, dengan memohon perlindungan dari musuh dan keadilan-Nya dalam menghadapi ujian hidup. Konteksnya menunjukkan komitmen untuk tetap berharap, memuji, dan menyebarkan kekuatan Allah sepanjang hidup, bahkan hingga usia tua, meski dihadapkan pada ancaman dan kebencian dari orang lain."
Mazmur,72,"Tema utama pasal ini adalah doa yang dimohonkan Daud untuk Salomo agar memerintah dengan keadilan, melindungi orang miskin, dan membawa damai sejahtera ke seluruh bumi. Konteksnya adalah harapan bahwa pemerintahan Salomo akan menjadi contoh kebijaksanaan Tuhan yang menghargai keadilan sosial dan kesejahteraan rakyat, sehingga semua bangsa menghormati kekuasaannya."
Mazmur,73,"Tema utama pasal ini adalah kontras antara orang-orang fasik yang kaya dan berbahaya namun akan binasa, dengan orang yang bersih hati yang meski mengalami penderitaan tetap berharap pada Allah. Konteksnya menggambarkan perjuangan seorang pribadi yang teraniaya namun tetap teguh dalam kepercayaan kepada Allah untuk menghadapi ujian hidup dan menemukan kekuatan dalam kehadiran-Nya."
Mazmur,74,"Tema utama pasal ini adalah keluhan Asaf tentang penderitaan umat Tuhan akibat kekerasan musuh yang merusak tempat kudus dan menghancurkan keberadaan umat, sekaligus memohon Tuhan untuk menunjukkan kekuatan-Nya yang telah menyelamatkan sebelumnya. Konteksnya terjadi pada masa krisis ketika Israel menghadapi ancaman musuh yang menyerang tempat ibadah dan menghancurkan perjanjian Tuhan, sehingga membutuhkan intervensi Tuhan untuk melindungi umat-Nya dan memulihkan kekudusan-Nya."
Mazmur,75,"Tema utama Mazmur 75 adalah kekuasaan dan keadilan Allah yang menghakimi antara orang benar dan orang fasik, dengan menegaskan bahwa Ia akan menghancurkan tanduk orang fasik dan mengangkat tanduk orang benar. Konteksnya adalah pujian dan doa untuk pemimpin biduan yang mengingatkan umat tentang ketergantungan pada kehendak Allah yang tak terbantahkan dalam keadilan-Nya."
Mazmur,76,"Tema utama Mazmur 76 adalah kebesaran dan kekuasaan Allah yang menguasai segala kekuatan musuh dan menyelamatkan umat yang tertindas. Konteksnya menunjukkan bahwa Allah berkediaman di Sion dan Salem, serta berperan sebagai penguasa yang tak terkalahkan dalam menghakimi dan menyelamatkan umat di bumi melalui kekuatan-Nya yang maha besar."
Mazmur,77,"Tema utama pasal Mazmur 77 adalah keluhan psalmis tentang kekhawatiran akan kehilangan kasih Tuhan dalam masa kesulitan hidup, sekaligus upaya memperkuat iman melalui pengingatan akan kekuatan dan keajaiban Tuhan dalam sejarah dan alam. Konteksnya menunjukkan psalmis yang dalam keadaan penuh keraguan, berusaha memahami apakah janji Tuhan telah berakhir, sementara mengingat perbuatan-perbuatan Tuhan yang telah dilakukan untuk memohon kembali kehadiran-Nya yang setia."
Mazmur,78,"Tema utama pasal ini adalah kritik terhadap ketidaksetiaan Bani Israel yang terus-menerus melawan Allah, berakibat pada hukuman dan kegagalan dalam menghormati keajaiban-Nya, tetapi juga janji keselamatan melalui pilihan Daud sebagai raja yang akan membangun kerajaan Allah. Konteksnya adalah narasi sejarah Bani Israel yang melupakan perjanjian Allah di padang gurun, sehingga menghadapi konsekuensi dosa, namun Allah tetap berkomitmen untuk memulihkan kepercayaan melalui kekuatan kesetiaan dan janji kemenangan."
Mazmur,79,"Tema utama pasal ini adalah keluhan umat Allah yang mengalami penghancuran tanah suci Yerusalem dan kerusakan akibat invasi bangsa asing, serta permohonan untuk menghancurkan musuh yang telah menganiaya mereka. Konteksnya terjadi dalam situasi di mana umat Allah merasakan kehancuran dan kekacauan akibat kejahatan bangsa lain, sehingga mereka berdoa agar Allah memperlihatkan keadilan dan rahmat untuk menyelamatkan mereka dari kekacauan yang telah terjadi."
Mazmur,80,"Tema utama Mazmur 80 adalah permohonan pemulihan dan keselamatan bagi umat Allah yang sedang mengalami kehancuran akibat musuh dan bencana alam, dengan metafora pohon anggur yang telah dihancurkan. Konteksnya menggambarkan umat Israel yang merasakan kesulitan sekaligus berharap Allah kembali melindungi dan menyelamatkan mereka seperti pada masa lalu ketika pohon anggur itu ditanam oleh kekuatan-Nya."
Mazmur,81,"Psalm 81 ini berfokus pada peringatan dan ajakan umat Israel untuk kembali kepada Tuhan, mengingatkan mereka akan keselamatan yang diberikan Allah dari tanah Mesir serta menekankan larangan terhadap penyembahan berhala lain. Konteksnya adalah respons terhadap ketidakpatuhan umat Israel yang tidak mendengarkan suara Tuhan, sehingga Tuhan membiarkan mereka berjalan dalam kekakuan hati mereka sendiri."
Mazmur,82,"Tema utama pasal ini adalah permintaan Allah untuk menjadi hakim yang adil yang melindungi orang lemah, anak yatim, dan miskin dari keadilan yang tidak beradil oleh orang fasik. Konteksnya menunjukkan bahwa Allah berdiri di sidang ilahi sebagai penguasa yang menghakimi, sementara manusia—meski berkuasa—akan mati, sehingga perlu kekuatan-Nya untuk menegakkan keadilan di bumi."
Mazmur,83,"Tema utama pasal Mazmur 83 adalah doa untuk menghancurkan musuh yang berencana menghapus Israel dari kenangan Tuhan melalui perjanjian rahasia dengan berbagai negara seperti Edom, Moab, Amun, dan Asyur. Konteksnya menggambarkan upaya musuh untuk melawan umat Tuhan dengan rencana jahat, sehingga doa ini meminta Tuhan untuk menghancurkan mereka dengan kekuatan-Nya agar nama Israel tetap teringat dan mereka menyadari kebesaran Tuhan sebagai Yang Mahatinggi atas seluruh bumi."
Mazmur,84,"Tema utama Mazmur 84 adalah keinginan yang mendalam untuk berada di hadapan Tuhan di tempat suci (pelataran) dan kebahagiaan yang diperoleh oleh orang yang percaya berada di dalam kehadiran-Nya. Konteksnya menunjukkan perbandingan antara keberkahan yang diberikan Tuhan di dalam rumah-Nya (Zion) dengan kehidupan di luar yang tidak bermakna, serta janji keamanan dan kasih yang diberikan Tuhan bagi yang percaya."
Mazmur,85,"Psalm 85 berisi doa pemohonan pemulihan umat yang telah berdosa, dengan harapan TUHAN menghapus murka dan memberikan keselamatan melalui kasih setia dan keadilan. Tema utamanya adalah janji bahwa keadilan dan damai akan berkembang menjadi kebahagiaan bersama, sehingga negeri umat dapat dipenuhi oleh kehadiran Tuhan yang penuh kasih."
Mazmur,86,"Tema utama doa Daud ini adalah permohonan keselamatan dan kasih setia Allah dalam keadaan kesulitan hidup dan ancaman musuh. Daud memohon Allah untuk mendengar doanya, melindungi nyawanya, dan menunjukkan kekuatan serta kesetiaan-Nya yang tak terbatas. Konteksnya menunjukkan Daud yang berada dalam keadaan miskin dan diterjang musuh, tetapi percaya pada kekuasaan Allah yang akan menyelamatkannya dan memuliakan nama-Nya."
Mazmur,87,"Tema utama pasal ini adalah pujian terhadap Yerusalem (Sion) sebagai kota kudus yang dibangun Tuhan, yang menjadi pusat kehadiran dan kekuasaan-Nya. Konteksnya menekankan bahwa Tuhan lebih dicintai melalui pintu gerbang Sion dibandingkan tempat lain, serta menunjukkan bahwa semua bangsa (termasuk Etiopia, Filistia, dan wilayah lain) memiliki keterkaitan dengan kehadiran Tuhan yang abadi."
Mazmur,88,"Tema utama pasal Mazmur 88 adalah keluhan mendalam tentang penderitaan spiritual dan rasa dihancurkan oleh kegelapan, di mana penulis merasakan dirinya terpinggirkan oleh Allah dan berada di ambang kematian. Konteksnya adalah doa darurat dari Heman, seorang Ezrahi, yang menggambarkan keadaan kesakitan ekstrem dan keinginan untuk mendapat pertolongan Allah meskipun terasa jauh dari kehadirannya."
Mazmur,89,"Tema utama pasal ini adalah janji kekal Tuhan terhadap Daud yang menjanjikan takhta abadi dan kesetiaan yang tak tergoyahkan. Konteksnya adalah pernyataan kepercayaan bahwa meskipun saat ini perjanjian terganggu dan takhta Daud terancam, Tuhan tetap berjanji untuk mempertahankan kesetiaan-Nya selamanya."
Mazmur,90,"Doa Musa ini menekankan tema kependekan hidup manusia dibandingkan keabadian Tuhan, di mana ia memohon keselamatan dan kekuatan melalui pengakuan dosa dan penderitaan hidup. Konteksnya menggambarkan keluhan Musa tentang kecepatan berlalunya waktu, hidup yang penuh kesulitan, serta keinginan untuk diberi kebijaksanaan dan kasih Tuhan yang menguatkan perbuatan mereka."
Mazmur,91,"Tema utama pasal ini adalah janji Tuhan yang melindungi dan menyelamatkan orang percaya dari segala bahaya, termasuk musuh, penyakit, dan ancaman alam, melalui kekuatan dan kehadiran-Nya yang setia. Konteksnya menunjukkan bahwa keamanan ini diperoleh karena kepercayaan kepada Tuhan yang menjadi tempat perlindungan yang tak tergoyahkan, sehingga orang percaya tidak perlu takut akan bahaya sebab malaikat-Nya akan menjaga mereka di segala jalan."
Mazmur,92,"Mazmur 92, sebagai nyanyian untuk hari Sabat, menekankan tema kebenaran Tuhan yang tak berkecurangan melalui perbandingan antara orang benar yang berkembang seperti pohon korma dan orang fasik yang akan binasa. Konteksnya menggambarkan kekuasaan dan kesetiaan Tuhan dalam pekerjaan-Nya yang besar, serta mengajak umat untuk bersyukur atas kehidupan yang dihasilkan oleh rancangan-Nya yang tak berubah."
Mazmur,93,"Tema utama dari pasal ini adalah kekuasaan Tuhan yang abadi dan tak tergoyahkan, yang mengatasi segala kekuatan alamiah seperti sungai dan ombak laut. Konteksnya menekankan bahwa takhta Tuhan telah tegak sejak zaman dulu, dengan peraturan-Nya yang teguh dan kudus untuk selamanya."
Mazmur,94,"Tema utama pasal ini adalah keadilan Allah yang akan menghakimi orang fasik dan membinasakan kejahatan mereka, sekaligus memberikan perlindungan dan keselamatan bagi umat-Nya yang setia. Konteksnya adalah permohonan umat yang teraniaya untuk keadilan yang akan ditegakkan Allah melawan kejahatan, dengan harapan bahwa Allah tidak akan meninggalkan umat-Nya meskipun dalam masa krisis."
Mazmur,95,"Tema utama pasal ini adalah ajakan untuk bersorak dan berdoa kepada Tuhan sebagai Allah yang maha kuasa pencipta semesta, serta peringatan tentang bahaya menghancurkan hati seperti yang dialami nenek moyang Israel di Meriba. Konteksnya mengingatkan umat Tuhan untuk tidak mengulangi kesalahan menguji dan tidak percaya yang menyebabkan mereka terjebak dalam kejatuhan selama 40 tahun dan tidak masuk ke dalam keselamatan Tuhan."
Mazmur,96,Tema utama pasal ini adalah pujian dan pengakuan kekuasaan Tuhan yang maha besar sebagai Raja yang akan menghakimi bumi dengan keadilan. Konteksnya adalah ajakan universal untuk menyanyikan nyanyian pujian yang menolak semua dewa lain dan mengakui kekuasaan Tuhan yang menguasai seluruh alam semesta serta akan mengadili bangsa-bangsa.
Mazmur,97,"Tema utama pasal ini adalah kekuasaan mutlak Tuhan yang menguasai seluruh alam dan keadilan-Nya yang menghancurkan musuh, di mana kekuatan-Nya yang mengagumkan menyebabkan bumi dan segala bangsa bersukacita. Konteksnya menggambarkan perbedaan antara pujian kepada Tuhan yang benar yang menghadirkan kebahagiaan dan keselamatan, serta malu dan penghancuran bagi yang berhala dan berdosa."
Mazmur,98,"Tema utama pasal ini adalah pujian universal terhadap Tuhan yang telah menunjukkan keselamatan dan keadilan-Nya melalui perbuatan ajaib, khususnya bagi bangsa Israel. Seluruh bumi dipanggil untuk bersorak dan berdoa dengan kegembiraan, sementara Tuhan akan menghakimi dunia dengan keadilan dan kebenaran."
Mazmur,99,"Tema utama pasal ini adalah kebesaran dan kekudusan Tuhan yang menguasai segala bangsa serta menjadi sumber keadilan, seperti yang dinyatakan melalui kekuatan-Nya yang membuat bumi goyang dan jawaban-Nya terhadap umat seperti Musa dan Samuel. Konteksnya adalah ajakan umat untuk memuji dan menyembah Tuhan yang maha kuat dan kudus, karena Ia adalah Raja yang menegakkan hukum dan keadilan di antara keturunan Yakub."
Mazmur,100,"Tema utama pasal ini adalah permintaan untuk bersyukur dan memuji Tuhan dengan sukacita, mengingat bahwa Ia adalah Allah yang menciptakan dan memelihara umat-Nya. Konteksnya menekankan kebaikan dan kesetiaan Tuhan yang abadi, sehingga umat diajak masuk ke dalam kehadirannya melalui nyanyian syukur dan pujian sebagai respons terhadap kasih-Nya yang tak terbatas."
Mazmur,101,"Tema utama Mazmur Daud ini adalah permohonan untuk hidup dalam kesetiaan dan kepatuhan pada hukum Tuhan, dengan berharap kehadiran Tuhan dalam kehidupan yang tulus dan tidak bercela. Konteksnya menunjukkan Daud berkomitmen menghindari kejahatan, kebohongan, dan sikap sombong, sementara orang yang setia akan mendampingi dan orang jahat akan dihukum secara ketat."
Mazmur,102,"Pasal ini menggambarkan doa sengsara yang mengungkapkan penderitaan fisik dan spiritual, serta penganiayaan dari musuh, sementara tetap memohon pertolongan Tuhan. Tema utamanya adalah kontras antara kelemahan saat ini dengan janji keabadian Tuhan yang akan membangun Sion dan memberikan keselamatan abadi bagi umat-Nya, meski dunia akan lenyap."
Mazmur,103,"Tema utama pasal ini adalah pujian kasih setia Allah yang abadi dan keadilan-Nya yang mengatasi dosa manusia, khususnya bagi orang-orang yang takut akan-Nya. Konteksnya adalah doa Daud yang menekankan bahwa Allah yang penyayang dan pengasih tidak membalas dosa dengan dosa, melainkan memberikan kasih yang tak terbatas hingga kekal bagi yang berpegang pada perjanjian-Nya, sementara kehidupan manusia yang sementara seperti rumput yang terkikis angin."
Mazmur,104,"Passus ini mengungkapkan kebesaran Allah melalui karya kreatifnya yang meliputi alam semesta, bumi, dan segala makhluk hidup, serta kekuasaan-Nya yang mengatur seluruh alam dengan kebijaksanaan. Tema utamanya adalah pujian dan syukur atas kekayaan karya-Nya yang menghidupkan segala sesuatu hingga kekayaan alam dan siklus kehidupan, dengan meminta umat untuk terus memuji dan bersukacita dalam kehadiran-Nya yang mengatur segala hal."
Mazmur,105,Tema utama pasal ini adalah kesetiaan Tuhan dalam menepati janji-Nya kepada Abraham melalui keluar umat-Nya dari Mesir dan pembentukan umat Israel di tanah Kanaan. Konteksnya meliputi sejarah kejadian mujizat yang menguatkan perjanjian Tuhan dan memastikan umat-Nya memiliki tanah yang telah ditentukan sejak zaman Abraham.
Mazmur,106,"Tema utama pasal ini adalah kontras antara ketidakpatuhan umat Israel terhadap perintah Tuhan selama perjalanan di padang gurun setelah keluar Mesir dengan kasih setia Tuhan yang tetap menghadirkan keselamatan. Konteksnya meliputi kisah umat Israel yang terus melanggar perintah Tuhan dengan berbagai dosa, seperti mengorbankan anak-anak dan beribadah kepada berhala, sehingga mengakibatkan hukuman, namun Tuhan tetap berusaha menyelamatkan mereka melalui kehadiran-Nya yang penuh kasih."
Mazmur,107,"Tema utama pasal ini adalah kasih setia Tuhan yang selalu menyelamatkan umat dari berbagai kesulitan melalui keajaiban-Nya, seperti mengubah kegelapan menjadi cahaya, bencana alam menjadi ketenangan, dan kekeringan menjadi kehidupan. Konteksnya menunjukkan bahwa umat yang bersyukur akan mempersembahkan korban syukur dan memuji Tuhan atas kekuatan-Nya yang ajaib dalam menyediakan kebutuhan dan menghancurkan rintangan."
Mazmur,108,"Psalm 108 merupakan pujian Daud yang menegaskan kepercayaan pada kekuatan dan kesetiaan Allah yang melampaui langit dan awan, serta memohon pertolongan untuk melindungi Israel dari musuh. Daud juga memuji janji Allah terhadap tanah Israel dan yakin bahwa Allah akan mengalahkan lawan dengan kekuasaan-Nya, sehingga orang-orang yang Kaucintai dapat diselamatkan."
Mazmur,109,"Mazmur Daud ini merupakan keluhan tentang penderitaan yang dialami akibat tuduhan palsu dan kebencian musuh yang tidak berdasar, di mana ia berdoa agar Tuhan menghukum pelaku dan melindungi dirinya. Ia percaya bahwa keadilan Tuhan akan menghancurkan orang-orang yang menuduhnya tanpa alasan, sementara ia tetap berharap pada kasih Tuhan yang menyelamatkan."
Mazmur,110,"Tema utama pasal ini adalah janji Tuhan kepada Daud untuk menjadi raja abadi yang duduk di sebelah kanan-Nya, menguasai musuh, dan menjadi imam selamanya seperti Melkisedek. Konteksnya menunjukkan kekuatan Tuhan yang akan meremukkan raja-raja dan menghukum bangsa-bangsa, serta keabadian kekuasaan Daud dalam perjanjian yang tidak akan menyesal."
Mazmur,111,"Tema utama pasal ini adalah pujian terhadap kekuatan, keadilan, dan janji abadi Tuhan yang diberikan kepada umat yang takut akan-Nya, yang menjadi dasar kebijaksanaan dan ketaatan. Konteksnya terkait dengan komunitas orang benar dan jemaah yang menghargai perjanjian Tuhan serta berkat-Nya yang tak terbatas, menghasilkan puji-pujian yang berkelanjutan."
Mazmur,112,"Tema utama pasal ini adalah kebahagiaan dan keabadian kebajikan orang yang takut akan TUHAN, yang berlaku adil, berbagi, dan penuh kepercayaan, dibandingkan dengan kehancuran yang akan dialami orang fasik yang tidak berbuat benar. Orang benar yang teguh iman akan tetap diberkati dan diingat selamanya, sementara keinginan orang fasik berakhir dalam kebinasaan."
Mazmur,113,Konteks pasal ini adalah pujian terhadap kekuasaan Tuhan yang mengatasi segala bangsa dan berupaya mengangkat orang miskin serta yang rendah dari keadaan terendah. Tema utamanya menyoroti kejayaan Tuhan dalam memperbaiki keadilan dengan mengangkat yang rendah menjadi bagian dari kemuliaan bersama para bangsawan dan memberikan kebahagiaan bagi yang terlantar.
Mazmur,114,"Konteks pasal ini menggambarkan kekuatan Tuhan yang mengubah alam semesta saat Israel keluar dari Mesir, di mana laut melarikan diri, sungai Yordan berbalik ke hulu, dan gunung bergerak seperti domba sebagai respons kehadiran-Nya yang kudus. Tema utamanya adalah kekuasaan Tuhan yang mengubah batu keras menjadi mata air dan mengakui kekuasaan-Nya dalam kejadian keluarga Yakub."
Mazmur,115,"Tema utama pasal ini adalah penegasan bahwa hanya Tuhan yang maha kuasa layak mendapat kemuliaan, berhala manusia tidak memiliki kekuatan, dan umat yang percaya kepada-Nya akan diberkati. Konteksnya mengajak umat Israel, kaum Harun, dan semua yang takut kepada Tuhan untuk percaya dalam pertolongan dan perisai Tuhan, sekaligus menolak pengagungan terhadap berhala yang tidak berdaya."
Mazmur,116,"Tema utama pasal ini adalah kepercayaan pada kasih dan keadilan Tuhan yang menyelamatkan orang yang terpuruk dalam kesusahan dan kematian, dengan harapan dijauhkan dari maut dan diberikan kekuatan untuk berjalan di hadapan-Nya. Konteksnya adalah seseorang yang mengalami kesesakan dan kebingungan, tetapi melalui iman dan doa, ia ditemani Tuhan yang penyayang yang memelihara orang-orang sederhana dan mengangkatnya dari kematian, sehingga berjalan untuk menyembah di Yerusalem."
Mazmur,117,Tema utama pasal ini adalah ajakan universal untuk memuji Tuhan dari segala bangsa sebagai respons atas kasih yang hebat dan kesetiaan yang abadi-Nya. Konteksnya menunjukkan bahwa pujian ini merupakan bentuk pengakuan atas kekuatan dan kehendak Tuhan yang tak tergoyahkan dalam kehidupan beragama.
Mazmur,118,"Tema utama pasal ini adalah kepercayaan dan syukur kepada TUHAN yang selalu setia sebagai sumber keselamatan, dengan konteks psalmis yang mengakui kekuatan-Nya dalam mengatasi ujian, musuh, dan ancaman hidup. Pasal ini menekankan bahwa kasih setia TUHAN yang abadi menjadi dasar keberanian dan keberkahan bagi orang percaya dalam segala situasi."
Mazmur,119,Saya menjawab dalam bahasa Indonesia sesuai permintaan.
Mazmur,120,"Tema utama pasal ini adalah permohonan lepas dari kebohongan dan lidah penipu, serta konflik antara keinginan untuk perdamaian dengan lingkungan yang memicu perang. Konteksnya menggambarkan seseorang yang terjebak dalam keterasingan di Mesekh, di antara kemah-kemah Kedar, yang telah hidup lama bersama kelompok yang membenci perdamaian meski berusaha menjaga kedamaian."
Mazmur,121,"Tema utama pasal ini adalah janji TUHAN yang memberikan perlindungan abadi dan konsisten bagi orang percaya dari segala bahaya, dengan Penjaga yang tidak tidur dan selalu melindungi hingga selamanya. Konteksnya menunjukkan kebutuhan manusia mencari pertolongan yang nyata, sementara TUHAN dijelaskan sebagai sumber keamanan yang menjaga keluar masuk hidup dari sekarang hingga selamanya."
Mazmur,122,"Tema utama pasal ini adalah pujian dan doa untuk Yerusalem sebagai pusat ibadah serta kekuasaan kerajaan Daud, tempat suku-suku Israel berziarah untuk bersyukur dan kursi pengadilan keluarga raja Daud berada. Konteksnya menunjukkan kegembiraan psalmis dalam berziarah ke kota suci ini, di mana ia berdoa agar kesejahteraan dan ketenangan berada di lingkungan kota dan puri Allah."
Mazmur,123,"Tema utama pasal ini adalah permohonan kasih Tuhan bagi umat yang telah teraniaya dan dihina oleh orang sombong yang merasa aman dalam kekuatan mereka. Konteksnya menggambarkan umat yang dengan penuh harap memandang Tuhan sebagai pelindung, seperti hamba yang memandang tangan tuannya, dalam keadaan keterpurukan yang membutuhkan keadilan dan kasih."
Mazmur,124,"Konteks pasal ini adalah keluhan Daud saat menghadapi ancaman musuh yang mengancam kehidupannya dengan kekuatan dan marah, di mana ia menggambarkan dirinya terjebak dalam air meluap yang melingkupi. Tema utamanya adalah kepercayaan pada Tuhan yang tidak akan mengizinkan umat-Nya menjadi mangsa, karena pertolongan hanya berasal dari Tuhan yang menciptakan langit dan bumi."
Mazmur,125,"Tema utama pasal ini adalah kestabilan dan keabadian umat yang percaya kepada TUHAN seperti Gunung Sion yang tidak goyang, serta janji TUHAN untuk melindungi umat-Nya secara kekal. Konteksnya menunjukkan bahwa kebaikan akan diberikan kepada yang tulus hati, sementara orang yang menyimpang ke jalan yang berbelit-belit akan diusir oleh TUHAN untuk mencapai damai sejahtera bagi Israel."
Mazmur,126,"Tema utama pasal ini adalah harapan dan keberhasilan restorasi Tuhan yang mengubah keadaan Sion yang hancur menjadi kegembiraan, di mana orang yang pernah mengalami kesulitan (menabur dengan air mata) akan berbuah kegembiraan dan kekayaan melalui karya besar Tuhan. Konteksnya menggambarkan perjalanan dari kehancuran dan tangis ke dalam kegembiraan setelah Tuhan memulihkan keadaan seperti memulihkan tanah kering di Tanah Negeb."
Mazmur,127,"Tema utama pasal ini adalah kepercayaan pada kekuasaan Tuhan yang menguasai segala hal, di mana usaha manusia tanpa-Nya sia-sia dan anugerah seperti anak-anak menjadi hadiah yang siap untuk menghadapi tantangan. Konteksnya terdapat dalam Kitab Proverbs yang mengajarkan bahwa keberhasilan hidup hanya mungkin dicapai melalui ketergantungan pada kasih dan kekuasaan Tuhan, bukan usaha material yang tidak berdasar."
Mazmur,128,"Tema utama pasal ini adalah kebahagiaan dan keberkatan yang diberikan TUHAN kepada orang yang takut-Nya, yang mencakup keluarga subur, kebahagiaan Yerusalem, serta damai bagi bangsa Israel. Konteksnya adalah janji Tuhan kepada umat-Nya yang hidup menurut jalan Kebenaran, menghasilkan kehidupan yang berkelanjutan dan penuh harapan seumur hidup."
Mazmur,129,"Tema utama pasal ini adalah keadilan Tuhan yang mengalahkan musuh dan memberikan kemenangan atas kejahatan, sementara orang yang membenci Sion akan kehilangan kekuatan dan malu. Konteksnya menggambarkan umat Tuhan yang menghadapi tekanan sejak masa mudanya, namun yakin bahwa Tuhan akan melindungi mereka melalui keadilan-Nya yang tak terbantahkan."
Mazmur,130,"Tema utama pasal ini adalah doa yang mengungkapkan kebutuhan akan pengampunan dan harapan pada kasih setia Tuhan yang akan membebaskan umat dari kesalahan. Konteksnya menunjukkan seseorang yang dalam keadaan kritis (seperti berada di jurang yang dalam) memohon kehadiran Tuhan yang memberikan pengampunan dan pembebasan, dengan keyakinan bahwa kasih setia-Nya lebih utama daripada harapan pagi."
Mazmur,131,"Tema utama pasal ini adalah sikap rendah hati dan kepercayaan kepada Tuhan yang menghasilkan ketenangan jiwa, seperti yang dinyatakan dalam nyanyian ziarah Daud yang menghindari kebanggaan dan tidak mengejar hal-hal yang terlalu besar atau ajaib. Konteksnya menekankan kebutuhan umat Tuhan, khususnya Israel, untuk terus berharap kepada Tuhan sepanjang masa sebagai jaminan keamanan dan ketenangan yang abadi."
Mazmur,132,"Tema utama pasal ini adalah janji Allah yang abadi kepada Daud bahwa keturunannya akan duduk di takhtanya selamanya di Sion, yang dipilih sebagai tempat kediaman abadi-Nya. Konteksnya menggambarkan komitmen Daud dalam berjanji kepada Allah dan janji yang tidak akan dipungkiri untuk memastikan kekuatan kerajaan yang akan diteruskan melalui keturunannya, dengan pemberian keberkahan bagi umat-Nya dan penghancuran musuh-musuhnya."
Mazmur,133,"Tema utama tiga pasal ini adalah keharmonisan dan persatuan antaranggota umat Tuhan yang menghasilkan berkat dan kehidupan abadi. Konteksnya menggambarkan bagaimana persatuan yang damai, seperti minyak yang mengalir dari kepala ke janggut dan embun gunung Hermon yang turun ke Sion, menjadi dasar bagi berkat yang diberikan Tuhan untuk selamanya."
Mazmur,134,Tema utama pasal ini adalah pujian kolektif kepada Tuhan yang dilakukan oleh para hamba-Nya di malam hari dalam upacara ibadah. Konteksnya menekankan kekudusan Tuhan sebagai Pencipta langit dan bumi serta anugerah yang berasal dari Sion sebagai pusat kekudusan.
Mazmur,135,"Tema utama pasal ini adalah pujian terhadap kekuasaan dan kebesaran TUHAN yang telah menunjukkan kekuatan melalui karya-karya besar seperti pembawaan Israel dari Mesir dan kemenangan atas kerajaan Kanaan, serta penegasan bahwa berhala manusia tidak memiliki kekuatan seperti TUHAN. Konteksnya terkait dengan peristiwa keluar dari Mesir dan pengambilan tanah Kanaan, di mana pasal ini memanggil umat Tuhan untuk memuji kebesaran TUHAN yang melebihi segala yang dibuat manusia."
Mazmur,136,"Tema utama pasal ini adalah pujian terhadap kasih setia Tuhan yang abadi yang terbukti melalui penciptaan alam, penyelamatan Israel dari Mesir, dan kemenangan atas raja-raja di kawasan Canaan. Konteksnya adalah psalm yang ditujukan untuk mengingatkan umat Tuhan agar bersyukur atas kekuasaan dan kasih setia Tuhan yang tidak berubah sepanjang masa."
Mazmur,137,"Konteks pasal ini berasal dari Kitab Lamentasi yang menggambarkan penderitaan umat Yahudi di keterasingan Babel setelah Yerusalem runtuh akibat invasi Babel. Tema utamanya adalah rasa kehilangan mendalam terhadap Yerusalem (Sion) di tengah kesedihan di negeri asing, sekaligus menyoroti peran Bani Edom dalam kehancuran kota suci dan kekerasan yang dilakukan Babel."
Mazmur,138,"Tema utama pasal ini adalah kepercayaan pada kasih dan kesetiaan Tuhan yang selalu menjaga dan menyelamatkan dalam kesulitan, serta keinginan untuk bersyukur karena janji-Nya yang melebihi segala sesuatu. Konteksnya adalah doa syukur dari Daud yang menekankan bahwa Tuhan yang tinggi tetapi melihat orang yang hina dan memberikan kekuatan dalam keadaan krisis."
Mazmur,139,"Tema utama Mazmur Daud ini adalah pengakuan bahwa Tuhan mengetahui setiap gerak, pikiran, dan kehidupan manusia secara penuh, sehingga tidak ada tempat untuk menghindar dari kehadiran-Nya yang tak terbatas. Konteksnya menunjukkan Daud mengakui kekuasaan Tuhan yang meliputi hidupnya sejak awal kandungan hingga sekarang, dan memohon untuk diperlihatkan jalan yang kekal oleh Tuhan."
Mazmur,140,"Psalm 140 (Mazmur Daud) merupakan doa darurat Daud untuk melindungi diri dari musuh yang berupaya merusaknya melalui kekerasan dan tipu daya, serta memohon Tuhan agar keadilan diberikan kepada yang tertindas dan rencana jahat orang fasik dihancurkan. Daud percaya bahwa Tuhan akan melindungi orang benar dan menghancurkan musuh yang berupaya merusak dengan kekerasan dan tipu daya."
Mazmur,141,"Tema utama doa Daud ini adalah permohonan kehadiran dan perlindungan Tuhan untuk melindungi dari ancaman kejahatan serta perangkap orang fasik, dengan keyakinan bahwa keadilan Tuhan akan menimpa mereka yang berbuat jahat. Konteksnya adalah situasi di mana Daud berada dalam bahaya akibat kejahatan dan kebencian orang-orang fasik, sehingga ia berdoa untuk tetap berlindung pada Tuhan dan menghindari jalan kejahatan."
Mazmur,142,"Tema utama pasal ini adalah doa darurat Daud yang berada dalam keadaan terancam hidup di gua, memohon Tuhan untuk melindungi dan menyelamatkannya dari musuh yang mengancamnya. Konteksnya menunjukkan Daud dalam kelemahan spiritual dan fisik, di mana ia merasakan diri terjebak dalam tekanan musuh yang terlalu kuat, sehingga meminta Tuhan untuk menolongnya keluar dari penjara dan memberikan keadilan bagi orang-orang benar."
Mazmur,143,"Tema utama pasal ini adalah doa darurat Daud yang memohon kesetiaan dan keadilan Tuhan untuk menghapus kesesakan hidupnya, melindungi dari musuh, serta memulihkan kehidupan roh yang lemah. Konteksnya menunjukkan Daud dalam kondisi terpuruk akibat tekanan musuh dan kelelahan spiritual, berharap Tuhan memberikan kekuatan, jalan hidup yang benar, dan kasih setia yang menghadirkan keadilan."
Mazmur,144,"Tema utama pasal ini adalah pujian Daud terhadap Tuhan sebagai pelindung yang kuat yang menyelamatkannya dari musuh dan memberikan kemenangan, serta doa untuk keberkahan dan kekayaan bagi bangsa yang percaya kepada Tuhan. Konteksnya adalah Daud yang telah diberikan kemenangan oleh Tuhan dalam pertempuran dan keselamatan dari ancaman musuh, sehingga ia memohon keberkahan bagi bangsanya yang beriman kepada Tuhan."
Mazmur,145,"Konteks pasal ini adalah pernyataan Daud yang mengagungkan kebesaran dan keadilan Allah yang maha setia. Tema utamanya adalah kemuliaan Allah yang akan dinyatakan melalui keperkasaan-Nya yang abadi, kasih setia yang melindungi umat-Nya, dan janji-Nya untuk menyelamatkan semua yang berseru kepada-Nya hingga akhir zaman."
Mazmur,146,"Tema utama pasal ini adalah pujian kepada TUHAN yang abadi sebagai sumber keselamatan dan keadilan, yang menolak kepercayaan pada manusia yang tidak mampu menyelamatkan. Konteksnya menekankan kekuasaan Allah dalam memberikan hidup, keadilan, dan perlindungan bagi yang tertindas, sekaligus mengajak umat untuk memuliakan-Nya sepanjang hidup."
Mazmur,147,"Tema utama pasal ini adalah pujian terhadap kekuasaan, kebijaksanaan, dan kasih setia Tuhan yang melindungi umat-Nya, khususnya dalam memberkati Israel dan mengatur alam semesta. Konteksnya adalah respons umat Yahudi yang mengakui keadilan dan kesejahteraan Tuhan melalui karya kreatif-Nya, penyelamatan dari keterasingan, dan kepercayaan pada kasih-Nya yang tak terhingga."
Mazmur,148,"Tema utama pasal ini adalah pujian universal kepada Tuhan yang meliputi seluruh ciptaan—dari malaikat, bintang, hingga makhluk di bumi—sebagai pengakuan atas kekuasaan dan keagungan-Nya yang mengatasi langit dan bumi. Konteksnya menekankan bahwa Tuhan adalah pencipta yang memberikan perintah abadi yang tidak dapat dilanggar, sehingga semua makhluk diwajibkan memuji-Nya, dengan fokus khusus pada umat Israel sebagai penerima anugerah keagungan-Nya."
Mazmur,149,"Tema utama pasal ini adalah kegembiraan umat Tuhan yang saleh dalam pujian dan syukur, di mana mereka diberkati dengan keselamatan dan kekuatan untuk melaksanakan keadilan Tuhan terhadap bangsa-bangsa yang melawan. Konteksnya menggambarkan bagaimana Tuhan berkenan kepada umat-Nya, sehingga mereka beria-ria dalam kemuliaan dan menjadi penghukum sesuai firman-Nya."
Mazmur,150,"Tema utama pasal ini adalah permintaan untuk memuji Allah secara luas dengan berbagai alat musik dan gerakan, mengakui keperkasaan dan kebesarannya yang maha kudus. Konteksnya adalah dalam ibadah bersama yang melibatkan seluruh makhluk hidup untuk berpartisipasi dalam pujian yang penuh sukacita terhadap kekuasaan Allah."
Mikha,1,"Konteksnya adalah peringatan TUHAN kepada Mikha pada zaman raja-raja Yehuda (Yotam, Ahas, dan Hizkia) yang menggambarkan ancaman kehancuran terhadap Samaria dan Yerusalem akibat dosa umat. Tema utamanya adalah hukuman kehancuran yang akan datang karena pelanggaran perjanjian, di mana Samaria dihancurkan sebagai simbol dosa Yakub dan Yerusalem sebagai simbol dosa Yehuda, dengan gambaran kehancuran ekstrem seperti luluhnya gunung dan terbelahnya lembah."
Mikha,2,"Tema utama pasal ini adalah ancaman hukuman Tuhan terhadap umat-Nya yang berdosa dengan kekerasan sosial dan kejahatan, yang akan mengakibatkan kehancuran total. Meskipun umat tersebut dihancurkan, Tuhan berjanji akan mengumpulkan dan menyatukan umat yang tersisa dengan kehadiran-Nya sebagai pemerintah yang melindungi."
Mikha,3,"Tema utama pasal ini adalah ancaman Tuhan terhadap para pemimpin Yakub dan Israel yang korup, yang mengabaikan keadilan dan berlaku jahat, sehingga akan menghadapi hukuman berupa kerusakan Sion dan Yerusalem. Konteksnya adalah kejahatan sistematis para pemimpin—seperti korupsi dan ketidaksetiaan—yang menghancurkan kehendak Tuhan, sehingga Bait Suci menjadi puing dan gunungnya berubah menjadi hutan."
Mikha,4,"Tema utama pasal ini adalah visi kejayaan akhir zaman di mana rumah Tuhan (Sion) menjadi pusat keadilan universal, dengan bangsa-bangsa datang untuk belajar jalan Tuhan dan senjata diubah menjadi alat kerja untuk mengakhiri perang. Konteksnya menunjukkan Tuhan akan mengumpulkan orang-orang terpencar dan memastikan kekuasaan-Nya di Sion hingga abadi, meskipun melalui proses kesakitan sebelum kejayaan yang memperkuat Sion sebagai tempat pemerintahan Tuhan."
Mikha,5,"Tema utama pasal ini adalah propesi tentang kelahiran Yesus sebagai Raja dari Betlehem yang akan memerintah Israel, mengalahkan kekuatan Asyur, dan membawa damai universal. Konteksnya menggambarkan kekuatan Tuhan yang akan menghancurkan musuh, menghapus praktik penyembahan berhala, dan memperluas kerajaan-Nya hingga ke ujung bumi melalui sisa-sisa Yakub yang menjadi penguasa di tengah bangsa-bangsa."
Mikha,6,"Tema utama pasal ini adalah Tuhan mengkritik umat-Nya Israel karena ketidaksetiaan dan kejahatan seperti ketidakadilan, kecurangan, serta kegagalan dalam kesetiaan, sehingga Ia akan menghukum mereka dengan kesulitan dan kehancuran. Konteksnya terkait dengan peringatan Tuhan setelah umat-Nya gagal memenuhi janji keluar dari Mesir dan kepercayaan pada Musa."
Mikha,7,"Tema utama pasal ini adalah keluhan umat Yahudi atas kehancuran Yerusalem akibat dosa dan ketidaksetiaan mereka, dengan konteks keadilan Allah yang menghukum kejahatan tetapi juga janji pemulihan melalui kasih dan keadilan-Nya. Konteksnya terjadi pada masa penghancuran kota oleh Babel, di mana umat mengalami kehancuran sosial dan berharap pada kekuatan Allah untuk menghapus dosa dan memulihkan umat-Nya."
Nahum,1,"Konteks pasal ini adalah peringatan nabi Nahum yang meramalkan hukuman TUHAN terhadap kota Niniwe (ibukota Assyria) yang sombong dan berlaku jahat sebagai ancaman terhadap Israel. Tema utamanya adalah kekuatan TUHAN yang tak terbendung dalam menghancurkan musuh yang melanggar keadilan, sekaligus menjamin keselamatan dan damai bagi Yehuda yang berlindung kepada-Nya."
Nahum,2,"Tema utama pasal ini adalah hukuman Tuhan terhadap kota Niniwe akibat kejahatan yang dilakukannya, dengan gambaran kekuatan militer yang akan dihancurkan Tuhan. Konteksnya adalah prediksi nabi yang menggambarkan kehancuran total kota tersebut melalui kekuatan Tuhan yang menghancurkan segala kekayaan dan kekuatan musuh."
Nahum,3,"Tema utama pasal ini adalah peringatan TUHAN tentang jatuhnya kota Mesir (Tebe) akibat kejahatan moral dan pengaruh sihir yang merusak, yang akan dihancurkan oleh pasukan Asyur. Konteksnya adalah prediksi kehancuran Mesir sebagai konsekuensi kekacauan sosial dan ketidaksetiaan terhadap Tuhan akibat kejahatan dan kekacauan dalam masyarakat."
Nehemia,1,"Tema utama pasal ini adalah doa Nehemiah untuk pemulihan Yerusalem dan umat Yehuda setelah kerusakan kota, dengan mengakui dosa dan berharap Allah memenuhi janji perjanjian. Konteksnya terjadi ketika tembok Yerusalem telah terbongkar dan pintu gerbangnya terbakar, menyebabkan umat Yehuda berada dalam kesukaran besar dan keadaan tercela."
Nehemia,2,"Tema utama pasal ini adalah upaya membangun kembali Yerusalem yang telah menjadi reruntuhan, sebagai tempat pekuburan nenek moyang, dengan dukungan raja Artaxerxes I dan kekuatan Allah yang melindungi pekerjaan tersebut. Konteksnya terjadi pada masa periode kerajaan Persia setelah keterbukaan Babel, di mana komunitas Yahudi menghadapi resistensi dari pihak luar seperti Sanbalat dan Tobia dalam upaya memulihkan identitas dan kehidupan sosial mereka."
Nehemia,3,Tema utama pasal ini adalah upaya kolektif memperbaiki dinding dan gerbang Yerusalem oleh berbagai kelompok dan individu sebagai bagian dari pembangunan kembali kota setelah kembali dari pengasingan Babel. Konteksnya terjadi pada masa pascakembali ke Israel di mana kerja sama terstruktur dilakukan untuk memperkuat pertahanan kota melalui pembagian tugas yang detail.
Nehemia,4,"Tema utama pasal ini adalah ketekunan dan keberanian orang Yahudi di bawah kepemimpinan Nehemia untuk melanjutkan pembangunan tembok Yerusalem meski dihina dan diancam oleh Sanbalat dan Tobia yang berupaya menghambat pekerjaan tersebut. Konteksnya terjadi pada masa pemulihan setelah penghancuran Babel, di mana orang Yahudi menggabungkan pekerjaan konstruksi dengan pertahanan militer untuk memastikan keamanan kota mereka."
Nehemia,5,"Tema utama pasal ini adalah upaya bupati Yehuda untuk membatalkan hutang, mengembalikan ladang dan kebun, serta mengurangi beban pajak sebagai respons terhadap kelaparan dan penekanan ekonomi rakyat. Konteksnya terjadi di Yehuda selama pemerintahan Artahsasta (tahun ke-20 hingga ke-32), di mana bupati ini menolak praktik kekerasan para bupati sebelumnya dan berkomitmen pada keadilan sosial melalui kebijakan yang berpihak pada rakyat."
Nehemia,6,"Tema utama pasal ini adalah keberanian Nehemia dalam melanjutkan pembangunan tembok Yerusalem meski dihadapkan ancaman dan upaya musuh seperti Sanbalat dan Tobia yang berusaha menghentikan pekerjaan dengan menyebarkan desas-desus dan ancaman kekerasan. Konteksnya terjadi setelah kota Yerusalem dihancurkan, di mana Nehemia berhasil menyelesaikan tembok dalam 52 hari dengan bantuan Allah, sehingga musuh akhirnya takut dan menyadari pekerjaan tersebut dilakukan berkat kekuatan Tuhan."
Nehemia,7,"Tema utama pasal ini adalah pembangunan kembali dinding Yerusalem dan penyusunan daftar penduduk yang kembali dari pembuangan Babel, yang mencakup penempatan penjaga pintu, perhitungan keturunan, serta perencanaan struktur keagamaan dan administratif. Konteksnya adalah masa pemulihan pasca-pembuangan di mana orang Israel kembali ke Yerusalem untuk memulihkan kehidupan sosial dan keagamaan setelah dibawa ke Babel oleh Nebukadnezar."
Nehemia,8,"Tema utama pasal ini adalah pengulangan perayaan Tabernakel setelah umat Israel kembali dari pembuangan, yang menunjukkan komitmen mereka mematuhi hukum Tuhan dan memperkuat keterikatan dalam kehidupan beragama. Konteksnya terjadi pada masa pasca-pembuangan ketika Ezra memimpin umat Israel membaca Taurat dan mengimplementasikan perintah-perintah Tuhan, termasuk pembuatan pondok sebagai bentuk pengakuan atas janji Tuhan yang menjadi simbol pemulihan identitas agama dan kebersamaan umat."
Nehemia,9,"Tema utama pasal ini adalah pengakuan dosa dan kesalahan keturunan Israel yang berulang, serta ketergantungan pada kasih setia Allah yang tetap mengampuni meskipun mereka sering melanggar perjanjian. Konteksnya adalah umat Allah yang kini berada dalam keadaan budak di bawah pemerintahan bangsa asing setelah kembali dari kekacauan Babilonia, sehingga mereka berupaya memperbarui perjanjian dengan Allah untuk kembali berjalan dalam kekudusan."
Nehemia,10,"Tema utama pasal ini adalah pengulangan perjanjian antara orang Israel dan Tuhan untuk memulihkan struktur agama dan sosial setelah keterbukaan dari kekaisaran Babilonia. Konteksnya meliputi komitmen mematuhi hukum Musa, kewajiban persembahan tahunan, larangan mengambil perempuan dari penduduk negeri, serta aturan hari Sabat dan hasil tanah tahun ketujuh dalam upaya menjaga keterkaitan dengan Tuhan."
Nehemia,11,"Tema utama pasal ini adalah pengorganisasian sistematis penduduk Yehuda di Yerusalem dan kota-kota sekitarnya, termasuk perhitungan jumlah, kelompok, serta peran para imam, orang-orang Lewi, dan budak di bait Allah. Konteksnya terkait dengan pembentukan struktur administratif dan religius untuk menjaga keteraturan kehidupan beragama dan pemerintahan setelah pemilihan kepala-kepala propinsi."
Nehemia,12,"Tema utama pasal ini adalah reorganisasi struktur imam dan orang-orang Lewi pasca-kembali dari kejatuhan Babel, dengan penekanan pada ketertiban keluarga dan peran mereka dalam ritual keagamaan sesuai aturan Daud dan Salomo. Konteksnya terjadi pada masa Zerubabel dan Nehemia, ketika umat Yehuda melaksanakan pembangunan kembali Yerusalem dan mengadakan perayaan besar dengan kidung, korban kudus, serta pengumpulan sumbangan untuk memenuhi kebutuhan imam dan orang-orang Lewi."
Nehemia,13,"Tema utama pasal ini adalah upaya Ezra untuk memperbaiki kekacauan agama dan sosial di Yerusalem pasca-kembalian dari Babel dengan menghentikan pengaruh Tobiah terhadap kekudusan rumah Allah, melarang pernikahan dengan perempuan asing, dan memperbaiki pelanggaran hari Sabat. Konteksnya adalah masa pasca-kembalian dari Babel di mana orang Yehuda masih melanggar perjanjian dengan Allah melalui korupsi di rumah Allah, pernikahan dengan bangsa asing, dan pelanggaran hukum hari Sabat."
Obaja,1,"Tema utama pasal ini adalah hukuman Tuhan terhadap Edom akibat kekerasan terhadap saudara sebangsa (Yakub) dan keangkuhan yang menyebabkan mereka dihancurkan. Konteksnya menunjukkan bahwa Tuhan akan mengalihkan tanah Edom kepada keturunan Yakub dan Yusuf, sementara Edom sendiri akan lenyap sepenuhnya sebagai bagian dari kemenangan-Nya atas kejahatan mereka."
Pengkhotbah,1,"Tema utama pasal ini adalah kesia-siaan hidup dan usaha manusia di bawah matahari, yang diungkapkan oleh Pengkhotbah (Solomon) sebagai raja Yerusalem melalui observasi siklus alam dan kehidupan yang tak berkesudahan. Konteksnya menunjukkan bahwa segala sesuatu berulang, tidak ada yang baru, sehingga usaha mencari kebijaksanaan dan pengetahuan tetap tidak menghindari kesia-siaan yang mendasari kehidupan."
Pengkhotbah,2,"Tema utama pasal ini adalah kesia-siaan usaha manusia di bawah matahari, di mana semua pencapaian material dan kekayaan tidak memiliki keabadian. Konteksnya menunjukkan refleksi Qoheleth yang menyadari bahwa kebahagiaan sejati terletak pada makan, minum, dan kesenangan yang diberikan Allah dalam hidup sehari-hari, sementara usaha keras untuk mencapai kekayaan justru menghasilkan kegagalan abadi."
Pengkhotbah,3,"Tema utama pasal ini adalah bahwa setiap hal dalam kehidupan memiliki waktunya, termasuk kehidupan manusia yang sama-sama berakhir seperti binatang. Konteksnya berasal dari Kitab Eklesiastes yang menekankan bahwa kebahagiaan terletak pada menikmati pekerjaan dan kesenangan yang diberikan Allah, sementara segala usaha tanpa tujuan ilahi akan sia-sia."
Pengkhotbah,4,"Tema utama pasal ini adalah kesia-siaan hidup di bawah matahari dan kegagalan upaya manusia dalam mencapai kebahagiaan yang abadi. Konteksnya menunjukkan refleksi Qoheleth tentang kebodohan manusia dalam berusaha, kepentingan hubungan sosial, dan nilai kebijaksanaan yang lebih baik daripada kekayaan atau kekuasaan. Kesimpulannya, hidup yang penuh kebijaksanaan dan kerjasama lebih bermakna daripada kegagalan dalam usaha yang tidak berkesudahan."
Pengkhotbah,5,"Tema utama pasal ini adalah pentingnya berbicara dengan bijak, memenuhi janji kepada Allah, dan kesadaran bahwa kekayaan bersifat sementara yang tidak menjamin kebahagiaan abadi. Konteksnya terdapat dalam Kitab Eklesiastes (Buku 5), yang menekankan bahwa kehidupan yang bermakna hanya dapat dicapai melalui kebijaksanaan dan keterikatan dengan Allah, bukan melalui kekayaan yang berdampak buruk."
Pengkhotbah,6,"Tema utama pasal ini adalah kesia-siaan hidup manusia di bawah matahari, di mana kekayaan dan kekuasaan tidak menghasilkan kepuasan abadi karena kehidupan yang singkat dan usaha manusia hanya mengarah pada kegelapan. Konteksnya adalah refleksi Qoheleth dalam Kitab Ekkelesiastes yang menekankan bahwa keinginan manusia selalu tidak terpenuhi, dan keadaan yang lebih tenang seperti anak gugur lebih baik daripada kehidupan yang penuh penderitaan."
Pengkhotbah,7,"Tema utama dari pasal-pasal ini adalah kekosongan makna kehidupan manusia dan pentingnya hikmat yang berasal dari Allah untuk menghindari kebinasaan. Konteksnya adalah refleksi Pengkhotbah yang menunjukkan bahwa manusia tidak dapat menemukan hikmat tanpa kekuatan Allah, sehingga kehidupan yang bermakna hanya mungkin melalui takut kepada Allah dan kepercayaan pada kehendak-Nya."
Pengkhotbah,8,"Tema utama pasal ini adalah kekosongan kehidupan manusia di bawah matahari dan pentingnya takut kepada Allah sebagai penentu kebahagiaan yang sejati. Konteksnya adalah refleksi filsafat yang menunjukkan bahwa kebijaksanaan manusia terbatas, sedangkan keadilan Allah dan hukuman atas kejahatan menjadi penentu kehidupan yang berkelanjutan meskipun kehidupan di dunia penuh ketidakpastian."
Pengkhotbah,9,"Tema utama pasal ini adalah kekosongan kehidupan manusia dan kesamaan nasib semua orang di hadapan kematian, dengan penekanan pada pentingnya hikmat dalam menghadapi kehidupan yang tidak memiliki makna. Konteksnya adalah refleksi Qoheleth dalam Kitab Ecclesiastes yang menunjukkan bahwa meskipun semua orang memiliki nasib yang sama, kebijaksanaan dan kebahagiaan dalam hidup yang dihargai Allah lebih bermakna daripada kekuatan atau kekayaan."
Pengkhotbah,10,"Tema utama dari pasal-pasal ini adalah kontras antara kebijaksanaan dan kebodohan, di mana kebijaksanaan menghasilkan keberhasilan dan stabilitas hidup, sedangkan kebodohan menyebabkan kerugian dan kehancuran. Konteksnya terkait dengan nasihat Alkitab yang menekankan pentingnya kebijaksanaan dalam pengambilan keputusan, kepemimpinan, serta pengelolaan diri, sekaligus mengingatkan akan konsekuensi negatif dari sikap bodoh dan ketidakpedulian terhadap hikmat."
Pengkhotbah,11,"Tema utama pasal ini adalah futility hidup dan ketidakpastian hasil usaha manusia dalam konteks literatur kebijaksanaan Alkitab yang menekankan bahwa segala kejadian tidak dapat diprediksi dan keberhasilan tidak tergantung pada usaha manusia sendiri. Pasal-pasal ini mengingatkan untuk tidak terlalu fokus pada kejadian sementara, melainkan lebih berfokus pada kepercayaan kepada Allah yang mengatur segala sesuatu."
Pengkhotbah,12,"Tema utama pasal ini adalah kesia-siaan segala usaha manusia dalam kehidupan duniawi dan kehancuran yang akan datang, dengan penekanan pada pentingnya takut akan Allah dan mematuhi perintah-Nya sebagai jalan hidup yang bermakna. Konteksnya menggambarkan refleksi Pengkhotbah tentang kekayaan yang sementara, kehancuran dunia, dan kebutuhan untuk menghindari kesia-siaan melalui kebenaran Tuhan."
Ratapan,1,"Tema utama pasal ini adalah keluhan mendalam tentang kehancuran Yerusalem dan penderitaan rakyatnya akibat dosa yang diterima, dengan konteks kejatuhan kota tersebut oleh bangsa Babel. Pasal ini menggambarkan kerusakan moral dan fisik yang dialami umat Tuhan yang ditinggalkan oleh Tuhan karena ketidakpatuhan mereka terhadap perintah-Nya."
Ratapan,2,"Tema utama pasal ini adalah keluhan umat Tuhan terhadap hukuman Tuhan yang menghancurkan Yerusalem akibat kejahatan umatnya, yang mengakibatkan kerusakan tempat suci, penderitaan berat, dan kehancuran kota. Konteksnya terjadi setelah kota Yerusalem dihancurkan oleh hukuman Tuhan sebagai balasan atas kegagalan umat dalam mengikuti perintah-Nya."
Ratapan,3,"Tema utama pasal ini adalah sengsara dan kesedihan yang dialami oleh orang percaya dalam kegelapan dan penganiayaan, namun tetap berharap pada kasih setia dan rahmat Tuhan yang tak berkesudahan. Konteksnya menggambarkan perjuangan spiritual di tengah ejekan dan kesulitan hidup, dengan keyakinan bahwa Tuhan akan memberikan keadilan dan keselamatan meski dalam keadaan terpuruk."
Ratapan,4,"Tema utama pasal ini adalah hukuman Tuhan terhadap Yerusalem akibat dosa dan kedurjanaan umatnya yang mengakibatkan kehancuran dan pengasingan, sementara Edom dihukum sebagai balasan atas kejahatan yang dilakukannya. Konteksnya adalah peringatan nabi Yesaya tentang konsekuensi dosa moral dan kekacauan agama yang menghancurkan kota, di mana Sion akan dibersihkan dari kesalahan tetapi Edom akan menerima hukuman berat."
Ratapan,5,"Tema utama pasal ini adalah keluhan umat Yahudi yang mengalami penderitaan akibat kejatuhan Yerusalem dan masa eksil Babilonia, termasuk kehilangan kekayaan, rumah, serta kehidupan normal. Konteksnya adalah masa eksil Babilonia setelah kota suci Yerusalem dihancurkan pada tahun 586 SM, di mana umat memohon Tuhan untuk memulihkan keadaan mereka dan kembali ke dalam keselamatan."
Roma,1,"Tema utama surat Roma ini adalah penekanan Paulus tentang Injil Yesus Kristus sebagai Anak Allah yang berkuasa yang menjadi dasar kasih karunia dan panggilan untuk semua bangsa, serta peringatan akan konsekuensi ketidakpatuhan terhadap kebenaran Allah yang mengakibatkan dosa dan penyembahan berhala. Konteksnya adalah Paulus berdoa untuk mengunjungi gereja Roma guna memperkuat iman mereka, sementara ia juga mengingatkan tentang kejatuhan moral yang terjadi bagi yang tidak mengakui Allah."
Roma,2,"Tema utama pasal ini adalah kritik terhadap hipokrisi dalam menghakimi orang lain sementara tidak mengikuti prinsip yang sama, serta penekanan bahwa kebenaran dan keselamatan hanya berasal dari kepatuhan dalam hati terhadap hukum Allah, bukan sekadar ritual atau keadaan luar. Konteksnya menunjukkan bahwa Allah menghakimi sesuai tindakan dan keadaan batin, sehingga orang yang benar-benar mengikuti hukum Taurat dari dalam akan mendapat kemuliaan, sementara yang hipokrit akan menghadapi hukuman."
Roma,3,"Tema utama pasal ini adalah bahwa semua manusia berdosa dan tidak dapat dibenarkan melalui hukum Taurat, melainkan hanya melalui iman dalam Yesus Kristus yang memberikan keadilan Allah secara universal bagi Yahudi dan non-Yahudi. Konteksnya adalah argumen Paulus dalam surat Romawi yang menjawab pertanyaan tentang kelebihan orang Yahudi dan sunat, serta menegaskan bahwa iman, bukan perbuatan, adalah dasar pembenaran."
Roma,4,"Tema utama pasal ini adalah bahwa kebenaran berdasarkan iman diperoleh melalui kepercayaan kepada Allah, bukan melalui perbuatan atau hukum Taurat, seperti yang dialami Abraham yang dihitung sebagai orang beriman sebelum disunat. Konteksnya menjelaskan bahwa iman Abraham menjadi dasar bagi semua orang percaya—baik bersunat maupun tak bersunat—sehingga janji Allah tentang keturunan dan kehidupan yang berkeselamatan diterima melalui kasih karunia dalam Yesus Kristus."
Roma,5,"Tema utama pasal ini adalah perbandingan konsekuensi dosa Adam yang menyebabkan kematian universal dengan kasih karunia Allah yang melalui Yesus Kristus memberikan keselamatan dan pembebasan dari murka Allah. Konteksnya menekankan bahwa iman dalam Yesus Kristus menghasilkan keselamatan, keberanian dalam kesengsaraan, dan harapan yang tidak mengecewakan melalui kasih karunia yang tak terbatas."
Roma,6,"Tema utama pasal ini adalah bahwa melalui kematian dan kebangkitan Kristus, orang percaya telah mati bagi dosa dan hidup bagi Allah, sehingga tidak lagi terkait dengan kuasa dosa tetapi menjadi hamba kebenaran. Konteksnya menekankan transisi dari keadaan hamba dosa menjadi hamba kebenaran yang menghasilkan pengudusan dan hidup yang kekal melalui kasih karunia Allah."
Roma,7,"Tema utama pasal ini adalah kematian bagi hukum Taurat melalui kematian Kristus, sehingga orang percaya diberikan kebebasan untuk hidup dalam Roh Kudus dan tidak lagi terikat oleh dosa. Konteksnya adalah perjuangan Paulus dalam mengungkap konflik antara daging dan Roh, di mana hukum Taurat mengungkap dosa tetapi hanya melalui iman kepada Kristus orang percaya diberikan kebebasan untuk berbuah bagi Allah."
Roma,8,"Tema utama pasal ini adalah kebebasan dari hukum dosa dan maut melalui kematian Kristus, dengan identitas orang percaya sebagai anak Allah yang hidup melalui Roh Kudus. Konteksnya menekankan bahwa meski mengalami penderitaan sekarang, kasih Allah yang tak terpisahkan akan mengatasi semua rintangan hingga mereka diterima dalam kemuliaan yang tak terbatas."
Roma,9,"Tema utama pasal ini adalah penjelasan Paulus tentang pemilihan Allah yang berdasarkan kasih karunia, bukan keturunan daging atau perbuatan, di mana keselamatan hanya diperoleh melalui iman kepada Kristus. Konteksnya adalah perdebatan antara orang Yahudi yang mengikuti hukum Taurat tanpa iman dan bangsa-bangsa lain yang masuk dalam perjanjian Allah melalui iman, menunjukkan bahwa Allah memilih sesuai kehendak-Nya untuk menyelamatkan mereka yang benar."
Roma,10,"Tema utama pasal ini adalah keselamatan hanya diperoleh melalui iman dan pengakuan terhadap Yesus Kristus, bukan melalui penuhannya hukum Taurat. Konteksnya menunjukkan bahwa Allah menyelamatkan semua orang—orang Yahudi dan non-Yahudi—yang mendengar dan percaya kepada kabar baik, dengan iman yang muncul dari pendengaran firman Kristus."
Roma,11,"Tema utama pasal ini adalah penekanan bahwa Allah memilih umat-Nya yang dipilih melalui kasih karunia, sehingga umat non-Yahudi dapat tergabung sebagai cabang yang dicangkokkan dalam pohon zaitun sejati, sementara umat Yahudi yang tidak percaya tetap dalam keadaan terasing. Konteksnya menjelaskan bahwa kemurahan Allah terhadap umat non-Yahudi muncul dari penolakan umat Yahudi, dengan kasih karunia yang tidak bergantung pada perbuatan, sehingga umat non-Yahudi tetap dalam kekayaan pilihan Allah."
Roma,12,"Tema utama pasal ini adalah pembaruan spiritual dan keterpaduan dalam tubuh Kristus melalui penggunaan karunia yang beragam untuk melayani sesama dengan kasih. Konteksnya adalah komunitas Kristen yang harus menghindari konflik, memperkuat hubungan melalui saling mengasihi, dan berbuat baik tanpa balas kejahatan dalam kehidupan sehari-hari."
Roma,13,"Tema utama pasal ini adalah kewajiban Kristen untuk taat kepada pemerintah yang diakui Allah sebagai bentuk pengakuan kekuasaan Tuhan, sekaligus mengingatkan untuk hidup berintegritas melalui kepatuhan pada hukum dan kasih. Konteksnya adalah urgensi untuk mempersiapkan diri dalam keselamatan yang semakin dekat dengan tindakan yang benar dan menghindari kejahatan yang berakibat pada hukuman."
Roma,14,"Tema utama pasal ini adalah kesatuan dalam Kristus melalui penghindaran penilaian terhadap kebiasaan makanan yang dapat menyebabkan saudara terjatuh, dengan menekankan bahwa segala sesuatu suci jika dilakukan dengan iman dan kasih, bukan hukum yang kaku. Konteksnya terkait perbedaan keyakinan di komunitas Kristen awal mengenai makanan, yang harus diatasi dengan kebijaksanaan berdasarkan kematian Kristus yang telah mengatasi semua batas."
Roma,15,"Tema utama surat ini adalah kesatuan dalam Kristus melalui saling mendukung dan menghargai kelemahan sesama, serta pentingnya Kitab Suci sebagai pelajaran untuk membangun komunitas iman yang teguh. Konteksnya adalah surat 2 Korintus yang ditujukan kepada gereja Korintus untuk mengingatkan tentang kewajiban kerukunan antar bangsa Yahudi dan non-Yahudi dalam pelayanan Injil, sekaligus memastikan keberhasilan misi Paulus dalam menyebarkan berita Kristus ke berbagai wilayah dan mendukung kebutuhan gereja kudus di Yerusalem."
Roma,16,"Tema utama pasal ini adalah Paulus memberikan salam dan apresiasi kepada komunitas gereja di Korintus serta para sahabatnya, sekaligus memperingatkan untuk waspada terhadap pengajaran yang menimbulkan perpecahan dan penipuan. Konteksnya adalah surat Paulus kepada jemaat Korintus yang bertujuan memperkuat ketaatan iman dan kebersamaan, sementara mengingatkan tentang bahaya orang-orang yang tidak melayani Kristus tetapi berusaha memperoleh keuntungan duniawi."
Rut,1,"Tema utama pasal ini adalah kesetiaan Rut terhadap Naomi dalam menghadapi kehilangan dan kesulitan hidup akibat kelaparan di tanah Israel. Konteksnya meliputi perjalanan kembali ke Betlehem setelah kehilangan suami dan dua anaknya, di mana Naomi berubah nama menjadi Mara karena penderitaan yang dialaminya, sementara Rut tetap berkomitmen untuk tidak meninggalkannya."
Rut,2,"Tema utama pasal ini adalah kesetiaan Rut terhadap mertuanya, Naomi, dan kepercayaan pada kasih Tuhan yang menghadirkan keberkahan melalui Boas sebagai kinsman redeemer. Konteksnya terjadi di masa setelah kematian suami Naomi dari Bethlehem, di mana Rut memilih untuk tinggal di Israel bersama Naomi meski sebagai orang asing, menunjukkan kekuatan iman dalam situasi kesulitan hidup."
Rut,3,"Tema utama pasal ini adalah peran penebus keluarga dalam mengatasi kesulitan hidup, seperti kasus Rut yang tetap setia kepada mertuanya meski berasal dari luar bangsa. Konteksnya terjadi di masa krisis pangan di Bethlehem, di mana Boas memberikan enam takar jelai sebagai bantuan untuk melindungi mereka dari kekurangan, menunjukkan kekuatan keluarga dalam menghadapi tantangan hidup."
Rut,4,"Tema utama pasal ini adalah proses menebus tanah dan menjaga keturunan melalui Boas yang mengambil tanah milik Naomi serta menikahkan diri dengan Rut, sehingga nama keluarga Elimelekh tidak lenyap. Konteksnya terjadi di Israel pada masa Naomi kembali dari Moab, di mana tradisi menebus tanah menjadi kunci untuk mempertahankan identitas agama dan keturunan yang berujung pada keturunan Daud."
Titus,1,"Tema utama pasal Titus ini adalah panduan Paulus kepada Titus untuk menetapkan penatua yang berintegritas di Kreta serta menolak pengajaran palsu yang berasal dari hukum sunat dan kekacauan iman. Konteksnya adalah tantangan gereja Kreta yang menghadapi penyebaran ajaran tidak benar dan kebiasaan tidak tertib, sehingga perlu pemimpin yang mampu memperbaiki situasi dengan menegakkan kebenaran dan iman."
Titus,2,"Tema utama pasal ini adalah mengajak umat Kristiani untuk hidup berdasarkan ajaran yang sehat dengan menjadi teladan yang bijaksana, taat, dan berbuat baik dalam berbagai peran, sekaligus menghindari kefasikan duniawi dan kejahatan. Konteksnya terkait dengan upaya masyarakat kristiani dalam menjaga kekakuan moral dan keberlanjutan iman melalui pengajaran yang tulus serta ketaatan kepada Allah dalam kasih karunia Yesus Kristus yang telah menyelamatkan semua manusia."
Titus,3,"Tema utama pasal ini adalah mengajak umat Kristiani untuk taat pada pemerintah, berlaku damai, dan menjalankan pekerjaan baik berdasarkan kasih karunia Allah, sementara menghindari perselisihan hukum Taurat dan kejatuhan akibat dosa. Konteksnya terjadi dalam komunitas Yesus Kristus yang menghadapi tantangan seperti heresia, perselisihan, dan kebutuhan praktis untuk menjalankan kehidupan beragama yang sejati."
Ulangan,1,"Tema utama pasal ini adalah ketidakpercayaan dan ketakutan orang Israel terhadap janji Tuhan untuk memasuki Tanah Kanaan, yang menyebabkan mereka gagal menduduki negeri tersebut selama 40 tahun. Konteksnya terjadi di Kadesh-Barnea, di mana Musa menjelaskan bahwa Tuhan telah menyerahkan negeri itu kepada mereka, tetapi orang Israel menolak berjalan ke sana karena kekhawatiran atas kekuatan musuh dan ketakutan, sehingga Tuhan menghukum mereka dengan berjalan di padang gurun."
Ulangan,2,"Tema utama pasal ini adalah perintah Tuhan untuk orang Israel tidak mengambil tanah milik Esau, Moab, dan Amun yang telah ditetapkan sebelumnya, sekaligus menunjukkan persiapan mereka untuk menguasai negeri Sihon sebagai awal masuk ke Tanah Janji. Konteksnya adalah perjalanan orang Israel selama 38 tahun di padang gurun sebelum menyeberangi sungai Yordan dan memulai penaklukan wilayah Amorit yang diberikan Tuhan."
Ulangan,3,"Tema utama pasal ini adalah kemenangan Israel atas raja Basan Og dan kerajaan Rephaim melalui kekuatan Allah, serta pembagian wilayah di seberang sungai Yordan kepada suku-suku Israel. Konteksnya menunjukkan persiapan Israel untuk menyeberangi sungai Yordan dan memasuki negeri yang dipersiapkan Allah, dengan perintah Moses agar mereka berani melawan musuh dan tetap berpegang pada kekuatan Tuhan."
Ulangan,4,"Tema utama pasal ini adalah perjanjian Taurat yang ditegaskan Musa kepada orang Israel untuk mematuhi hukum-hukum Allah tanpa menambah atau mengurangi, dengan konteks persiapan memasuki negeri yang diberikan Allah setelah keluar dari Mesir. Pasal ini menekankan pentingnya menghindari berhala dan mempertahankan kepercayaan kepada Allah yang tunggal, serta mengingatkan konsekuensi jika melanggar perjanjian seperti dihancurkan oleh Allah."
Ulangan,5,"Tema utama pasal ini adalah perjanjian Allah dengan bangsa Israel di Gunung Sinai melalui perintah-perintah yang diberikan Musa, yang menjadi fondasi kehidupan etis dan identitas mereka. Konteksnya adalah momen ketika Allah berbicara secara langsung di tengah api, menekankan kekhawatiran umat terhadap kehadiran-Nya yang maha kuasa dan janji keberkahan jika mereka setia menjalankan ketetapan yang diberikan."
Ulangan,6,"Tema utama pasal ini adalah pentingnya mematuhi perintah Tuhan, mengajarkan ketetapan kepada generasi berikutnya, dan tetap takut kepada Tuhan untuk mempertahankan keberkahan dan kesejahteraan di negeri yang dijanjikan. Konteksnya adalah Israel yang sedang memasuki tanah yang dijanjikan kepada nenek moyangnya setelah keluar dari perbudakan Firaun, dengan peringatan untuk tidak melanggar kesepakatan dengan Tuhan dan menghindari kejahatan yang dapat mengakibatkan kehancuran."
Ulangan,7,"Tema utama pasal ini adalah perintah kepada orang Israel untuk sepenuhnya menumpas tujuh bangsa di sekitar mereka (Canaanit, Amorit, dan lain-lain) agar tidak terjebak dalam ibadah kepada dewa lain dan menjaga ketaatan terhadap perjanjian dengan Tuhan. Konteksnya adalah Israel yang dipilih Tuhan sebagai umat khusus setelah dikeluarkan dari perbudakan Mesir, sehingga perintah ini diberikan untuk mencegah kekafiran dan mempertahankan keredhaan-Nya melalui kepatuhan terhadap perintah-perintah yang diberikan."
Ulangan,8,"Tema utama pasal ini adalah pentingnya kesetiaan pada perintah Tuhan untuk memasuki negeri yang dijanjikan dan menghindari kejatuhan akibat sombong setelah kekayaan, dengan konteks ujian di padang gurun selama 40 tahun yang bertujuan menguji kesetiaan dan kepercayaan. Pasal ini juga mengingatkan agar Israel tidak melupakan Tuhan dalam kekayaan, melainkan harus selalu berpegang pada perjanjian dan takut kepada-Nya untuk menghindari kebinasaan seperti bangsa-bangsa yang sebelumnya dibinasakan."
Ulangan,9,"Tema utama pasal ini adalah peringatan bahwa kemenangan orang Israel dalam memasuki negeri yang dijanjikan Tuhan tidak berasal dari kekuatan mereka sendiri, melainkan dari kehendak dan janji Tuhan yang telah dipenuhi. Konteksnya meliputi sejarah ketidakpatuhan orang Israel terhadap perjanjian dengan Tuhan (seperti pembuatan anak lembu tuangan di Horeb) yang menyebabkan Tuhan marah, namun melalui doa Musas, Tuhan tetap berikan kesempatan untuk tidak dihancurkan."
Ulangan,10,"Tema utama pasal ini adalah penentuan perjanjian Tuhan melalui Kesepuluh Firman yang ditulis pada dua loh batu di gunung Sinai, serta penunjukan suku Lewi untuk mengangkut tabut perjanjian dan melayani Tuhan. Konteksnya adalah persiapan orang Israel untuk memasuki negeri yang dijanjikan setelah keluar dari Mesir, dengan penekanan pada kewajiban beribadah kepada Tuhan, menghormati perintah-Nya, dan kasih kepada orang asing sebagai pengingat masa lalu mereka sebagai orang asing di Mesir."
Ulangan,11,"Tema utama pasal ini adalah pentingnya memegang teguh perintah Tuhan untuk mendapatkan berkat kekayaan, keberkahan, dan keamanan di negeri yang dijanjikan, sekaligus menghindari kutuk kekeringan dan kehancuran jika melanggar kesepakatan dengan Tuhan. Konteksnya adalah Israel yang sedang memasuki negeri Canaan setelah melewati sungai Yordan, dengan penekanan untuk mengajarkan perintah-perintah Tuhan kepada generasi berikutnya agar tetap setia dan tidak menyimpang kepada dewa lain."
Ulangan,12,"Tema utama pasal ini adalah kewajiban orang Israel untuk menghancurkan semua tempat ibadat bangsa lain dan beribadah eksklusif di tempat yang dipilih Tuhan di negeri yang diberikan setelah memasuki tanah janji. Konteksnya adalah transisi mereka dari keadaan di luar tanah janji ke dalam negeri yang diberikan Tuhan setelah melintasi Sungai Yordan, dengan penekanan untuk menghindari idolatri dan mematuhi peraturan suci agar tetap berada dalam ketaatan dan keberkahan."
Ulangan,13,"Tema utama pasal ini adalah penekanan TUHAN untuk menghukum mati siapa pun yang mengajak umat beribadah kepada dewa lain, sebagai ujian kesetiaan orang Israel terhadap Allah setelah keluar dari Mesir. Konteksnya meliputi hukuman mati bagi pelaku dan penghancuran kota yang melanggar perjanjian untuk mencegah kejatuhan iman dan mempertahankan ketaatan terhadap Allah."
Ulangan,14,"Tema utama pasal ini adalah perintah Tuhan kepada umat Israel untuk tetap kudus melalui aturan makanan yang diperbolehkan dan haram, serta kewajiban membayar persembahan sepuluh persen sebagai bentuk pengakuan akan kekudusan mereka sebagai umat yang dipilih Tuhan. Konteksnya menekankan identitas umat Israel sebagai bangsa khusus yang harus memenuhi hukum-hukum Tuhan untuk menjaga hubungan sehat dengan Allah dan mempertahankan kekhususan mereka di antara bangsa lain."
Ulangan,15,"Tema utama pasal ini adalah penghapusan hutang dan pemberian bantuan kepada miskin setiap tujuh tahun, serta pengelolaan budak dengan kasih untuk mencegah kemiskinan dan mempertahankan keadilan sosial di antara umat Allah. Konteksnya adalah hukum-hukum yang diberikan kepada orang Israel setelah keluar dari Mesir, yang bertujuan menjaga kesejahteraan komunitas melalui kebijakan ekonomi yang berlandaskan kasih dan kesetiaan terhadap Allah."
Ulangan,16,"Tema utama pasal ini adalah perintah kepada orang Israel untuk merayakan Paskah, Tujuh Minggu, dan Pondok Daun sebagai pengingat keluarnya dari Mesir, sekaligus menekankan pentingnya keadilan sosial dan menghindari perbuatan berhala. Konteksnya adalah hukum Mosaic yang diberikan setelah keluar dari Mesir untuk mempertahankan identitas agama dan ketaatan terhadap Allah melalui ritual spesifik serta etika yang jelas."
Ulangan,17,"Tema utama pasal ini adalah menjaga kekudusan agama dan keadilan sosial melalui hukum yang ketat, khususnya menghukum orang yang beribadah kepada dewa lain serta memastikan prosedur pengadilan yang transparan. Konteksnya adalah ketika orang Israel memasuki tanah yang diberikan Tuhan, mereka harus mematuhi aturan ini untuk mencegah kejahatan, memilih raja yang taat pada hukum, dan menjaga kepatuhan dalam pemerintahan."
Ulangan,18,"Tema utama pasal ini adalah peran khusus imam Lewi yang tidak mendapat hak milik pusaka tetapi berhak menerima rezeki dari korban dan hasil pertama, serta larangan terhadap praktik kekejian seperti persembahan anak dan penyihir untuk menjaga ketaatan kepada Tuhan. Konteksnya adalah ketika orang Israel memasuki negeri yang diberikan Tuhan, mereka harus menghindari kebiasaan bangsa lain dan mempercayai nabi yang dibangkitkan Tuhan untuk memberikan firman-Nya dalam kehidupan beribadah."
Ulangan,19,"Tema utama pasal ini adalah menetapkan tiga kota aman bagi pembunuh yang tidak sengaja membunuh sesamanya untuk menghindari tebusan darah seketika dan mencegah siklus kekerasan. Konteksnya terjadi ketika bangsa Israel menduduki tanah yang diberikan Allah setelah menghancurkan bangsa lain, dengan tujuan menjaga keadilan dan menghindari pembunuhan berlebihan terhadap orang tidak bersalah."
Ulangan,20,"Tema utama pasal ini adalah kepercayaan kepada Tuhan dalam melaksanakan perang dengan kebijaksanaan, dengan menekankan penawaran perdamaian terlebih dahulu, menghindari kerusakan berlebihan pada sumber daya alam, serta menghancurkan bangsa-bangsa yang berpotensi mengajarkan dosa kepada orang Israel. Konteksnya adalah orang Israel yang sedang mempersiapkan perang untuk menguasai tanah Canaan setelah keluar dari Mesir, sesuai janji Tuhan untuk memberikan tanah yang dijanjikan."
Ulangan,21,"Tema utama pasal ini adalah hukum keadilan yang ketat dalam kehidupan sosial Israel yang menekankan penghapusan darah tidak bersalah melalui ritual, penanganan tawanan dengan keadilan, hukum warisan, serta penindakan terhadap ketidakpatuhan untuk menjaga keteraturan sosial. Konteksnya adalah aturan Alkitab Mosaic yang diberikan kepada umat Israel untuk memastikan keadilan dan menghindari kekerasan dalam masyarakat beragama."
Ulangan,22,"Tema utama pasal Alkitab ini adalah kewajiban etis dan keadilan sosial dalam masyarakat Israel, dengan fokus pada perlindungan saudara, kejujuran, serta pencegahan kejahatan melalui hukum yang ketat. Konteksnya adalah undang-undang Taurat yang diberikan kepada orang Israel untuk menjaga keteraturan sosial, melindungi kehormatan, dan memastikan keadilan dalam komunitasnya."
Ulangan,23,"Tema utama pasal ini adalah penekanan pada kekudusan dan kepatuhan hukum Tuhan bagi orang Israel untuk tetap berada dalam ketaatan dan keterpisahan dari kekafiran, terutama menghindari hubungan dengan bangsa Ammon dan Moab yang berpotensi mengganggu ketaatan mereka. Konteksnya adalah saat orang Israel memasuki tanah janji setelah keluar dari Mesir, di mana Tuhan memberikan peraturan ketat untuk menjaga kekudusan perkemahan dan kehidupan sosial mereka agar tidak terkontaminasi oleh kejahatan dan kekafiran."
Ulangan,24,"Tema utama pasal ini adalah aturan hukum sosial yang menekankan keadilan dan perlindungan terhadap miskin, anak yatim, dan janda dalam hal perceraian, pinjaman, serta pengelolaan kekayaan. Konteksnya adalah perintah Tuhan dalam Kitab Undang-Undang Mosaic yang mengingatkan orang Israel tentang pengalaman sebagai budak di Mesir untuk menjaga keadilan dan kasih karunia dalam kehidupan beragama dan sosial."
Ulangan,25,"Tema utama pasal ini adalah penekanan pada keadilan, kewajiban keluarga, dan kejujuran dalam kehidupan sosial masyarakat Israel sesuai hukum Mosaic. Konteksnya mencakup aturan hukum ketat seperti pukulan 40 kali untuk pelanggaran, kewajiban perkawinan ipar untuk menjaga keturunan, serta peringatan terhadap kekejaman Amalek sebagai contoh yang harus dihindari."
Ulangan,26,"Tema utama pasal ini adalah pengukuhan kesepakatan Allah dengan umat Israel melalui persembahan hasil pertama tanah dan persembahan persepuluhan kepada yang diperlukan, dengan konteks mereka telah memasuki negeri yang dijanjikan Allah setelah keluar dari Mesir. Pasal ini menekankan komitmen untuk mematuhi perintah Allah agar mendapat keberkahan dan menjadi umat yang kudus, sekaligus mengingatkan sejarah keselamatan dari kejadian di Mesir sebagai dasar pengakuan atas kekuasaan Allah."
Ulangan,27,"Tema utama pasal ini adalah penekanan pada ketaatan kepada hukum Taurat sebagai bagian dari perjanjian dengan Tuhan, dengan konteks Israel memasuki negeri yang diberikan oleh Tuhan setelah menyeberangi sungai Yordan. Pasal ini juga menggambarkan pengingat melalui batu-batu yang ditulis dengan hukum dan pengutukan bagi yang melanggar perintah untuk memastikan kepatuhan bangsa terhadap Tuhan."
Ulangan,28,"Tema utama pasal ini adalah janji berkat dan kutuk yang ditentukan Allah berdasarkan kepatuhan atau ketidakpatuhan terhadap perintah Taurat. Konteksnya adalah perjanjian yang ditegakkan sebelum umat Israel memasuki Tanah Janji, di mana Allah menjanjikan kekayaan dan keselamatan bagi yang taat serta mengancam kehancuran bagi yang melanggar perintah."
Ulangan,29,"Tema utama pasal ini adalah pengulangan perjanjian Allah dengan orang Israel di tanah Moab untuk tetap setia dan tidak berpaling ke dewa lain, dengan konsekuensi kutuk yang berat jika melanggar perjanjian. Konteksnya adalah saat orang Israel berada di ambang memasuki tanah promisi setelah 40 tahun di padang gurun, di mana Musa memperingatkan akan sanksi ketat bagi yang melanggar perjanjian, termasuk kehancuran tanah dan kutuk bagi keturunan mereka."
Ulangan,30,"Tema utama pasal ini adalah janji Tuhan untuk memulihkan Israel dan memberikan keberkahan jika mereka berbalik kepada-Nya dengan taat pada perintah Taurat setelah dikeluarkan dari tanahnya. Konteksnya adalah situasi Israel yang telah dikeluarkan oleh Tuhan dari negeri yang dipilihnya, dengan penekanan bahwa perintah-perintah ini dekat dalam hati dan mulut untuk dipilih demi kehidupan dan keberuntungan."
Ulangan,31,"Tema utama pasal ini adalah transisi kepemimpinan dari Musa ke Yosua dan janji Tuhan yang akan menyertai orang Israel ke tanah yang dijanjikan, disertai peringatan tentang bahaya berpaling kepada dewa lain. Konteksnya adalah persiapan orang Israel untuk memasuki negeri Canaan, di mana Musa menuliskan hukum Taurat dan nyanyian sebagai saksi yang akan mengingatkan mereka untuk tetap setia kepada Tuhan dan menghindari dosa."
Ulangan,32,"Tema utama pasal ini adalah peringatan Allah tentang pentingnya kesetiaan umat Israel terhadap janji dan konsekuensi ketidaksetiaan, khususnya kegagalan mereka memasuki tanah Kanaan akibat persembahan kepada dewa lain. Konteksnya adalah pembicaraan akhir Musa sebelum kematian-Nya di gunung Nebo, di mana Allah menegaskan hukum dan sanksi bagi ketidakpatuhan serta menunjukkan kekuasaan-Nya yang mutlak atas kehidupan dan kematian."
Ulangan,33,"Tema utama pasal ini adalah berkat yang diberikan Musa kepada masing-masing suku Israel sebelum kematian-Nya, yang menekankan janji Allah tentang perlindungan, kesejahteraan, dan kekuatan berkat perjanjian-Nya. Konteksnya terjadi pada akhir kepemimpinan Musa, di mana ia memastikan setiap suku diberi janji keberkahan dan perlindungan Allah untuk menghadapi tantangan masa depan."
Ulangan,34,"Tema utama pasal ini adalah kematian Musa dan transisi kepemimpinan ke Yosua, dengan konteks bahwa Musa diberikan pandangan tentang negeri yang dijanjikan Tuhan kepada keturunan Abraham, Ishak, dan Yakub tetapi tidak diperbolehkan memasukinya. Kematian Musa yang terjadi di Moab, disertai tangis 30 hari dan pengaruhnya pada Yosua yang diberi kebijaksanaan melalui tangan Musa, menandai akhir dari era nabi seperti Musa yang tidak akan muncul lagi di antara orang Israel."
Wahyu,1,"Tema utama pasal ini adalah wahyu Yesus Kristus yang diterima Yohanes di Pulau Patmos untuk memberikan kesaksian dan peringatan kepada ketujuh jemaat di Asia Kecil, menegaskan identitas Yesus sebagai Yang Awal dan Yang Akhir yang memiliki kekuasaan atas segala sesuatu. Konteksnya meliputi visi Yohanes tentang kedatangan Yesus yang akan menghancurkan kekuatan duniawi dan memberikan keselamatan bagi umat Tuhan melalui kekuatan-Nya yang tak terbatas."
Wahyu,2,"Tema utama pasal ini adalah peringatan kepada empat jemaat (Efesus, Smirna, Pergamus, dan Tiatira) untuk kembali pada kasih pertama dan menghindari kejatuhan akibat ajaran palsu seperti Nicolaitan dan pengikut Bileam. Konteksnya adalah jemaat yang masih berada dalam ujian dan tekanan Iblis, dengan ancaman untuk bertobat atau menghadapi keterasingan jika tidak memperbaiki kesalahan mereka."
Wahyu,3,"Tema utama dari pasal ini adalah peringatan untuk tetap setia kepada Kristus dengan bertobat dan ketaatan, mengingat bahaya kekacauan iman yang mengancam keberlanjutan gereja. Konteksnya adalah Yesus memberikan pesan langsung kepada tujuh jemaat awal Kristen yang sedang menghadapi tantangan spiritual, dengan penekanan pada peringatan untuk tidak menjadi ""lukewarm"" dan tetap berjaga-jaga dalam menghadapi datangnya Yesus."
Wahyu,4,"Konteks pasal ini berasal dari Kitab Revelasi yang menggambarkan visi takhta Allah di surga yang dikelilingi oleh 24 tua-tua dan empat makhluk hidup yang berdoa dengan suara ""Kudus, kudus, kudus"". Tema utamanya menekankan kekuasaan abadi Allah yang menciptakan segala sesuatu dan kekudusan-Nya yang tidak terbatas dalam kehidupan yang abadi."
Wahyu,5,"Tema utama pasal ini adalah kekuasaan Yesus Kristus sebagai Anak Domba yang disembelih yang layak membuka gulungan kitab dan tujuh meterai yang melambangkan rencana Allah yang terkunci, karena kematian-Nya telah membeli umat dari segala suku dan bahasa. Konteksnya menunjukkan bahwa melalui kemenangan Yesus yang telah terjadi, semua makhluk di langit, bumi, dan bawah bumi mengakui kekuasaan-Nya dan memuji-Nya sebagai penebus yang mewujudkan kehendak Allah."
Wahyu,6,"Tema utama pasal ini adalah pengungkapan kejadian akhir zaman melalui pembukaan tujuh meterai yang menggambarkan ujian dan penghakiman Allah, termasuk kejadian gempa, kematian, dan perang. Konteksnya menunjukkan persiapan bumi untuk kemenangan Anak Domba yang akan mengakhiri kejahatan dan memulai kekudusan baru."
Wahyu,7,"Tema utama pasal ini adalah proses penutupan (sealing) 144.000 orang dari semua suku keturunan Israel yang menjadi umat Allah yang diselamatkan, serta kumpulan besar umat dari berbagai bangsa yang berdiri di hadapan takhta Allah dan Anak Domba. Konteksnya menunjukkan janji keselamatan dan perlindungan abadi bagi mereka yang telah dicuci jubahnya dalam darah Anak Domba, sehingga tidak lagi menderita lapar, dahaga, panas, atau air mata."
Wahyu,8,"Tema utama pasal ini adalah peristiwa penghakiman akhir zaman yang dimulai dengan pembukaan meterai ketujuh, mengakibatkan tujuh sangkakala berbunyi dan menghancurkan sepertiga bumi, laut, dan langit melalui bencana alam besar. Konteksnya menggambarkan fase krisis dalam Alkitab Yesus Kristus, di mana kehancuran dan kematian massal terjadi sebagai respons terhadap dosa manusia dan kekuatan yang menghancurkan."
Wahyu,9,"Tema utama pasal ini adalah visi apokaliptik dalam Kitab Revelasi yang menggambarkan dua tahap penghakiman: pertama, pelepasan belalang yang menyiksa manusia selama lima bulan tanpa membunuhnya, dan kedua, kematian sepertiga umat manusia melalui kekuatan kuda yang mengeluarkan api dan belerang. Konteksnya terjadi dalam periode akhir zaman, di mana Allah menargetkan umat manusia yang tidak berubah dari kejahatan dan penyembahan berhala."
Wahyu,10,"Tema utama pasal ini adalah peran malaikat yang mengangkat gulungan kitab dalam mengungkap keputusan rahasia Allah pada akhir zaman, terutama melalui suara ketujuh guruh yang akan menyelesaikan rencana-Nya tanpa penundaan. Konteksnya menunjukkan proses pengungkapan rencana Tuhan melalui visi apokaliptik di mana malaikat yang berdiri di atas laut dan bumi memberikan peringatan dan tugas untuk berbicara kepada banyak bangsa setelah mengalami pengalaman pahit dari kitab yang dimakannya."
Wahyu,11,"Tema utama pasal ini adalah peristiwa akhir zaman yang melibatkan dua nabi yang memberikan kesaksian selama 1260 hari, kemudian meninggal dan bangkit kembali setelah 3,5 hari, serta kemenangan Tuhan melalui gempa bumi dan kehancuran dunia. Konteksnya adalah fase tribulasi sebelum pemerintahan abadi Yesus sebagai raja yang mengakhiri kekuasaan duniawi dan memulai keadilan Allah di bumi."
Wahyu,12,"Tema utama pasal ini adalah perlawanan antara Iblis (naga) dan kekuatan Allah melalui perempuan yang mewakili umat Tuhan yang menghadapi penderitaan sebelum melahirkan Anak Tuhan yang akan menggembalakan semua bangsa. Konteksnya menggambarkan peristiwa apokaliptik di mana Iblis dijatuhkan ke bumi setelah kalah dalam perang di surga, sementara umat Tuhan dipelihara selama 1260 hari untuk menghindari ancaman Iblis."
Wahyu,13,"Tema utama pasal ini adalah kekuatan binatang palsu yang menguasai dunia selama 42 bulan dalam akhir zaman, dengan tanda 666 sebagai simbol pengakuan terhadapnya. Konteksnya meliputi peringatan bagi umat kudus untuk tetap beriman dan tidak terkena tanda yang akan memaksa semua orang menyembah binatang palsu kecuali mereka yang namanya tertulis di kitab kehidupan Anak Domba."
Wahyu,14,"Tema utama pasal ini adalah kemenangan Anak Domba dalam menghancurkan kejahatan dan menghakimi dunia, dengan 144.000 orang kudus yang murni dan setia yang ditebus dari bumi. Konteksnya meliputi peringatan tiga malaikat tentang jatuhnya Babel, ancaman terhadap yang menyembah binatang, dan penyerangan murka Allah melalui pemotongan buah anggur bagi yang tidak setia."
Wahyu,15,"Tema utama pasal ini adalah akhir zaman dengan penyelesaian murka Allah melalui tujuh malapetaka terakhir yang mengakhiri perlawanan binatang, di mana orang-orang yang telah mengalahkan binatang dan patungnya menjadi pemenang. Konteksnya meliputi pembukaan Bait Suci di surga, ketujuh malaikat yang membawa malapetaka, dan kemenangan para percaya yang akan memuliakan nama Allah hingga semua bangsa sujud menyembah-Nya dalam keadilan dan kekuasaan-Nya."
Wahyu,16,"Tema utama pasal ini adalah kehancuran global yang diakibatkan oleh tujuh cawan murka Allah yang ditumpahkan ke bumi sebagai hukuman keadilan terhadap umat manusia yang tidak beriman dan melanggar perjanjian dengan Allah. Konteksnya menggambarkan peristiwa akhir zaman yang melibatkan dampak dahsyat seperti gempa bumi, kekeringan, hujan es, dan penghancuran kota-kota yang tidak mengenal kekuasaan Tuhan, menunjukkan kekuatan dan keadilan Allah dalam menyelesaikan perlawanan terhadap kejahatan manusia."
Wahyu,17,"Tema utama pasal ini adalah gambaran sistem kekacauan duniawi yang dinyatakan melalui ""perempuan pelacur"" (Babylon Besar) yang duduk di atas binatang berkepala tujuh dan bertanduk sepuluh, yang akan menguasai dunia sebelum dihancurkan oleh kekuatan Anak Domba. Konteksnya berada dalam visi apokaliptik Yesus yang menggambarkan perlawanan antara kekuatan duniawi dan surgawi dalam akhir zaman, di mana sistem kekacauan ini akan dihancurkan oleh kekuatan Kristus yang akan menang atas semua pihak yang melawan."
Wahyu,18,"Tema utama pasal ini adalah hukuman Tuhan terhadap Babel (simbol kekuatan duniawi yang korup) yang telah menjadi tempat kejahatan dan kekayaan berlebihan, sehingga akan dihancurkan dengan api dan kehancuran total. Konteksnya adalah visi apokaliptis dalam Kitab Revelasi yang menggambarkan konsekuensi kejahatan Babel bagi semua pihak yang terlibat dalam kekayaan dan kejahatan tersebut."
Wahyu,19,"Tema utama pasal ini adalah kemenangan Kristus (Anak Domba) dalam perang akhir yang menghancurkan kekuatan jahat dan mempersiapkan perjamuan kawin Allah. Konteksnya meliputi penghakiman Allah terhadap binatang dan nabi palsu, serta kemenangan kerajaan Allah yang benar di akhir zaman dengan semua orang yang benar diangkat ke dalam kerajaan-Nya."
Wahyu,20,"Tema utama pasal ini adalah periode seribu tahun di mana Kristus dan orang-orang percaya yang dibangkitkan pertama kali memerintah bersama, setelah Iblis dibatasi selama masa tersebut. Setelah berakhirnya masa tersebut, Iblis dilepaskan untuk menyesatkan bangsa-bangsa dan berperang hingga akhirnya dilemparkan ke dalam lautan api, sementara orang mati dihakimi berdasarkan perbuatan mereka dalam kitab kehidupan untuk memisahkan yang berdosa dan yang beroleh kehidupan."
Wahyu,21,"Tema utama pasal ini adalah pembukaan langit dan bumi baru yang dihuni oleh Allah yang berdiam bersama umat-Nya tanpa maut, air mata, atau kesedihan, dengan Yerusalem yang suci sebagai kota bercahaya yang dihiasi permata. Kota ini hanya diperbolehkan masuk oleh yang namanya tertulis dalam kitab kehidupan Anak Domba, sementara orang-orang berdosa akan dihukum dengan api."
Wahyu,22,"Tema utama pasal ini adalah gambaran kota surgawi yang diperbarui dengan sungai air kehidupan yang mengalir dari takhta Allah dan Anak Domba, di mana orang-orang yang setia akan hidup dalam keadilan dan kebahagiaan tanpa laknat hingga akhir zaman. Konteksnya menunjukkan janji kehadiran Yesus yang segera dan peringatan untuk tetap mematuhi nubuat Alkitab tanpa mengubah atau mengurangi isi pesannya, sehingga mereka yang benar akan memperoleh kehidupan abadi dan kehormatan di hadapan Allah."
Yakobus,1,"Tema utama pasal Yakobus ini adalah pentingnya ketekunan dalam menghadapi ujian iman untuk menghasilkan kehidupan yang utuh dan sempurna, serta kebutuhan memohon kebijaksanaan dari Allah dan menghindari kegagalan spiritual melalui tindakan nyata. Konteksnya adalah komunitas percaya yang berada dalam perantauan dan menghadapi tantangan hidup yang memerlukan kepercayaan yang kuat terhadap Tuhan, dengan penekanan pada bahaya keinginan duniawi yang dapat mengakibatkan dosa dan kematian jika tidak diatasi dengan kesadaran dan kepatuhan pada firman Allah."
Yakobus,2,"Tema utama pasal ini adalah bahwa iman yang sejati harus diiringi dengan perbuatan kasih, bukan sekadar keyakinan tanpa tindakan. Konteksnya mengkritik jemaat yang memandang muka dan menghargai orang kaya sementara mengabaikan kebutuhan orang miskin, sehingga iman tanpa perbuatan dianggap mati seperti yang ditegaskan dalam contoh Abraham dan Rahab."
Yakobus,3,"Tema utama pasal ini adalah kekuatan dan bahaya lidah yang meski kecil dapat menghasilkan dampak besar, baik sebagai sumber kebaikan maupun kejahatan, seperti api yang bisa membakar hutan. Konteksnya adalah peringatan bagi umat Kristiani untuk tidak menjadi guru yang berlebihan dan menghindari kekacauan akibat iri hati serta mementingkan diri sendiri dengan memperlihatkan kebijaksanaan yang murni dan damai yang berasal dari Tuhan, bukan dari nafsu manusia."
Yakobus,4,"Tema utama pasal ini adalah konflik antara keinginan duniawi (hawa nafsu) dan ketaatan kepada Allah yang menyebabkan pertengkaran, dosa, dan kerusakan spiritual. Konteksnya menekankan pentingnya berdoa dengan benar, menghindari kesombongan, serta memperbaiki diri melalui pengakuan dosa dan ketergantungan pada kasih karunia Allah untuk menghindari musuh dan hidup yang bermakna."
Yakobus,5,"Tema utama pasal ini adalah peringatan bagi orang kaya yang akan mengalami sengsara akibat kekayaan yang busuk dan sikap tidak adil, serta ajakan untuk bersabar hingga kedatangan Tuhan dan berdoa agar keselamatan diperoleh melalui iman dan kesabaran. Konteksnya adalah komunitas Kristen awal yang menghadapi tekanan sosial seperti penyalahgunaan kekayaan dan ketidakadilan, di mana doa dan kesabaran menjadi kunci untuk menghindari hukuman dan memperoleh pemulihan jiwa."
Yehezkiel,1,"Konteksnya adalah visi Yeheskiel yang terjadi di tepi sungai Kebar selama keterasingan di Babilonia pada tahun ketiga puluh. Tema utamanya adalah gambaran kemuliaan Tuhan melalui empat makhluk hidup dengan empat wajah dan roda yang bergerak, yang menunjukkan kekuasaan dan kehadiran Tuhan yang meliputi seluruh alam."
Yehezkiel,2,"Tema utama pasal ini adalah perintah Tuhan kepada nabi untuk menyampaikan pesan kebangsaan Israel yang pemberontak dan keras kepala, meskipun mereka tidak mau mendengar. Konteksnya menunjukkan keberanian nabi dalam menghadapi ketidakpercayaan dan kekerasan bangsa tersebut, dengan gulungan kitab yang berisi keluhan dan rintihan sebagai simbol kegagalan mereka dalam mengakui kesalahan."
Yehezkiel,3,"Tema utama pasal ini adalah tugas nabi untuk memberi peringatan kepada kaum Israel yang keras hati meskipun mereka tidak mau mendengarkan, dengan konsekuensi yang jelas jika mereka tidak berubah. Konteksnya adalah nabi diberi kekuatan oleh Roh Kudus untuk menyampaikan firman Tuhan, tetapi harus berada dalam keadaan bisu karena kekerasan hati dan ketidakmengertian orang Israel yang berkepala batu."
Yehezkiel,4,"Tema utama pasal ini adalah visi nubuat yang menggambarkan hukuman Allah terhadap Yerusalem dan Israel akibat ketidaksetiaan mereka terhadap Allah, di mana nabi diberikan pengalaman fisik berbaring selama 390 hari (untuk Israel) dan 40 hari (untuk Yehuda) serta makanan yang tidak bersih sebagai simbol kekurangan dan penderitaan. Konteksnya adalah perjanjian Allah untuk menghancurkan persediaan makanan di Yerusalem dan menyebabkan kegundahan umatnya sebagai bagian dari hukuman atas ketidaksetiaan Israel terhadap Allah."
Yehezkiel,5,"Tema utama pasal ini adalah ancaman hukuman Tuhan terhadap Yerusalem karena ketidakpatuhan umatnya yang lebih jahat dibandingkan bangsa-bangsa lain terhadap peraturan-peraturan-Nya. Konteksnya menggambarkan kehancuran total melalui pembakaran, kematian oleh pedang, kelaparan, dan penghamburan ke penjuru angin sebagai konsekuensi kejahatan yang dilakukan Yerusalem terhadap ketetapan Tuhan."
Yehezkiel,6,"Tema utama pasal ini adalah ancaman Tuhan ALLAH terhadap bangsa Israel karena kejahatan idolatri dan ketidakpatuhan terhadap perjanjian-Nya, yang akan mengakibatkan penghancuran mezbah, kota-kota, dan kematian melalui pedang, kelaparan, serta penyakit. Konteksnya terjadi ketika Israel terus membangun berhala dan mengabaikan kehendak Tuhan, sehingga Tuhan berjanji menghancurkan segala sesuatu yang mereka miliki kecuali sebagian kecil yang akan ditinggalkan di luar negeri untuk berusaha mengingat Tuhan."
Yehezkiel,7,"Tema utama pasal ini adalah ancaman hukuman mutlak Tuhan terhadap tanah Israel akibat kejahatan dan kekotoran yang telah mereka lakukan, dengan konsekuensi penghancuran total dan kehancuran tempat suci. Konteksnya adalah peringatan nabi Ezekiel yang menegaskan bahwa Tuhan tidak akan berbelas kasihan melainkan akan menghakimi umatnya sesuai dengan perbuatan keji mereka, sehingga mereka akan mengalami bencana besar dan kehancuran total."
Yehezkiel,8,"Tema utama pasal ini adalah kekejian umat Yehuda dalam penyembahan berhala dan kepercayaan kepada dewa lain, yang menyebabkan Allah menghukum mereka karena meninggalkan kekudusan-Nya. Konteksnya diperlihatkan melalui penglihatan nabi yang menunjukkan kejahatan di Yerusalem seperti persembahan kepada dewa Tamus, penyembahan matahari, dan kebiasaan berhala yang dilakukan oleh para tua-tua dan umat, menunjukkan ketidaksetiaan mereka terhadap Tuhan."
Yehezkiel,9,"Tema utama pasal ini adalah perintah Tuhan untuk menghancurkan Yerusalem akibat kesalahan besar bangsa Israel dan Yehuda, dengan menandai orang yang dipertahankan menggunakan huruf T dan membunuh semua yang lain tanpa belas kasihan. Konteksnya adalah visi nubuatan di mana Tuhan menghukum kota tersebut karena umatnya percaya bahwa Ia telah meninggalkan tanah ini dan tidak melihatnya, sehingga Ia tidak akan menunjukkan belas kasihan."
Yehezkiel,10,"Tema utama pasal ini adalah gambaran kerub-kerub yang memiliki empat muka dan roda bergerak sebagai pengangkut kemuliaan Tuhan dalam visi Ezequiel. Konteksnya terjadi di Bait Suci, menggambarkan kehadiran Allah yang maha kuasa yang bergerak bersama kerub-kerub untuk menunjukkan kekuatan dan kehendak-Nya dalam kehidupan suci."
Yehezkiel,11,"Tema utama pasal ini adalah ancaman hukuman terhadap umat Israel karena ketidaksetiaan dan kejahatan di Yerusalem, diikuti janji Tuhan untuk mengumpulkan umat-Nya dari kejauhan dan memberikan hati yang baru agar kembali setia. Konteksnya terjadi dalam visi Ezekiel yang menggambarkan peringatan terhadap kejahatan umat dan rencana pemulihan yang akan dilakukan Tuhan setelah mereka keluar dari kejahatan."
Yehezkiel,12,"Tema utama pasal ini adalah hukuman Tuhan terhadap bangsa Israel yang pemberontak karena ketidakpedulian mereka terhadap firman-Nya, yang akan mengakibatkan mereka dikeluarkan ke Babel dan kerusakan kota Yerusalem. Konteksnya adalah pesan nubuatan yang jelas bahwa Tuhan akan menepati janji-Nya tanpa menunda, sehingga Israel harus menyadari kesalahan mereka melalui kejadian yang tak terhindarkan."
Yehezkiel,13,"Tema utama pasal ini adalah penghakiman Tuhan terhadap nabi-nabi palsu di Israel yang menyebarkan janji-janji palsu dan praktik kebohongan, khususnya mereka yang mengklaim adanya ""damai sejahtera"" tanpa kenyataan. Konteksnya adalah masa di mana Tuhan akan menghancurkan struktur palsu yang dibangun oleh nabi-nabi tersebut melalui kebohongan, dengan menghancurkan tembok dan mengirimkan bencana alam sebagai tanda keadilan-Nya."
Yehezkiel,14,"Tema utama pasal ini adalah peringatan TUHAN kepada kaum Israel untuk bertobat dari berhala dan kesalahan yang telah mereka lakukan, karena mereka telah menyimpang dari Tuhan. Jika tidak bertobat, TUHAN akan menghancurkan Yerusalem dengan empat hukuman berat (pedang, kelaparan, binatang buas, dan sampar) yang tidak dapat dihindari, bahkan orang benar seperti Nuh, Daniel, dan Ayub hanya bisa menyelamatkan diri sendiri."
Yehezkiel,15,"Tema utama pasal ini adalah peringatan Tuhan tentang hukuman yang akan diterima Yerusalem akibat ketidaksetiaan mereka terhadap Allah, dengan metafora kayu anggur yang dibakar hingga habis. Konteksnya menunjukkan bahwa meskipun penduduk Yerusalem berusaha menghindari api, kehancuran tetap akan terjadi karena mereka telah berpaling dari kesetiaan kepada Tuhan, sehingga negeri tersebut akan menjadi sunyi dan kosong."
Yehezkiel,16,"Tema utama dari pasal ini adalah hukuman Tuhan terhadap Yerusalem akibat kekafiran dan kejahatan moral yang melibatkan pengkhianatan perjanjian, dengan perbandingan Sodom dan Samaria sebagai contoh kegagalan moral yang lebih berat. Konteksnya adalah pesan nabi yang menggambarkan Yerusalem sebagai wanita yang telah diberi keindahan tetapi berubah menjadi tidak setia, sehingga akan dihancurkan namun akan dipulihkan setelah hukuman."
Yehezkiel,17,"Tema utama pasal ini adalah peringatan akan konsekuensi ketidaksetiaan terhadap perjanjian dan kegagalan dalam berjanji, yang diilustrasikan melalui metafora pohon anggur yang hancur akibat keberontakan. Konteksnya menggambarkan kejatuhan kerajaan Yerusalem akibat ketidakpatuhan raja terhadap perjanjian dengan Babel, sementara Tuhan berjanji akan membangun kekuatan baru melalui pohon aras yang akan berkembang menjadi pohon yang berbuah dan menggantikan kehancuran tersebut."
Yehezkiel,18,"Tema utama pasal ini adalah keadilan Tuhan yang berdasarkan tindakan individu dan kemampuan bertobat, bukan dosa keturunan. Konteksnya adalah umat Israel yang berdebat tentang tanggung jawab dosa ayah dan anak, di mana Tuhan menegaskan bahwa orang yang berlaku benar dan bertobat akan hidup, sementara yang terus berdosa akan mati."
Yehezkiel,19,Tema utama pasal ini adalah kejatuhan kerajaan Israel akibat dosa yang mengakibatkan kekuatan merusak hingga akhirnya ditangani oleh Babel. Konteksnya adalah ratapan nabi yang menggambarkan perjalanan kerajaan dari kekuatan dan kejayaan hingga kehancuran melalui metafora singa yang merusak dan anggur yang terbakar.
Yehezkiel,20,"Tema utama pasal ini adalah peringatan Tuhan kepada bangsa Israel untuk tidak melanggar perjanjian dan berhala, karena mereka telah berpaling dari Tuhan sejak zaman keluar dari Mesir hingga masa kini. Konteksnya meliputi kegagalan Israel dalam mematuhi hari Sabat dan persembahan yang tidak benar, sehingga Tuhan akan menghukum mereka dengan kebakaran yang tidak padam, namun tetap menjaga nama-Nya agar tidak dinajiskan di hadapan bangsa lain."
Yehezkiel,21,"Tema utama pasal ini adalah peringatan Tuhan tentang kehancuran Yerusalem dan tanah Israel akibat ketidaksetiaan umat-Nya, dengan pedang Babel sebagai alat hukuman yang akan menumpahkan darah dan menghancurkan orang fasik serta orang benar yang tidak berubah. Konteksnya adalah nubuatan nabi Ezequiel yang menggambarkan ancaman invasi Babel dan penghakiman Tuhan terhadap umat yang melanggar kesepakatan dengan Allah."
Yehezkiel,22,"Tema utama pasal ini adalah ancaman Tuhan terhadap Israel akibat kejahatan moral dan sosial yang sistematis, termasuk pembunuhan, pembuatan berhala, pemerasan, dan ketidakadilan terhadap kelompok rentan. Konteksnya adalah peringatan nabi Ezekiel yang menggambarkan hukuman kehancuran dan penghamburan Israel di antara bangsa lain jika tidak berubah dari kejahatan yang telah mereka lakukan."
Yehezkiel,23,Tema utama pasal ini adalah peringatan Tuhan terhadap dosa perzinaan dan penyembahan berhala yang dilakukan oleh Samaria (Ohola) dan Yerusalem (Oholiba) sebagai simbol kejatuhan kota-kota Israel akibat kekacauan moral. Konteksnya adalah nubuatan dalam Alkitab yang menggambarkan hukuman kehancuran yang akan diterima kedua kota tersebut karena kebiasaan mereka dalam persundalan dan penyembahan berhala.
Yehezkiel,24,"Tema utama pasal ini adalah peringatan hukuman Tuhan terhadap Yerusalem akibat dosa yang terus berlanjut, yang dijelaskan melalui perumpamaan kuali yang dibakar untuk menunjukkan kehancuran total. Konteksnya terjadi pada tahun kesembilan kekuasaan Babel yang mengancam Yerusalem, dengan Ezekiel sebagai utusan yang menggambarkan sikap kota yang penuh hutang darah sehingga Tuhan akan menghakimi mereka dengan keadilan."
Yehezkiel,25,"Konteks pasal ini adalah peringatan Tuhan terhadap bani Amon, Moab, Edom, dan Filistin yang telah berperang dan menganiaya bangsa Yehuda. Tema utamanya adalah keadilan Tuhan yang akan menghancurkan negara-negara tersebut dengan mengubah tanah mereka menjadi padang rumput dan menghapus mereka dari muka bumi."
Yehezkiel,26,"Tema utama pasal ini adalah hukuman Tuhan terhadap kota Tirus yang sombong karena kekuasaannya di tepi laut, dengan menghancurkan kejayaannya melalui serangan Raja Nebukadnezar dari Babel hingga menjadi reruntuhan yang terendam laut dan tidak dapat dibangun kembali. Konteksnya adalah peringatan bagi kekuatan yang berlebihan untuk tidak sombong, sehingga Tuhan menghancurkan kejayaan mereka sebagai simbol kehancuran abadi yang tidak terhindarkan."
Yehezkiel,27,"Tema utama pasal ini adalah nubuatan kehancuran kota Tirus akibat kebanggaan dan kekuatan dagang yang berlebihan, yang akan ditimpa badai dan tenggelam di dasar lautan. Konteksnya adalah gambaran kekayaan dan jaringan perdagangan Tirus dengan berbagai bangsa sebelum dihancurkan oleh kehendak Tuhan sebagai hukuman atas kebanggaan yang berlebihan."
Yehezkiel,28,"Tema utama pasal ini adalah hukuman Tuhan terhadap kota Sidon (Tirus) karena kebanggaan dan klaim diri sebagai Allah, yang mengakibatkan kehancuran dan penghancuran kekayaan mereka oleh bangsa asing. Konteksnya adalah peringatan Tuhan yang menunjukkan kontras antara kejayaan Sidon yang dulu dan nasibnya yang ditentukan oleh kebanggaan terhadap kekuasaan Tuhan, sementara Israel ditegaskan akan keselamatan dan kemerdekaan."
Yehezkiel,29,"Tema utama pasal ini adalah hukuman Tuhan terhadap Firaun Mesir karena kebanggaan dalam mengklaim Sungai Nil sebagai miliknya, yang akan mengakibatkan kehancuran dan keheningan tanah Mesir selama 40 tahun serta penyebaran penduduk Mesir ke berbagai negeri. Konteksnya adalah sebagai bagian dari rencana Tuhan untuk memberikan tanah Mesir kepada Nebukadnezar, raja Babel, sebagai penghargaan atas usaha militer yang ia lakukan melawan Tirus, sehingga Mesir akhirnya menjadi kerajaan yang lemah dan tidak lagi berkuasa."
Yehezkiel,30,"Tema utama pasal ini adalah hukuman Tuhan terhadap Mesir melalui kekuatan Babel yang akan menghancurkan kekayaan, kota-kota, dan rakyat Mesir dalam waktu dekat. Konteksnya adalah propesi nabi Ezekiel yang menggambarkan kejatuhan Mesir pada tahun ke-11, di mana kekuatan Babel akan memusnahkan kekuasaan Mesir dan menghancurkan kekayaannya secara total."
Yehezkiel,31,"Tema utama pasal ini adalah peringatan akan kehancuran akibat kebanggaan yang berlebihan, di mana Firaun dibandingkan dengan pohon aras yang tinggi di Libanon yang akhirnya akan ditumbangkan Tuhan. Konteksnya adalah firman Tuhan yang menggambarkan nasib Firaun yang akan diturunkan ke dunia orang mati bersama pohon-pohon Taman Eden akibat kejahatannya dalam kekuasaan yang sombong."
Yehezkiel,32,"Tema utama pasal ini adalah hukuman Tuhan terhadap Firaun Mesir karena kebanggaan dan kekuatan yang berlebihan, yang akan mengakibatkan kerusakan total negeri Mesir dan semua penduduknya. Konteksnya adalah nubuatan dalam Kitab Ezequiel yang menggambarkan akibat kekacauan dan kekuatan Firaun yang menganiaya umat Tuhan, sehingga negeri Mesir menjadi sunyi dan semua penduduknya dimusnahkan."
Yehezkiel,33,"Tema utama pasal ini adalah kewajiban nabi untuk memperingatkan umat Israel agar bertobat dari dosa, dengan konsekuensi kematian bagi mereka yang tidak mendengar peringatan. Konteksnya terjadi pada tahun ke-11 setelah pembuangan, ketika Yerusalem telah ditaklukkan, sebagai peringatan tentang kehancuran yang akan menimpa tanah Israel akibat ketidakpatuhan mereka terhadap perintah Tuhan."
Yehezkiel,34,"Tema utama pasal ini adalah kritik Tuhan terhadap para gembala Israel yang tidak merawat umat-Nya dengan baik, sehingga umat Tuhan menjadi terlantar dan menjadi mangsa binatang di hutan. Konteksnya adalah kegagalan kepemimpinan yang menyebabkan kerusakan spiritual di antara umat Tuhan, di mana Tuhan berjanji akan menggantikan gembala yang buruk dengan Daud sebagai gembala yang benar untuk memulihkan umat-Nya dan memberikan kesejahteraan serta keamanan di tanahnya."
Yehezkiel,35,"Tema utama pasal ini adalah hukuman Tuhan terhadap Edom (pegunungan Seir) karena kebencian yang turun-temurun terhadap Israel, yang akan mengakibatkan kehancuran total dan sunyi sepi. Konteksnya adalah respons Tuhan terhadap klaim Edom yang mengatakan wilayah Israel akan menjadi milik mereka, dengan janji hukuman yang menghancurkan mereka sebagai balas budi atas kekerasan yang mereka lakukan."
Yehezkiel,36,"Tema utama pasal ini adalah ancaman Tuhan terhadap musuh yang telah menghancurkan Israel dan janji pemulihan tanah serta umat-Nya setelah dibersihkan dari noda. Konteksnya adalah Israel yang terasing akibat kejahatan mereka, namun Tuhan berjanji membangun kembali kota-kota, memulihkan tanah, dan memberikan kehidupan baru melalui pembersihan noda dan kekudusan."
Yehezkiel,37,"Tema utama pasal ini adalah janji Tuhan untuk memulihkan dan menyatukan bangsa Israel yang terpecah menjadi satu kesatuan di bawah kerajaan Daud, dengan kembalinya ke tanah Israel dan pembangunan tempat kudus yang abadi. Konteksnya terjadi dalam visi nubuatan Ezekiel selama masa kejatuhan Babel, di mana Tuhan menjanjikan pemulihan umat-Nya dari kematian roh dan kekacauan bangsa, serta menjamin keadilan dan kesatuan abadi bagi umat-Nya."
Yehezkiel,38,"Tema utama nubuat ini adalah kehancuran yang akan dialami Gog dan pasukannya yang menyerang Israel sebagai bagian dari kehancuran global yang ditunjukkan kekuasaan Tuhan. Konteksnya adalah nubuat dalam Kitab Ezequiel yang menggambarkan perang besar di masa depan di mana Gog akan mengumpulkan pasukan dari berbagai bangsa untuk menyerang Israel, lalu Tuhan akan menghancurkan dia dengan bencana alam dan kekuatan-Nya yang mengagumkan, sehingga bangsa-bangsa dapat melihat kekudusan-Nya."
Yehezkiel,39,"Tema utama pasal ini adalah kehancuran Gog, raja dari utara, oleh Tuhan ALLAH yang akan mengubur jenazahnya di Israel dan memulihkan hubungan bangsa Israel dengan Tuhan setelah proses pembersihan tanah selama tujuh bulan. Konteksnya adalah peristiwa masa depan di mana Tuhan menunjukkan kekuasaan-Nya melawan musuh besar untuk memastikan kejayaan dan keselamatan bangsa Israel."
Yehezkiel,40,"Tema utama pasal ini adalah visi Ezekiel yang menggambarkan rancangan detail Bait Suci dan area ibadah di Yerusalem untuk pemulihan pasca-pembuangan, yang menekankan kekudusan dan ketertiban dalam kebaktian. Konteksnya terjadi pada masa umat Yahudi yang sedang membutuhkan panduan Tuhan untuk membangun kembali tempat ibadah sesuai rencana yang telah ditetapkan sebelumnya."
Yehezkiel,41,"Tema utama pasal ini adalah pengukuran presisi dan struktur Bait Suci yang dirancang oleh Tuhan untuk mencerminkan kehadiran-Nya dalam ibadah. Konteksnya meliputi desain arsitektur kompleks dengan tiga tingkat kamar tambahan, kerub, pohon korma, serta sistem pintu dan jendela yang simbolis untuk memperjelas hubungan antara manusia dan kehadiran Allah."
Yehezkiel,42,"Pasal ini menggambarkan rancangan Bait Suci dengan detail ukuran dan pembagian ruang kudus, khususnya bilik-bilik utara dan selatan yang menjadi tempat penyimpanan persembahan maha kudus. Imam harus berpakaian bersih sebelum masuk ke area kudus karena pakaian lama dianggap kudus, dan tembok sekeliling berukuran lima ratus hasta memisahkan area kudus dari non-kudus untuk menjaga kekudusan."
Yehezkiel,43,"Tema utama pasal ini adalah kemuliaan Allah yang terletak di Bait Suci dan peringatan tentang pentingnya ketaatan hukum untuk menjaga kekudusan-Nya, sekaligus menggambarkan proses penyucian mezbah melalui korban-korban sebagai upaya mempertahankan hubungan Allah dengan umat-Nya. Konteksnya adalah visi Ezeki'el yang menggambarkan struktur dan ritual Bait Suci untuk memperjelas kesalahan umat dan meminta mereka berubah dari ketidaksetiaan serta menghindari konsekuensi amarah Allah."
Yehezkiel,44,Tema utama pasal ini adalah penegasan kekudusan tempat kudus dan aturan ketat bagi imam Levit untuk mencegah kekotoran melalui perbuakan berhala. Konteksnya adalah peringatan Tuhan kepada orang Israel yang membiarkan orang asing tidak bersunat masuk ke tempat kudus serta hukuman bagi imam yang tidak mematuhi peraturan pelayanan yang telah ditetapkan.
Yehezkiel,45,"Tema utama pasal ini adalah perintah Tuhan untuk membagi tanah Israel menjadi wilayah kudus (Bait Suci), milik orang-orang Lewi, dan wilayah raja, dengan tujuan memastikan kekudusan tempat ibadah dan keadilan sosial. Konteksnya menekankan kewajiban raja dalam melaksanakan korban dan ritual khusus, serta mencegah kekerasan untuk menjaga hubungan umat dengan Tuhan dan menghindari penindasan terhadap kaum Israel."
Yehezkiel,46,"Tema utama pasal ini adalah ketentuan ritual korban bakaran dan perayaan raja dalam pelataran suci, serta aturan prosedur pintu gerbang untuk memastikan ibadah yang terstruktur. Konteksnya menggambarkan sistem ibadah yang detail dalam visi Alkitab yang menekankan peran raja dalam menjaga keseimbangan kekayaan dan kehendak Tuhan."
Yehezkiel,47,"Tema utama pasal ini adalah visi Allah tentang pembagian tanah bagi 12 suku Israel dengan batas-batas yang jelas, di mana sungai Yordan menjadi perbatasan utama dan air yang mengalir menciptakan daerah subur yang mendukung kehidupan. Konteksnya adalah nubuatan untuk mengatur distribusi tanah dan hak orang asing yang berhak mendapat bagian milik pusaka sesuai aturan Allah."
Yehezkiel,48,"Tema utama pasal ini adalah pembagian tanah dan perencanaan kota suci Yerusalem dengan ukuran spesifik (25.000 hasta x 25.000 hasta) sebagai wilayah kudus bagi Tuhan, serta alokasi wilayah bagi masing-masing suku Israel, imam (bani Zadok), dan orang-orang Lewi. Konteksnya adalah penentuan wilayah setelah Israel memasuki tanah janji, mengacu pada perintah Tuhan untuk memastikan kekudusan dan keteraturan dalam pembagian tanah serta pembangunan kota suci yang menjadi pusat kehadiran Allah."
Yeremia,1,"Tema utama adalah panggilan Tuhan kepada Yeremia sebagai nabi yang diberikan kekuatan untuk menyampaikan peringatan hukuman terhadap Yehuda dan kerajaan utara, meskipun Yeremia masih muda. Konteksnya terjadi pada masa pemerintahan raja Yosia hingga Zedekia, sebelum kejadian pembuangan Yerusalem ke Babylon, di mana Tuhan menjanjikan perlindungan bagi Yeremia meski akan menghadapi perlawanan dari bangsa-bangsa yang akan meruntuhkan Yehuda."
Yeremia,2,"Tema utama pasal ini adalah kritik terhadap ketidaksetiaan umat Tuhan yang meninggalkan kesetiaan pada Allah dan beralih ke idolatri, sehingga mengakibatkan kehancuran dan malapetaka. Konteksnya adalah peringatan TUHAN melalui wahyu nabi yang menyoroti kegagalan umat-Nya dalam memelihara hubungan kasih dan kesetiaan yang pernah diberikan di masa lalu, di mana mereka justru menghancurkan diri sendiri dengan kepercayaan pada dewa-dewa lain."
Yeremia,3,"Tema utama pasal ini adalah peringatan TUHAN terhadap Israel dan Yehuda yang tidak setia karena berzina dan beribadah kepada berhala, dengan konteks zaman raja Yosia di mana TUHAN menghukum kejahatan mereka dengan menghentikan hujan. Namun, TUHAN menjanjikan pemulihan jika mereka kembali dengan tulus hati, seperti yang ditegaskan dalam janji kembalinya ke Yerusalem sebagai milik-Nya."
Yeremia,4,Konteks pasal ini adalah peringatan TUHAN kepada Yehuda dan Yerusalem tentang hukuman yang akan datang akibat ketidaksetiaan dan kejahatan yang terus berlanjut. Tema utamanya adalah keadilan murka Tuhan yang akan menimpa kehancuran besar dan kekacauan di negeri mereka jika umat tidak berubah hati dan kembali kepada kesetiaan.
Yeremia,5,"Tema utama pasal ini adalah ancaman hukuman Tuhan terhadap bangsa Israel dan Yehuda akibat ketidaksetiaan dan penyimpangan dari kebenaran, yang akan mengakibatkan kehancuran negeri mereka. Konteksnya adalah peringatan nabi yang menekankan bahwa ketidakpatuhan mereka terhadap Allah dan kepercayaan pada ilah lain akan memicu hukuman berat melalui kekuatan musuh asing dan api."
Yeremia,6,"Tema utama pasal ini adalah ancaman kehancuran yang akan menimpa Yerusalem akibat ketidakpatuhan dan kejahatan umat Tuhan, dengan penekanan pada ancaman dari arah utara yang akan menghancurkan kota. Konteksnya menggambarkan umat yang tidak menerima pengajaran dan terus melanggar perintah Tuhan, sehingga TUHAN akan menumpahkan azab yang mengakibatkan kehancuran total bagi kota dan penduduknya."
Yeremia,7,"Tema utama pasal ini adalah peringatan TUHAN kepada bangsa Yehuda untuk memperbaiki kehidupan dan keadilan mereka agar tidak terkena azab, karena mereka terus melanggar perintah dengan beribadah kepada dewa-dewa dan melakukannya kejahatan seperti pembunuhan serta pengorbanan anak. Konteksnya terjadi pada masa Yehuda yang tidak mau mendengarkan nubuatan nabi, sehingga TUHAN akan menghancurkan tanah mereka dan mengirimkan mereka ke luar negeri sebagai bagian dari azabnya."
Yeremia,8,"Tema utama pasal ini adalah hukuman Tuhan terhadap Yehuda karena ketidaksetiaan dan kejahatan yang tidak berhenti, yang akan mengakibatkan kehancuran total dan penjajahan oleh musuh. Konteksnya terjadi pada masa krisis spiritual di mana umat Tuhan tidak berubah dari kepercayaan pada berhala dan menolak kembali kepada Tuhan, sehingga Tuhan menghukum mereka dengan kehancuran dan kematian yang tak terhindarkan."
Yeremia,9,"Tema utama pasal ini adalah hukuman Tuhan terhadap umat Israel akibat ketidaksetiaan, kejahatan, dan kekacauan moral yang mengakibatkan kehancuran kota Yerusalem dan kehancuran tanah. Konteksnya adalah peringatan nabi yang menggambarkan konsekuensi dari penolakan umat untuk mengikuti hukum Tuhan dan berpindah ke kepercayaan berhala, sehingga memicu kehancuran nasional dan kehancuran spiritual."
Yeremia,10,"Tema utama pasal ini adalah peringatan TUHAN kepada kaum Israel untuk tidak mengikuti praktik idolatri, karena berhala hanyalah karya manusia yang sia-sia dan tidak berkuasa, sementara TUHAN adalah Allah yang hidup, kekal, dan berkuasa atas semesta. Konteksnya meliputi ancaman hukuman terhadap bangsa yang tidak mengakui Tuhan dan kehancuran yang akan menimpa Israel jika terus melanggar kesepakatan dengan Tuhan dengan berhala dan kekayaan."
Yeremia,11,"Tema utama pasal ini adalah peringatan TUHAN kepada orang Yehuda dan Yerusalem untuk tidak melanggar perjanjian dan berhenti beribadah kepada dewa lain, karena ketidakpatuhan mereka telah memicu malapetaka yang tidak terhindarkan. Konteksnya terjadi pada masa di mana umat Tuhan telah mengingkari perjanjian dengan TUHAN melalui kejahatan idolatri seperti beribadah kepada Baal, sehingga TUHAN menghukum mereka dengan kehancuran yang tidak dapat dihindari."
Yeremia,12,"Tema utama pasal ini adalah ancaman Tuhan terhadap Yehuda akibat ketidaksetiaan dan dosa yang menyebabkan keterpurukan negeri, dengan janji pemulihan jika umat berubah dan kembali berlaku setia. Konteksnya terjadi pada masa keterpurukan Yehuda akibat kekuatan Babel, di mana Tuhan berjanji menghancurkan pelanggaran dan memulihkan umat jika mereka berubah hati."
Yeremia,13,"Tema utama pasal ini adalah hukuman TUHAN terhadap Yehuda dan Yerusalem akibat ketidaksetiaan mereka kepada Allah dan kecenderungan beribadah kepada dewa lain, yang diwakili oleh ikat pinggang yang lapuk sebagai simbol kegagalan ketaatan. Konteksnya adalah pesan nubuatan yang menggambarkan penghancuran yang akan terjadi jika umat Tuhan tidak mendengarkan perintah-Nya, dengan ikat pinggang yang tidak berguna sebagai peringatan akan kehancuran yang tak terhindarkan."
Yeremia,14,"Tema utama pasal ini adalah ancaman hukuman Tuhan terhadap Yehuda akibat dosa dan ketidakpatuhan, yang dinyatakan melalui kekeringan ekstrem, kelaparan, dan perang. Konteksnya adalah peringatan Yeremia bahwa bangsa ini akan mengalami kerusakan jika tidak berubah, sementara nabi palsu yang berjanji keamanan akan menghadapi kematian akibat bencana yang Tuhan janjikan."
Yeremia,15,"Tema utama pasal ini adalah ancaman Tuhan terhadap Yerusalem dan umat Yehuda akibat dosa yang tidak dibalik, khususnya kejahatan Raja Manasye bin Hizkia, dengan hukuman berat seperti kehancuran dan kekayaan yang akan dibawa musuh. Konteksnya adalah peringatan keras Nabi Yeremia yang menggambarkan kehancuran total jika umat tidak berubah, tetapi juga janji pemulihan bagi yang mau kembali kepada Tuhan dengan kesetiaan."
Yeremia,16,"Tema utama pasal ini adalah peringatan TUHAN terhadap bangsa Israel yang melanggar perjanjian dengan beribadah kepada dewa lain, yang akan mengakibatkan kematian massal, pengasingan, dan kehancuran tanah, tetapi juga janji kembalinya mereka ke tanah kandung mereka setelah berhenti dari dosa. Konteksnya terjadi pada masa di mana Israel telah meninggalkan TUHAN dan beribadah kepada dewa lain, sehingga TUHAN menghancurkan mereka sebagai hukuman, namun berjanji akan memulihkan mereka di masa depan."
Yeremia,17,"Tema utama pasal ini adalah ancaman penghancuran terhadap Yehuda akibat dosa dan ketidakpatuhan terhadap perintah Tuhan, khususnya penolakan untuk menghormati hari Sabat, yang akan mengakibatkan kehancuran dan menjadi budak. Konteksnya adalah peringatan nabi Yeremia tentang konsekuensi dosa dan kekacauan spiritual yang mengancam keberadaan Yehuda jika tidak berubah, sekaligus menawarkan keselamatan bagi yang mengandalkan Tuhan dan taat pada perintah-Nya."
Yeremia,18,"Tema utama pasal ini adalah peringatan TUHAN terhadap Yehuda yang tidak bertobat dari kejahatan, dengan metafora tukang periuk yang menggambarkan kekuasaan-Nya dalam menentukan nasib umat-Nya. Konteksnya menunjukkan bahwa TUHAN telah memberikan kesempatan bagi Yehuda untuk berubah, tetapi mereka tetap melanggar perjanjian dan tidak mau menerima peringatan, sehingga akan menghadapi kehancuran total sesuai rencana-Nya."
Yeremia,19,"Tema utama pasal ini adalah hukuman Tuhan terhadap Yerusalem dan Yehuda akibat perbuatan dosa seperti beribadah kepada dewa asing dan membakar anak-anak sebagai korban, yang akan mengakibatkan kehancuran total kota dengan penduduk makan daging saudara sendiri dan menjadi Lembah Pembunuhan. Konteksnya adalah nubuatan Yeremia yang diberikan di Lembah Ben-Hinom sebagai peringatan sebelum kejadian kehancuran Yerusalem oleh Babilonia pada tahun 586 SM."
Yeremia,20,"Tema utama pasal ini adalah ancaman Tuhan terhadap Pasyhur bin Imer, imam yang menentang nabi Yeremia, yang akan menjadi kegentaran bagi diri sendiri dan sahabatnya dalam kehancuran Yehuda akibat pembuangan ke Babel. Konteksnya meliputi penindasan Pasyhur terhadap Yeremia dan firman Tuhan yang menggambarkan kehancuran umum yang akan menimpa Yehuda serta penderitaan nabi sebagai pengingat akan ketergantungan pada Tuhan."
Yeremia,21,"Konteks pasal ini adalah raja Zedekia Yehuda meminta petunjuk TUHAN menghadapi ancaman perang Nebukadnezar dari Babel. Tema utamanya adalah TUHAN akan menghancurkan Yerusalem sebagai balasan atas kejahatan bangsa tersebut dengan kematian melalui pedang, penyakit, kelaparan, dan kebakaran, serta memberikan pilihan antara kematian jika tetap di kota atau bertahan hidup dengan keluar ke luar."
Yeremia,22,"Tema utama pasal ini adalah peringatan TUHAN kepada raja Yehuda untuk melaksanakan keadilan dan kebenaran serta menghindari penindasan terhadap orang miskin dan yatim, dengan ancaman kehancuran istana dan kejatuhan kerajaan jika tidak berubah. Konteksnya adalah peringatan Yeremia mengenai konsekuensi kezaliman dan ketidaksetiaan kerajaan Yehuda terhadap Allah, sehingga raja dan rakyatnya akan dikeluarkan dari negeri mereka dan istana Yerusalem menjadi reruntuhan."
Yeremia,23,"Tema utama pasal ini adalah TUHAN menuntut keadilan terhadap para gembala dan nabi yang fasik yang menyebabkan umat-Nya terserak, sekaligus menjanjikan pemulihan melalui kembalinya umat ke tanahnya dan raja yang adil dari keturunan Daud. Konteksnya terjadi pada masa keterasingan Israel, di mana TUHAN menghancurkan kejahatan para nabi palsu dan menjanjikan keselamatan melalui keadilan yang ditegakkan oleh umat-Nya."
Yeremia,24,"Tema utama pasal ini adalah perbandingan antara pemulihan umat Yehuda yang bertobat (seperti buah ara yang baik) dan hukuman bagi Zedekia serta sisa penduduk Yerusalem yang tidak berubah (seperti buah ara yang jelek). Konteksnya terjadi setelah pembuangan ke Babel oleh Nebukadnezar, di mana TUHAN menetapkan dua jalan berbeda bagi umat-Nya berdasarkan kepercayaan dan keadaan hati mereka."
Yeremia,25,"Tema utama pasal ini adalah ancaman TUHAN terhadap kaum Yehuda akibat ketidakpatuhan selama 23 tahun, yang akan memicu penaklukan Babel selama 70 tahun dan hukuman terhadap berbagai bangsa. Konteksnya diberikan pada tahun keempat pemerintahan Yosia, ketika nabi Yeremia menyampaikan peringatan untuk berubah dari kejahatan dan menghindari kehancuran yang akan datang."
Yeremia,26,"Tema utama pasal ini adalah peringatan Tuhan melalui Nabi Yeremia tentang konsekuensi kejahatan umat Yehuda jika tidak berubah, dengan ancaman penghancuran Yerusalem seperti Silo. Konteksnya terjadi ketika raja Yoyakim dan umat berusaha membunuh Yeremia, tetapi para pemimpin dan nabi menolaknya karena Yeremia berbicara di nama Tuhan, sehingga ia tetap dilindungi oleh mereka."
Yeremia,27,"Tema utama pasal ini adalah perintah TUHAN kepada Zedekia, raja Yehuda, untuk menyerahkan diri kepada Nebukadnezar raja Babel guna menghindari azab, sekaligus menuntut penolakan terhadap nabi palsu yang menyarankan resistensi terhadap kekuasaan Babel. Konteksnya terjadi pada awal pemerintahan Zedekia yang menghadapi ancaman kemenangan Babel yang akan menghancurkan Yehuda jika tidak menyerahkan diri, dengan peringatan bahwa bangsa yang tidak menyerahkan akan dihancurkan oleh pedang, kelaparan, dan penyakit."
Yeremia,28,"Tema utama pasal ini adalah konflik antara nubuatan Hananiah yang menyatakan kembalinya perkakas rumah Tuhan dan orang buangan dari Babel dalam dua tahun (yang ternyata merupakan dusta) dengan janji Allah yang benar tentang kematian Hananiah. Konteksnya terjadi pada awal pemerintahan Raja Zedekia di Yehuda, ketika ancaman Babel mengancam kehancuran kerajaan, dan nabi Yeremia menegaskan bahwa Hananiah tidak diutus oleh Allah melainkan menyebarkan dusta dengan mematahkan gandar kayu yang akan digantikan oleh gandar besi untuk menguasai bangsa."
Yeremia,29,"Tema utama pasal ini adalah janji Tuhan untuk memulihkan umat-Nya setelah pembuangan ke Babel dalam periode 70 tahun, sekaligus peringatan terhadap nabi palsu yang menipu orang buangan dengan janji palsu dan menghancurkan kepercayaan mereka. Konteksnya terjadi setelah Yerusalem jatuh ke tangan Nebukadnezar, di mana Tuhan memberi arahan bagi orang buangan untuk membangun kehidupan baru dan berdoa, sementara menghukum mereka yang berbicara palsu demi nama-Nya."
Yeremia,30,"Tema utama pasal ini adalah janji Tuhan untuk memulihkan Israel dan Yehuda dari keterpurukan dan pembuangan, kembalikan mereka ke tanah nenek moyang, serta memberikan keselamatan dan kemerdekaan dari kekuasaan asing melalui pemulihan kehidupan beragama yang utuh. Konteksnya terjadi dalam masa penderitaan umat Tuhan yang dijanjikan Tuhan untuk memulihkan mereka dengan kekuatan-Nya yang menghancurkan ikatan dengan kekuatan luar dan membangun kembali kehidupan beragama yang harmonis."
Yeremia,31,"Pasal ini berada dalam konteks pasca-pengasingan Israel oleh Babel, di mana TUHAN berjanji memulihkan umat-Nya dengan kembalinya mereka ke tanah dan pembentukan perjanjian baru yang menghubungkan mereka secara intim dengan-Nya. Tema utamanya adalah pemulihan komprehensif yang mencakup kembali kekayaan fisik, sosial, dan spiritual, serta keterikatan yang kekal melalui kasih yang tak terbatas dan perjanjian baru di mana hukum Allah ditulis dalam hati mereka."
Yeremia,32,"Tema utama pasal ini adalah janji Tuhan untuk memulihkan Yehuda setelah kejatuhan Yerusalem oleh Babel, yang ditunjukkan melalui pembelian ladang oleh Yeremia sebagai simbol pemulihan tanah dan umat di masa depan. Konteksnya adalah Yeremia ditahan oleh raja Zedekia saat memproyeksikan kejatuhan kota, namun Tuhan menegaskan bahwa tanah akan dibeli kembali oleh umat-Nya setelah masa keterasingan."
Yeremia,33,"Konteks pasal ini adalah masa kehancuran Yerusalem akibat kejahatan umatnya, di mana TUHAN berjanji memulihkan keadaan Yehuda dan Israel. Tema utamanya adalah janji pemulihan yang menjamin kelangsungan keturunan Daud dan imam Lewi, serta kembalinya kegirangan dan kesejahteraan yang berlimpah di kota yang telah dirobohkan."
Yeremia,34,"Tema utama pasal ini adalah ancaman TUHAN terhadap kerajaan Yehuda akibat ketidaksetiaan mereka terhadap perjanjian, khususnya ketika raja Zedekia dan rakyatnya berjanji melepaskan budak tetapi kemudian kembali mengambil kembali budaknya. Konteksnya adalah perang Babel yang akan menghancurkan Yerusalem dan semua penduduknya sebagai hukuman atas ketidakpatuhan mereka terhadap perjanjian dengan TUHAN, dengan Zedekia diserahkan ke Babel tanpa mati oleh pedang."
Yeremia,35,"Tema utama pasal ini adalah perbandingan kesetiaan keluarga Rekhab terhadap perintah leluhur mereka (Yonadab) dalam menghindari minum anggur dan membangun rumah dengan ketidakpatuhan bangsa Yehuda terhadap firman Tuhan, yang berakibat pada kehancuran yang akan datang bagi Yehuda. Konteksnya terjadi pada masa raja Yosia, di mana Yeremia mengingatkan bahwa kelompok Rekhab yang telah taat kepada perintah leluhur mereka akan tetap berhubungan dengan Tuhan sepanjang masa, sementara bangsa Yehuda yang tidak mendengarkan nabi-nabi akan menghadapi hukuman Tuhan."
Yeremia,36,"Tema utama pasal ini adalah peringatan TUHAN melalui nabi Yeremia tentang kehancuran Yehuda jika tidak bertobat, yang ditegaskan dengan pembacaan kitab gulungan di hadapan rakyat. Konteksnya terjadi pada tahun keempat pemerintahan Yoyakim bin Yosia, raja Yehuda, ketika raja tersebut membakar kitab gulungan sebagai respons terhadap peringatan tersebut, sehingga TUHAN menghukumnya dengan tidak memiliki keturunan dan mayatnya ditinggalkan terkena panas siang serta dingin malam."
Yeremia,37,"Tema utama pasal ini adalah konsekuensi ketidakpatuhan Raja Zedekia terhadap peringatan Tuhan melalui nabi Yeremia, yang menyebabkan jatuhnya Yerusalem oleh tentara Babel dan penjara nabi Yeremia. Konteksnya terjadi pada masa pemerintahan Zedekia di Yehuda ketika raja dan rakyat tidak mendengarkan firman Tuhan, sehingga terjadi kejatuhan kota dan penjara nabi sebagai pengingat akan kesalahan politik dan spiritual yang terjadi."
Yeremia,38,"Tema utama pasal ini adalah peringatan Tuhan tentang jatuhnya Yerusalem ke tangan tentara Babel jika raja Zedekia tidak menyerahkan diri, yang mengakibatkan kematian massal dan penjajahan. Konteksnya meliputi penderitaan Yeremia yang ditempatkan dalam perigi oleh pemimpin kota, lalu raja Zedekia memilih tidak menyerahkan diri sehingga kota dihancurkan sesuai dugaan Tuhan."
Yeremia,39,"Konteksnya adalah kejatuhan Yerusalem oleh Nebukadnezar, raja Babel, pada tahun ke-9 pemerintahan Zedekia yang menyebabkan penjebolan raja, pembakaran kota, dan pembuangan rakyat ke Babel. Tema utamanya adalah kehancuran kota suci Yehuda dan janji Tuhan yang menjamin keselamatan Yeremia dari bahaya meski dalam situasi kekacauan dan pembuangan."
Yeremia,40,"Tema utama pasal ini adalah transisi pasca-pembuangan Babel di Yehuda, di mana Yeremia dipilih untuk tetap berada di negeri tersebut di bawah kepemimpinan Gedalya yang diangkat raja Babel. Konteksnya menunjukkan ketegangan politik dan ancaman terhadap kestabilan Gedalya dari kelompok militer yang masih berada di luar kota, yang berpotensi mengancam keberlanjutan kehidupan komunitas Yehuda yang tersisa."
Yeremia,41,"Tema utama pasal ini adalah pemberontakan Ismael bin Netanya terhadap gubernur Babel Gedalya bin Ahikam yang mengakibatkan pembunuhan massal dan konflik militer dengan pasukan Johanan bin Kareah. Konteksnya terjadi di Mizpa selama masa ketergantungan Babel, di mana Ismael mengangkut tawanan ke Amon sementara Johanan mengumpulkan rakyat untuk melarikan diri ke Mesir menghindari kekerasan Ismael."
Yeremia,42,"Tema utama pasal ini adalah peringatan TUHAN kepada sisa Yehuda untuk tidak melarikan diri ke Mesir karena akan menghadapi kematian akibat pedang, kelaparan, dan penyakit sampar jika mereka tidak taat pada perintah-Nya. Konteksnya adalah situasi darurat setelah kehancuran Yerusalem oleh Babel, di mana rakyat berusaha mencari keamanan di Mesir, tetapi TUHAN menegaskan bahwa tetap tinggal di negeri ini akan diberikan perlindungan dan kehidupan yang baik."
Yeremia,43,"Tema utama pasal ini adalah kegagalan rakyat Yehuda dalam mematuhi perintah TUHAN untuk tetap di tanah Yehuda, sehingga mereka berpindah ke Mesir. Konteksnya menunjukkan bahwa TUHAN melalui nabi Yeremia memberikan peringatan bahwa Nebukadnezar akan menghancurkan Mesir dan mengangkut semua penduduknya ke dalam pembuangan sebagai akibat penolakan mereka terhadap firman Tuhan."
Yeremia,44,"Tema utama pasal ini adalah ancaman Allah terhadap orang Yehuda yang berada di Mesir karena terus beribadah kepada dewa-dewa lain (seperti ratu sorga) setelah diberi peringatan melalui nabi Yeremia. Konteksnya adalah kegagalan mereka dalam berhenti dari kejahatan dan mengikuti Taurat, sehingga Allah akan menghancurkan mereka dengan pedang dan kelaparan di Mesir tanpa meninggalkan sisa yang cukup untuk kembali ke Yehuda, dengan hanya sejumlah kecil yang selamat."
Yeremia,45,"Tema utama pasal ini adalah ancaman TUHAN terhadap Yehuda yang akan menghancurkan segala yang telah dibangun dan menghapus seluruh negeri akibat ketidaksetiaan umat. Konteksnya terjadi pada tahun keempat pemerintahan Yoyakim bin Yosia, ketika Barukh menuliskan firman Yeremia yang menyatakan bahwa kehancuran tersebut akan menimpa semua makhluk, termasuk nyawa Barukh yang akan menjadi hasil kehancuran di setiap tempat ia berada."
Yeremia,46,"Tema utama pasal ini adalah hukuman Tuhan terhadap Mesir akibat ketidaksetiaannya yang akan dihancurkan oleh Nebukadnezar raja Babel. Sebagai bagian dari janji keselamatan, bangsa Israel akan diberikan keselamatan dari pembuangan dan bencana yang akan datang."
Yeremia,47,"Tema utama pasal ini adalah kehancuran total yang akan menimpa orang Filistin akibat ketidaksetiaan mereka kepada TUHAN, dengan gambaran banjir dan pedang yang tak berhenti menghancurkan kota-kota seperti Gaza, Askelon, dan Asdod. Konteksnya adalah peringatan TUHAN melalui nabi Yeremia yang datang sebelum Firaun mengalahkan Gaza, menunjukkan bahwa kehancuran orang Filistin tidak bergantung pada kekuatan manusia tetapi pada kehendak Tuhan yang tak terbantahkan."
Yeremia,48,"Tema utama pasal ini adalah hukuman Tuhan terhadap Moab akibat keangkuhan dan ketidakpatuhan terhadap-Nya, yang menyebabkan kehancuran total kota-kota dan kekuasaannya. Konteksnya adalah nubuatan kejatuhan Moab sebagai konsekuensi kepercayaan mereka pada dewa Kamos dan kebanggaan diri yang berlebihan, dengan janji pemulihan di masa depan."
Yeremia,49,"Tema utama pasal ini adalah hukuman Tuhan terhadap Bani Amon, Edom, Damsyik, Hazor, dan Elam akibat kejahatan mereka, yang akan mengakibatkan kehancuran kota dan kehilangan kekuasaan, tetapi dengan janji pemulihan di masa depan. Konteksnya menunjukkan bahwa Tuhan menghukum bangsa-bangsa yang melawan-Nya untuk menegakkan keadilan, sekaligus menjamin pemulihan kejayaan mereka setelah masa hukuman berlalu."
Yeremia,50,"Tema utama pasal ini adalah TUHAN akan menghancurkan Babel sebagai balasan atas kekafiran dan kejahatan yang dilakukan terhadap umat-Nya, sementara Israel dan Yehuda akan dipulihkan melalui kembali kepada TUHAN. Konteksnya adalah propesi Yeremia yang menggambarkan kehancuran Babel dan pemulihan umat Tuhan sebagai bagian dari keadilan Allah yang menghukum kejahatan Babel yang menganiaya umat Allah."
Yeremia,51,"Perkataan nabi Yeremia dalam kitab ini menggambarkan hukuman Tuhan terhadap Babel akibat kejahatan dan kekacauan yang dilakukannya terhadap tempat suci, yang akan menghancurkan kota tersebut hingga menjadi tempat tandus selamanya. Konteksnya adalah peringatan bagi umat Yehuda untuk melarikan diri dari Babel sebelum kota ini ditimpa kehancuran total sebagai balasan atas dosa yang telah dilakukan Babel terhadap umat Tuhan."
Yeremia,52,"Konteks pasal ini menggambarkan jatuhnya Yerusalem dan pembuangan rakyat Yehuda akibat pemberontakan Raja Zedekia terhadap raja Babel, yang merupakan konsekuensi dari ketidakpatuhan kerajaan Yehuda terhadap perintah Tuhan. Tema utamanya adalah hukuman Tuhan atas kejahatan kerajaan Yehuda yang berujung pada penghancuran kota dan pembuangan rakyat ke Babel, menunjukkan keadilan Tuhan dalam menghancurkan kekacauan yang telah terjadi."
Yesaya,1,"Konteksnya adalah peringatan Tuhan terhadap Yehuda selama pemerintahan raja-raja Uzia, Yotam, Ahas, dan Hizkia akibat ketidaksetiaan dan kejahatan umatnya. Tema utamanya adalah hukuman kehancuran bagi yang berdosa, tetapi janji pembebasan dan kembali kepada Tuhan jika umat berubah hati, berlaku adil, dan menghentikan kejahatan."
Yesaya,2,"Tema utama pasal ini adalah visi kejayaan Tuhan di masa akhir di mana Yerusalem menjadi pusat perdamaian global yang menarik semua bangsa untuk belajar jalan-Nya, sekaligus mengingatkan akan konsekuensi dosa seperti peribadatan berhala dan kebanggaan yang akan dihukum Tuhan. Konteksnya menunjukkan peringatan terhadap kejatuhan bangsa yang sombong dan kekayaan duniawi yang tidak berarti dibandingkan dengan kekuatan Tuhan yang maha tinggi."
Yesaya,3,"Tema utama pasal ini adalah peringatan Tuhan tentang kehancuran Yerusalem dan Yehuda akibat ketidakpatuhan umat terhadap-Nya, yang mengakibatkan penggantian kepemimpinan oleh pemuda dan kekacauan sosial. Konteksnya menunjukkan hukuman Tuhan terhadap umat yang menantang kemuliaan-Nya dengan kejahatan, sehingga kota Yerusalem akan runtuh dan umatnya kehilangan perhiasan serta kepemimpinan yang berakar pada dosa."
Yesaya,4,"Tema utama pasal ini adalah pemulihan Yerusalem dan kekudusan umat Tuhan yang tersisa setelah kekotoran dan noda dihapuskan oleh roh mengadili dan membakar. Kehadiran Tuhan yang terlihat melalui awan, asap, dan api menjadi perlindungan dan kemuliaan bagi mereka yang tersisa di Yerusalem, menunjukkan janji kebangkitan dan kemerdekaan bagi umat-Nya."
Yesaya,5,"Tema utama pasal ini adalah peringatan Tuhan terhadap Yehuda dan Yerusalem yang gagal menghasilkan keadilan dan kebenaran melainkan keonaran dan kejahatan, sehingga akan mengalami hukuman kehancuran. Konteksnya menggunakan metafora kebun anggur yang gagal menghasilkan buah manis melainkan buah asam, menggambarkan kegagalan umat dalam kehidupan beriman dan akibatnya penghancuran kota Yerusalem."
Yesaya,6,"Tema utama pasal ini adalah kekudusan Tuhan yang terlihat dalam penglihatan Yesaya, di mana proses pembersihan hati Yesaya oleh seraphim melalui bara mezbah menghapus dosanya. Konteksnya adalah perintah Tuhan untuk Yesaya menyampaikan pesan kehancuran kepada bangsa Israel, dengan janji bahwa hanya sepersepuluh yang akan diselamatkan dan diperbarui setelah kota-kota menjadi kosong akibat kehancuran yang besar."
Yesaya,7,"Konteksnya adalah kekhawatiran raja Yehuda Ahas terhadap serangan gabungan Aram dan Israel yang gagal mengalahkan Yerusalem, sehingga TUHAN memberikan pertanda melalui nabi Yesaya untuk menenangkan kecemasannya. Tema utamanya adalah janji TUHAN bahwa ancaman tersebut tidak akan berhasil, Efraim akan dihancurkan Asyur dalam 55 tahun, dan Immanuel sebagai tanda kehadiran Allah yang akan melindungi Yehuda dari kehancuran."
Yesaya,8,"Tema utama pasal ini adalah peringatan TUHAN tentang ancaman invasi Asyur yang akan menghancurkan Samaria dan Damsyik, dengan penekanan bahwa keselamatan hanya berasal dari Allah yang kudus, bukan dari kepercayaan pada peramal atau kekuatan manusia. Konteksnya terjadi dalam situasi Israel yang sedang menghadapi krisis spiritual akibat penolakan mereka terhadap kebenaran Allah, sehingga TUHAN melalui nama anak yang akan dilahirkan (Maher-Syalal Hash-Bas) mengindikasikan kecepatan kehancuran Asyur dan meminta umatnya untuk tetap berpegang pada janji-Nya yang tak tergoyahkan."
Yesaya,9,"Tema utama pasal ini adalah janji Tuhan akan membawa kejayaan dan damai melalui kelahiran Anak yang menjadi Raja Penasihat Ajaib, yang akan memerintah dengan keadilan abadi. Konteksnya menunjukkan konsekuensi ketidakpatuhan bangsa Israel terhadap Tuhan, yang berakibat pada perang internal, penghancuran, dan keadilan Tuhan yang tetap berlaku meski mereka tidak berubah, dengan murka-Nya yang tidak pernah surut."
Yesaya,10,"Tema utama pasal ini adalah ancaman kehancuran terhadap Asyur sebagai alat murka Tuhan yang akan dihancurkan, sekaligus janji keadilan dan kembali kepada Tuhan bagi umat Israel yang setia. Konteksnya adalah peringatan terhadap kejahatan Asyur yang menghancurkan bangsa-bangsa, dengan janji bahwa Tuhan akan menghancurkan kekuatan tersebut dan memberikan keselamatan bagi Israel yang tetap bersandar pada-Nya."
Yesaya,11,"Tema utama pasal ini adalah propesi tentang munculnya seorang penguasa yang berkeadilan dan penuh roh Tuhan dari keturunan Isai yang akan memulihkan keadilan, menghapus ketidakadilan, serta mengumpulkan umat Yehuda dan Israel yang terbuang di seluruh dunia. Konteksnya adalah perjanjian Tuhan untuk memulihkan kedamaian global melalui penguasa yang akan menghakimi dengan keadilan dan takut akan Tuhan, serta mengakhiri perang antarbangsa dan ketidakadilan sosial."
Yesaya,12,"Konteks pasal ini menggambarkan umat Tuhan yang telah keluar dari murka Allah dan mendapat keselamatan, sehingga mereka merasakan kegirangan dan berdoa syukur. Tema utamanya adalah respons pujian dan syukur yang lahir dari keselamatan Allah, yang mengajak umat untuk menyebarkan kejayaan dan nama-Nya di seluruh dunia melalui perbuatan yang mulia."
Yesaya,13,"Tema utama pasal ini adalah nubuatan Yesaya tentang kehancuran total Babel akibat kejahatan kerajaannya, di mana TUHAN akan menghancurkan kota tersebut dengan murka-Nya sebagai balasan atas ketidaksetiaan dan kekacauan. Konteksnya meliputi gambaran kekerasan dan kehancuran yang akan menimpa Babel, termasuk kehancuran alam (bintang, matahari, bulan redup) dan kematian masif yang menimpa semua lapisan masyarakat, sehingga kota tersebut menjadi sunyi seperti Sodom dan Gomorrah."
Yesaya,14,"Tema utama pasal ini adalah nubuatan TUHAN tentang kejatuhan Babel sebagai kekuatan penindas dan pemulihan Israel di tanahnya. Konteksnya menggambarkan kehancuran kekuatan fasik melalui kekuatan Tuhan yang tak terbatas, di mana Babel dan kekuatan lainnya dihancurkan untuk memulihkan umat Tuhan dari penindasan dan kegelisahan."
Yesaya,15,"Tema utama pasal ini adalah kehancuran Moab sebagai balasan Allah atas kejahatan mereka, yang mengakibatkan kerusakan besar, keratapan massal, dan perpindahan penduduk. Konteksnya terdapat dalam nubuatan Alkitab yang menggambarkan dampak kehancuran tersebut, seperti kekeringan tanah, kematian, dan ancaman singa terhadap yang tersisa di Moab."
Yesaya,16,"Tema utama pasal ini adalah kehancuran Moab akibat keangkuhan dan kegemasannya yang akan terjadi dalam tiga tahun, sekaligus menjanjikan keadilan yang ditegakkan melalui kerajaan Daud sebagai balasan atas kejahatan mereka. Konteksnya adalah peringatan Tuhan yang menggambarkan kehancuran Moab melalui penghancuran kebun-kebun anggur dan kerajaan mereka, dengan janji keadilan yang akan muncul setelah kehancuran tersebut."
Yesaya,17,"Tema utama pasal ini adalah hukuman TUHAN terhadap Damsyik dan Aram yang akan dihancurkan akibat kejahatan mereka, serta peringatan bagi Israel untuk kembali kepada Allah agar kemakmurannya tidak lenyap. Konteksnya adalah janji TUHAN yang menggambarkan akibat jika umat-Nya terus berpaling dari kebenaran, sehingga kota-kota mereka akan ditinggalkan dan menjadi sunyi seperti kota-kota yang ditinggalkan oleh bangsa lama."
Yesaya,18,"Tema utama pasal ini adalah hukuman TUHAN terhadap bangsa-bangsa yang lalim dan kehancuran mereka, yang akan diikuti oleh kembalinya keadilan dan kehadiran TUHAN di gunung Sion. Konteksnya adalah nubuatan Yesaya yang menggambarkan proses penghancuran bangsa-bangsa yang tidak taat sebelum mereka bersemayam untuk menyembah di tempat kudus TUHAN."
Yesaya,19,"Tema utama pasal ini adalah kehancuran Mesir oleh kekuasaan Tuhan melalui kekacauan alamiah dan sosial yang mengakibatkan kehancuran fisik dan spiritual, sehingga Mesir akhirnya mengakui Tuhan dan menjadi bagian dari berkat-Nya bersama Israel dan Asyur. Konteksnya adalah nubuatan Alkitab yang menggambarkan proses penghancuran Mesir sebagai persiapan untuk keterbukaan Tuhan, di mana Mesir akan mengalami transformasi spiritual hingga berpartisipasi dalam kesejahteraan Tuhan."
Yesaya,20,"Konteks pasal ini terjadi pada masa invasi Asyur yang mengambil Asdod, di mana TUHAN melalui Yesaya memperingatkan akan kehancuran Mesir dan Etiopia oleh raja Asyur. Tema utamanya adalah kehinaan yang akan dialami Mesir dan Etiopia sebagai tawanan Asyur, sehingga penduduk yang sebelumnya mengandalkan keduanya untuk melindungi diri dari kekuatan Asyur menjadi terkejut dan malu karena nasib mereka yang tidak terlindungi."
Yesaya,21,"Tema utama pasal ini adalah peringatan Tuhan tentang kehancuran yang akan menimpa Babel dan negara-negara sekitarnya seperti Elam, Madai, serta Kedar, dengan penekanan pada jatuhnya Babel dan kehancuran patungnya. Konteksnya adalah pesan nubuatan yang diterima nabi yang mengalami penderitaan fisik dan emosional akibat ancaman kehancuran, sekaligus meminta laporan dari peninjau mengenai pasukan yang akan menghancurkan kota-kota tersebut."
Yesaya,22,"Tema utama pasal ini adalah ancaman penghancuran Yerusalem akibat dosa umat yang tidak diakui, diikuti janji pemulihan melalui Elyakim bin Hilkia sebagai penguasa yang diberikan kekuasaan Tuhan. Konteksnya menunjukkan kegagalan umat Yehuda dalam beribadah dan kehancuran yang akan terjadi, tetapi juga harapan pemulihan melalui pemimpin yang dipilih Tuhan untuk memperkuat kota dan bangsa."
Yesaya,23,"Tema utama pasal ini adalah hukuman Tuhan terhadap kota Tirus akibat kesombongannya yang mengakibatkan kehancuran oleh Kasdim. Konteksnya adalah prediksi kehancuran Tirus selama 70 tahun, lalu kembali diberikan kebahagiaan dan kekayaan sebagai tempat penyambung kebahagiaan bagi umat Tuhan."
Yesaya,24,"Tema utama pasal ini adalah peringatan hukuman Tuhan terhadap bumi dan manusia akibat dosa serta pelanggaran perjanjian abadi, yang mengakibatkan kehancuran total dan kerusakan alam. Konteksnya menggambarkan akhir zaman di mana Tuhan akan menghancurkan kekuasaan manusia melalui kejadian ekstrem, lalu memulai pemerintahan-Nya yang baru di Yerusalem sebagai pusat kemuliaan surgawi."
Yesaya,25,"Tema utama pasal ini adalah janji Tuhan untuk memulihkan umat-Nya di Gunung Sion melalui kemenangan atas musuh seperti Moab dan penghapusannya dari kematian serta air mata. Konteksnya adalah nubuatan dalam Alkitab yang menjanjikan kemenangan Tuhan atas keadilan dan kehancuran bangsa-bangsa sombong, serta pembangunan kerajaan baru yang menghargai kesetiaan Tuhan yang telah direncanakan sejak dahulu."
Yesaya,26,"Tema utama pasal ini adalah kekuatan TUHAN sebagai pelindung dan penghakim yang akan menghancurkan orang fasik sementara memberikan keselamatan bagi umat yang teguh iman. Konteksnya adalah lagu pujian di Yehuda yang menggambarkan harapan umat untuk keselamatan melalui kepercayaan pada TUHAN, sekaligus janji kebangkitan bagi yang mati dan penghakiman atas bumi."
Yesaya,27,Tema utama pasal ini adalah hukuman Tuhan terhadap musuh yang berlawanan dengan-Nya dan pemulihan Israel yang akan memenuhi bumi dengan hasilnya. Konteksnya adalah visi nubuat dalam Kitab Yesaya yang menggambarkan periode hukuman terhadap kejahatan dunia sebelum kembalinya Israel dan kumpulan bangsa-bangsa dari Assyria serta Mesir untuk menyembah Tuhan di Yerusalem.
Yesaya,28,"Tema utama pasal ini adalah peringatan keras Tuhan terhadap kemegahan dan kekacauan Efraim yang berlebihan, yang mengakibatkan hukuman karena kegagalan mereka dalam kepercayaan dan keadilan. Konteksnya menggambarkan kehancuran yang akan datang jika mereka tidak berubah dari kebiasaan penuh dosa, dengan Tuhan menetapkan dasar yang teguh (batu yang teruji) dan keadilan sebagai gantinya."
Yesaya,29,"Konteks pasal ini adalah peringatan Tuhan terhadap kota Ariel (Yerusalem) yang akan mengalami kehancuran akibat ketidaksetiaan umatnya, sekaligus menjanjikan pemulihan dan keadilan melalui kekuatan surgawi. Tema utamanya adalah hukuman Tuhan terhadap kejahatan umat dan janji pemulihan bagi yang benar-benar beriman, di mana kehancuran akan diubah menjadi kebaikan melalui kekuatan Allah yang menghancurkan kejahatan dan menyelamatkan yang benar."
Yesaya,30,"Pasal ini merupakan peringatan Tuhan terhadap umat yang berpaling dari kebenaran dan mempercayai kekuatan Mesir sebagai pelindung, yang akan mengakibatkan kehancuran dan dosa. Tema utamanya adalah konsekuensi ketidakpatuhan terhadap firman Tuhan dan janji pemulihan bagi yang bertobat, dengan janji kekayaan dan keselamatan yang akan diberikan jika mereka kembali kepada Allah."
Yesaya,31,"Tema utama pasal ini adalah peringatan bagi orang Israel untuk tidak bergantung pada kekuatan manusia seperti Mesir atau Asyur, melainkan pada Allah yang Mahakudus, karena Allah akan menghancurkan kekuatan manusia dan melindungi Yerusalem jika mereka bertobat. Konteksnya adalah respons Allah terhadap kejatuhan kepercayaan Israel pada berhala dan kekuatan luar, dengan janji bahwa jika mereka kembali kepada-Nya, Allah akan menyelamatkan Yerusalem dari musuh dan menghancurkan kekuatan yang mereka percayai."
Yesaya,32,Konteks pasal ini menggambarkan hukuman terhadap kejahatan yang menghancurkan kehidupan dan janji pemulihan melalui kebenaran Tuhan yang akan mengubah gurun menjadi kebun subur. Tema utamanya adalah kontras antara kehancuran akibat kejahatan dan damai yang dihasilkan oleh keadilan dan kebenaran yang memberikan keamanan dan kekayaan bagi umat yang berbudi luhur.
Yesaya,33,"Tema utama pasal ini adalah ancaman penghakiman Tuhan terhadap perusak dan penjahat, sekaligus janji keselamatan bagi umat yang beriman melalui keadilan dan kebenaran di Sion. Konteksnya menggambarkan kehancuran bangsa-bangsa yang berdosa dan kembalinya keamanan bagi yang setia kepada Tuhan, di mana Tuhan akan menghakimi kejahatan dan menyelamatkan umat-Nya yang hidup dalam kebenaran."
Yesaya,34,"Tema utama pasal ini adalah hukuman TUHAN terhadap Edom yang akan dihancurkan secara total sebagai pembalasan atas peran mereka dalam kejadian Sion, mengakibatkan tanahnya menjadi kawasan kering dan ditempati oleh binatang liar. Konteksnya terkait dengan rencana keadilan Tuhan untuk menghancurkan bangsa yang melanggar perjanjian dan menghancurkan kawasan mereka sebagai bagian dari pembalasan atas kejahatan yang dilakukan."
Yesaya,35,"Tema utama pasal ini adalah janji Tuhan akan memulihkan bumi dan umat-Nya melalui pemulihan alam, kesehatan fisik, dan kebahagiaan abadi dalam masa depan yang dijanjikan. Konteksnya adalah visi nubuatan dalam Alkitab yang menggambarkan kehadiran Tuhan sebagai penyelamat yang membuka jalan kudus bagi yang diselamatkan, menghapus kegelapan dan memberikan sukacita melalui kehadiran-Nya."
Yesaya,36,"Pasal ini menggambarkan konteks serangan raja Asyur Sanherib ke Yerusalem pada tahun ke-14 raja Hizkia, di mana utusan raja Asyur menguji kepercayaan Yehuda terhadap Tuhan dengan membandingkan harapan pada Mesir sebagai kekuatan yang tidak andal. Tema utamanya adalah ujian kepercayaan pada Tuhan dalam situasi krisis militer yang mengancam kehancuran jika tidak berhenti bergantung pada kekuatan manusia."
Yesaya,37,"Tema utama pasal ini adalah janji Allah untuk melindungi Yerusalem dari serangan raja Asyur melalui kekuatan surgawi, seperti yang dinyatakan dalam nubuatan Yesaya. Konteksnya terjadi ketika raja Hizkia menghadapi ancaman militer Asyur yang mengancam kerajaan Yehuda, namun Allah menolongnya dengan menghancurkan pasukan Asyur dan memastikan keamanan Yerusalem."
Yesaya,38,"Tema utama pasal ini adalah kekuatan kesetiaan Allah dalam memberikan kesembuhan dan perlindungan bagi Raja Yehuda melalui doa Hezekiah yang tulus saat ia menderita sakit berat dan ancaman serangan Raja Asyur. Konteksnya terjadi ketika Allah menjanjikan memperpanjang hidup Hezekiah selama 15 tahun, melepaskan Yerusalem dari tangan Asyur, dan menunjukkan tanda ajaib dengan pergerakan matahari mundur sepuluh tapak sebagai bukti kekuasaan-Nya."
Yesaya,39,"Tema utama pasal ini adalah peringatan nabi Yesaya tentang kejatuhan kerajaan Yehuda dan eksil ke Babel, di mana semua harta serta keturunan Hizkia akan diambil oleh raja Babel. Konteksnya terjadi ketika raja Babel mengirim utusan ke Hizkia yang telah pulih dari sakit, yang menunjukkan kekayaannya di istananya, namun Yesaya memperingatkan akan kejatuhan dan eksil yang akan terjadi meskipun Hizkia berharap keamanan seumur hidupnya."
Yesaya,40,"Tema utama pasal ini adalah janji kekuatan dan pemulihan dari Allah bagi umat-Nya yang sedang dalam kesulitan, dengan menekankan keabadian firman-Nya yang melebihi kejayaan manusia yang sifatnya sementara. Konteksnya adalah pesan harapan bagi Yerusalem dan umat Yahudi di masa kejatuhan, di mana Allah menjanjikan kemenangan melalui kekuasaan-Nya yang tak terbatas dan kejayaan yang abadi."
Yesaya,41,"Tema utama pasal ini adalah janji TUHAN untuk menyelamatkan Israel dari musuh melalui kekuatan-Nya yang tak terbatas, dengan konteks perjanjian yang konsisten di mana Israel dianggap pilihan Tuhan yang tidak akan ditolak. Pasal ini menekankan bahwa Israel tidak perlu takut karena Tuhan akan menghadirkan kemenangan dan memenuhi kebutuhan mereka, bahkan mengubah kering menjadi air dan gurun menjadi telaga."
Yesaya,42,"Tema utama pasal ini adalah peran hamba yang dipilih Tuhan untuk menyatakan hukum dan memberikan penyelamatan kepada bangsa-bangsa, sekaligus menunjukkan konsekuensi ketidakpatuhan umat manusia yang berpaling dari jalan keselamatan. Konteksnya menggambarkan janji Tuhan yang menghadirkan keadilan melalui kekuatan-Nya, sementara umat yang buta dan tuli mengalami hukuman karena tidak mau mendengar pesan keselamatan ini."
Yesaya,43,"Tema utama pasal ini adalah janji Tuhan yang kudus untuk menyelamatkan dan melindungi Yakub dan Israel dari segala bahaya, dengan menjanjikan kehadiran-Nya yang tak tergoyahkan dan kemenangan atas musuh. Konteksnya terkait dengan perjanjian Tuhan yang menghapus dosa umat dan memberikan janji baru melalui karya kudus-Nya, meskipun umat telah berdosa dan membutuhkan pembebasan dari kejahatan."
Yesaya,44,"Konteks pasal ini adalah TUHAN berbicara kepada Yakub dan Israel untuk memberikan janji keberkahan dan kekuatan-Nya yang tak terbatas, sementara menekankan bahwa hanya TUHAN yang satu yang mampu menghadirkan kehidupan dan keberkahan. Tema utamanya adalah kekuasaan dan kesatuan TUHAN yang tidak tergantikan, serta kritik terhadap upaya manusia dalam membuat dan menyembah patung yang tidak berfaedah."
Yesaya,45,"Tema utama pasal ini adalah pernyataan kekuasaan Tuhan yang menjamin keselamatan Israel melalui Koresh sebagai penguasa yang diberikan Tuhan untuk membebaskan umat-Nya dari kekaisaran Babel, sekaligus menegaskan keunikan Tuhan sebagai satu-satunya Allah yang maha berkuasa. Konteksnya terletak pada nubuatan Yesaya yang menekankan identitas Israel sebagai pilihan Tuhan dan perlawanan terhadap idolatri, dengan janji bahwa semua bangsa akan mengakui kekuasaan Tuhan yang menciptakan semuanya dan tidak ada yang lain selain Dia."
Yesaya,46,"Tema utama pasal ini adalah kekuasaan Allah yang menghancurkan semua dewa palsu dan patung, sekaligus menjanjikan keselamatan bagi keturunan Yakub (Israel) melalui kekuatan-Nya yang tak terbatas. Konteksnya adalah respons Allah terhadap kepercayaan umat kepada dewa-dewa yang tidak mampu menyelamatkan, dengan penekanan bahwa Allah adalah satu-satunya Tuhan yang akan menyelesaikan janji-Nya dan memberikan kelepasan di Sion."
Yesaya,47,"Tema utama pasal ini adalah peringatan Tuhan terhadap puteri Babel dan Kasdim yang sombong yang mengandalkan sihir dan manter alih-alih ketergantungan pada-Nya, yang akan mengalami kebinasaan total dan kejandaan. Konteksnya adalah nubuatan mengenai konsekuensi kekacauan dan ketidaksetiaan mereka terhadap Tuhan, sehingga kehancuran datang dengan cepat dan tidak terduga."
Yesaya,48,"Tema utama pasal ini adalah janji Tuhan untuk menyelamatkan dan memulihkan Israel dari penjajahan Babel melalui kesetiaan mereka, meskipun sebelumnya mereka tidak setia dan berkepala batu. Konteksnya terjadi pada masa keterpurukan Israel di bawah kekuasaan Babel, di mana Tuhan menjanjikan kekayaan dan kebahagiaan jika mereka taat kepada perintah-Nya."
Yesaya,49,"Tema utama pasal ini adalah janji Tuhan untuk memulihkan Israel dari keterasingan dan menjadikannya penerang bagi bangsa-bangsa, melalui peran hamba yang dipilih untuk menyatakan keagungan-Nya. Konteksnya terjadi dalam masa krisis pasca-penghancuran, di mana Tuhan menjanjikan kembalinya umat-Nya, kekuatan-Nya untuk membangun dunia yang damai, serta kehormatan yang akan diberikan kepada Israel sebagai penebus umat manusia."
Yesaya,50,"Tema utama pasal ini adalah kepercayaan dan keteguhan iman nabi Yesaya dalam menghadapi penderitaan dan penganiayaan, dengan menegaskan kekuatan Allah yang mampu mengatasi segala rintangan. Konteksnya menggambarkan pernyataan nabi Yesaya yang percaya bahwa Allah akan melindungi dan memberikan kekuatan untuk tetap teguh meskipun dianiaya, sekaligus mengingatkan umat untuk berani berdoa dan percaya kepada Allah agar tidak terjebak dalam kegelapan."
Yesaya,51,"Tema utama pasal ini adalah janji TUHAN untuk memberikan keselamatan abadi dan pemulihan Yerusalem dari keterpurukan melalui kekuatan-Nya yang mengatasi segala musuh dan musibah. Konteksnya terjadi di masa keterpurukan Israel akibat kejatuhan Babel, di mana TUHAN menjanjikan kembalinya umat-Nya ke Sion dengan sukacita yang tak berkesudahan dan kelepasan yang abadi dari segala penderitaan."
Yesaya,52,"Tema utama pasal ini adalah kembalinya TUHAN untuk menyelamatkan Yerusalem dari keterpurukan dan mengangkat penebus-Nya yang akan membawa damai serta kekuatan bagi umat-Nya. Konteksnya adalah masa setelah umat Tuhan diperangi dan dihancurkan oleh kekuatan luar, di mana TUHAN menjanjikan kemerdekaan, kebersihan, dan kehadiran-Nya yang menghancurkan kekacauan dan kejahatan."
Yesaya,53,"Pasal ini merupakan bagian dari Kitab Yesaya 53 yang menceritakan tentang penderitaan seorang penebus yang menanggung dosa umat manusia. Tema utamanya adalah Yesus Kristus yang dihina dan dianiaya, tetapi dengan kematian-Nya menjadi jalan keselamatan bagi semua yang percaya untuk menghapus dosa dan memberikan kehidupan abadi."
Yesaya,54,"Tema utama pasal ini adalah janji Tuhan untuk memulihkan dan melindungi bangsa yang ditinggalkan (simbol umat Israel pasca-pengasingan), dengan menjanjikan keturunan yang berkembang, wilayah yang dikuasai, serta perlindungan dari musuh melalui kasih setia yang abadi. Konteksnya mengacu pada perjanjian Tuhan yang menjamin pemulihan dan kembali ke kehormatan bagi umat-Nya yang telah mengalami krisis, di mana Tuhan menjanjikan keadilan dan kemenangan atas musuh melalui kasih yang tak terbatas."
Yesaya,55,"Tema utama pasal ini adalah ajakan Tuhan untuk semua orang yang haus rohani dan miskin secara materi untuk menerima kasih dan kekayaan tanpa bayaran, serta janji perjanjian abadi dengan Daud yang akan membawa pemulihan dan kesejahteraan bagi bangsa-bangsa. Konteksnya terjadi dalam masa keterpurukan Israel, di mana Tuhan menjanjikan pemulihan melalui Raja yang akan menghadirkan damai dan keadilan universal."
Yesaya,56,"Tema utama pasal ini adalah janji Tuhan untuk memberikan keselamatan dan nama abadi kepada umat yang taat pada hari Sabat dan perjanjian-Nya, termasuk orang asing yang menggabungkan diri kepada-Nya, sekaligus kritik terhadap para imam yang korup yang lebih memprioritaskan keuntungan pribadi daripada keadilan. Konteksnya menggambarkan pemulihan umat Israel yang terbuang dan peringatan bagi umat yang tidak memenuhi kewajiban keadilan dan keselamatan."
Yesaya,57,"Tema utama pasal ini adalah kontras antara orang fasik yang beribadah kepada berhala dan melanggar perintah Allah dengan orang benar yang terancam binasa akibat kejahatan, sekaligus menunjukkan janji Allah untuk menyembuhkan dan memberikan damai bagi yang berlindung kepada-Nya. Konteksnya adalah peringatan kepada umat yang terjebak dalam kekacauan spiritual dan janji keselamatan bagi mereka yang dengan kesadaran mengakui kesalahan dan berlindung kepada Tuhan."
Yesaya,58,"Tema utama pasal ini adalah bahwa berpuasa yang sejati harus diwujudkan melalui tindakan keadilan sosial seperti membebaskan orang tertindas, membantu miskin, dan memperhatikan kebutuhan sesama, bukan sekadar ritual yang tidak berdampak nyata. Konteksnya adalah kritik terhadap umat Yahudi yang terlalu fokus pada ritual puasa tanpa melaksanakan keadilan sosial, sehingga TUHAN menekankan bahwa kebenaran dan kemuliaan-Nya hanya terwujud melalui keadilan dan kasih yang konkret."
Yesaya,59,"Tema utama pasal ini adalah keterasingan umat dari Tuhan akibat kejahatan dan pemberontakan yang mengakibatkan keadilan hilang, namun Tuhan menjanjikan kehadiran-Nya sebagai Penebus dan perjanjian abadi yang menjamin keberlanjutan firman-Nya. Konteksnya menggambarkan umat yang terjebak dalam kejahatan, dusta, dan pemberontakan, sehingga Tuhan berupaya menyelamatkan mereka melalui keadilan dan perjanjian yang menghubungkan kehadiran-Nya dengan umat yang bertobat."
Yesaya,60,"Tema utama pasal ini adalah visi tentang kembalinya kemuliaan Yerusalem sebagai pusat cahaya bagi seluruh dunia, di mana bangsa-bangsa dari jauh akan datang menyembah dan memberikan kekayaan, serta terjadi kedamaian abadi di bawah pemerintahan Tuhan. Konteksnya menggambarkan transformasi dari kegelapan dan kehancuran menjadi keberkahan yang tak terbatas, dengan Yerusalem menjadi simbol keagungan Tuhan yang menghancurkan musuh dan membangun keadilan yang abadi bagi umat-Nya."
Yesaya,61,"Tema utama pasal ini adalah janji pemulihan dan kemenangan Tuhan bagi umat-Nya yang terpuruk akibat eksil Babel, dengan peran nabi sebagai penghulu menyampaikan kabar baik dan penebusan bagi yang terluka. Konteksnya menggambarkan perjanjian abadi yang akan membangun kembali kota-kota hancur, memberikan kekayaan dan kehormatan, serta menjanjikan keturunan yang diberkati untuk menunjukkan keagungan Tuhan di seluruh dunia."
Yesaya,62,"Tema utama pasal ini adalah pemulihan Yerusalem sebagai kota yang diberkati Tuhan, di mana Ia berjanji menjadi suami dan menghapus keadaan ditinggalkan, sehingga umat-Nya mendapat keselamatan dan kemuliaan melalui perjanjian baru. Konteksnya adalah visi nubuatan dalam Alkitab yang menggambarkan pemulihan kota suci setelah masa kesulitan dengan janji Tuhan untuk melindungi dan membangun kembali kehormatan kota tersebut."
Yesaya,63,"Tema utama pasal ini adalah kontras antara keadilan Tuhan yang menghakimi umat yang berpaling dengan kasih setia-Nya yang menyelamatkan melalui kekuatan dan kebijaksanaan. Konteksnya menggambarkan perlawanan umat Israel terhadap Roh Kudus Tuhan, sehingga Tuhan berperang melawan mereka, tetapi tetap berjanji sebagai Penebus yang telah berjanji sejak dahulu kala untuk menyelamatkan mereka."
Yesaya,64,"Tema utama dari pasal ini adalah keluhan umat Yahudi yang mengalami kerusakan Yerusalem dan Baitullah akibat penghancuran Babel, dengan doa untuk belas kasihan Tuhan yang menghadapi kehancuran akibat dosa mereka. Konteksnya adalah masa keterpurukan setelah kota suci Yerusalem dihancurkan, di mana umat merasakan kehancuran dan berharap pada pemulihan Tuhan."
Yesaya,65,Tema utama pasal ini adalah Tuhan menghukum umat yang berpaling dari-Nya karena kejahatan dan berjanji akan menciptakan dunia baru yang penuh keadilan dan kesejahteraan bagi umat yang setia. Konteksnya adalah peringatan terhadap umat Yehuda yang melanggar perjanjian dan janji Tuhan untuk membangun Yerusalem sebagai pusat kegirangan dan kehidupan yang berkelanjutan.
Yesaya,66,"Tema utama pasal ini adalah kekuasaan Allah yang melampaui segala bentuk tempat kudus, dengan menegaskan bahwa langit dan bumi adalah takhanya-Nya, serta menunjukkan keadilan-Nya terhadap umat yang menyembah berhala melalui janji pemulihan Yerusalem dan kembalinya bangsa-bangsa untuk menyembah-Nya. Konteksnya adalah respons Allah terhadap kejahatan idolatri yang menghancurkan umat-Nya, diiringi dengan janji kehadiran-Nya yang menghancurkan musuh dan memulihkan kehidupan beragama."
Yoel,1,"Tema utama pasal ini adalah peringatan akan datangnya hari TUHAN yang akan membawa pemusnahan besar-besaran bagi negeri melalui kerusakan pertanian, kehabisan sumber daya, dan kerugian ekonomi sebagai hukuman Tuhan karena ketidaksetiaan umat. Konteksnya adalah ajakan bagi umat Yahudi untuk berubah dan berdoa dengan berpuasa serta berkumpul di rumah Tuhan sebelum terlambat menghindari azab yang akan datang."
Yoel,2,"Tema utama pasal ini adalah peringatan akan hari TUHAN yang menghancurkan yang akan datang, disertai ajakan umat Israel untuk berbalik kepada TUHAN dengan berubah hati agar menerima keselamatan dan kembalinya kekayaan alam. Konteksnya adalah nubuatan yang menggabungkan ancaman kehancuran dan janji pemulihan jika umat berubah dari keadaan keterasingan ke dalam kasih dan kesetiaan Allah."
Yoel,3,"Tema utama pasal ini adalah hukuman Tuhan terhadap bangsa-bangsa yang menganiaya Israel melalui penjualan umat dan pengambilan harta, serta janji pemulihan Yehuda dan Yerusalem sebagai tempat kudus setelah semua bangsa dihakimi di lembah Yosafat. Konteksnya adalah nubuatan Tuhan yang menggambarkan kehadiran-Nya untuk menghancurkan kejahatan dan memulihkan keadilan melalui hukuman terhadap bangsa-bangsa yang telah berdosa terhadap umat-Nya."
Yohanes,1,"Tema utama pasal ini adalah identitas Yesus sebagai Firman yang menjadi manusia dan sumber cahaya yang menerangi dunia, yang ditegaskan melalui kesaksian Yohanes sebagai penunjuk kepadanya. Konteksnya menunjukkan Yesus sebagai Anak Allah yang telah hadir sebelum dunia dan tidak dikenal dunia, sekaligus menandai awal perjalanan-Nya dalam menemui murid-murid pertama."
Yohanes,2,"Tema utama pasal ini adalah penunjukkan kekuasaan dan kemuliaan Yesus melalui dua tanda—perubahan air menjadi anggur di Kana dan pengusiran pedagang dari Bait Suci—yang mengungkapkan identitas-Nya sebagai Sang Penebus dan memicu kepercayaan murid-muridnya. Konteksnya terjadi pada masa hari raya Paskah di Galilea dan Yerusalem, di mana Yesus menunjukkan kekuasaan-Nya yang mengubah kehidupan dan mengarahkan orang-orang ke dalam iman."
Yohanes,3,"Tema utama pasal ini adalah konsep ""dilahirkan kembali"" secara roh sebagai syarat utama masuk Kerajaan Allah, yang dijelaskan Yesus kepada Nikodemus, seorang pemimpin Yahudi yang awalnya tidak memahami konsep ini. Konteksnya menyoroti perbedaan antara kelahiran duniawi dan roh, serta penekanan pada kebutuhan iman kepada Yesus sebagai Anak Allah yang tunggal untuk mendapatkan hidup kekal, sementara ketidakpercayaan berakibat pada hukuman dan kegelapan."
Yohanes,4,"Tema utama pasal ini adalah Yesus mengungkapkan diri sebagai Mesias melalui pertemuan dengan seorang perempuan Samaria di sumur Yakub, yang mengakibatkan banyak orang Samaria percaya dan menjadi saksi tentang kebenaran-Nya. Konteksnya adalah perjalanan Yesus dari Yudea ke Galilea untuk menyebarkan pesan kehidupan yang kekal, menunjukkan bahwa penyembahan yang benar berlangsung dalam roh dan kebenaran, bukan hanya di Yerusalem, dan Ia juga melakukan tanda kedua (menghidupkan anak) di Galilea setelah kembali dari Yudea."
Yohanes,5,"Tema utama pasal ini adalah Yesus menyembuhkan seorang yang telah sakit selama 38 tahun di kolam Betesda pada hari Sabat, yang menunjukkan kekuasaan ilahi-Nya yang melebihi batasan hukum Yahudi. Konteksnya melibatkan konflik dengan orang Yahudi karena Yesus mengklaim kekuasaan untuk bekerja seperti Bapa-Nya dan menyamakan diri dengan Allah, sehingga memicu upaya membunuh-Nya."
Yohanes,6,"Tema utama pasal ini adalah Yesus sebagai ""roti hidup"" yang memberikan hidup kekal, berbeda dengan manna di padang gurun yang hanya memberi kehidupan sementara. Konteksnya terjadi setelah Yesus melakukan mujizat memberi makan 5000 orang dengan lima roti dan dua ikan, di mana Ia menjelaskan identitas-Nya sebagai sumber hidup yang kekal dan mengakibatkan beberapa murid meninggalkan-Nya, termasuk Yudas yang akan menyerahkan Yesus."
Yohanes,7,"Tema utama pasal ini adalah Yesus menunjukkan otoritas-Nya yang berasal dari Allah melalui ajaran dan tindakan di Yudea selama pesta Pondok Daun, sementara umat Yahudi berdebat tentang kebenaran identitas-Nya sebagai Mesias. Konteksnya terjadi sebelum kematian Yesus, di mana upaya penangkapan oleh pihak berkuasa gagal karena waktu yang ditentukan belum tiba, dan umat terpecah antara kepercayaan dan ketidakpercayaan terhadap Yesus."
Yohanes,8,"Tema utama pasal ini adalah Yesus menegaskan kebenaran-Nya sebagai terang dunia melalui respons terhadap ujian perempuan yang tertangkap berbuat zinah, sekaligus mengungkapkan identitas-Nya sebagai Anak Allah yang tidak berasal dari dunia. Konteksnya terjadi ketika Yesus mengajar di Bait Allah, di mana para ahli Taurat dan Farisi tidak memahami kekuasaan Yesus yang berasal dari kekuasaan Bapa-Nya, sehingga mereka berusaha melempari-Nya tetapi Ia berlalu meninggalkan Bait Allah."
Yohanes,9,"Tema utama pasal ini adalah Yesus menghapus buta spiritual melalui mujizat penyembuhan, menunjukkan bahwa keselamatan hanya diperoleh melalui iman kepada-Nya sebagai terang dunia. Konteksnya meliputi pertentangan antara orang buta yang diperbaiki (yang percaya kepada Yesus) dan orang Farisi yang tetap buta karena tidak mengakui Yesus sebagai sumber kebenaran, terutama karena mujizat terjadi pada hari Sabat yang dianggap melanggar hukum Taurat mereka."
Yohanes,10,"Tema utama pasal ini adalah Yesus mengidentifikasi diri sebagai ""pintu"" dan ""gembala yang baik"" yang satu-satunya jalan ke keselamatan, berbeda dengan pencuri dan perampok yang tidak peduli pada domba. Konteksnya adalah perlawanan orang Yahudi yang tidak memahami makna perumpamaan Yesus, menyebutnya gila, tetapi banyak orang percaya setelah Yesus menunjukkan pekerjaan yang menguatkan identitasnya sebagai Anak Allah."
Yohanes,11,"Tema utama pasal ini adalah kekuasaan Yesus dalam mengatasi kematian melalui kebangkitan Lazarus, yang menjadi bukti kekuatan-Nya dan mengundang kepercayaan banyak orang Yahudi. Namun, peristiwa ini juga memicu kekhawatiran imam-imam kepala dan orang-orang Farisi yang akhirnya memutuskan menangkap Yesus, sehingga Ia berpindah ke daerah gurun untuk menghindari ancaman tersebut."
Yohanes,12,"Tema utama pasal ini adalah kematian Yesus sebagai jalan penyelamatan yang diperlukan menurut nubuatan, dengan konteks kejadian di sekitar Paskah yang melibatkan pengangkatan Lazarus dan persiapan untuk penghakiman dunia. Pasal ini juga menunjukkan kontras antara kepercayaan yang semakin banyak (seperti orang Yunani) dan penolakan orang Farisi terhadap Yesus, sekaligus menekankan bahwa kematian Yesus adalah syarat untuk kehidupan kekal."
Yohanes,13,"Tema utama pasal ini adalah pengajaran Yesus tentang kehendak berjasa dan kasih yang saling mengasihi melalui aksi membasuh kaki murid-murid-Nya pada Perjamuan Akhir sebelum hari raya Paskah. Konteksnya menyoroti pengkhianatan Yudas dan penyangkalan Simon Petrus yang akan terjadi, sekaligus menekankan bahwa kehidupan murid yang sejati harus berdasarkan kasih yang tulus dan kesetiaan meski menghadapi ujian."
Yohanes,14,"Tema utama pasal ini adalah janji Yesus akan kembali menyediakan tempat abadi bagi percaya dan menghubungkan mereka dengan Bapa melalui keterkaitan yang tak terpisahkan. Konteksnya adalah pembicaraan perpisahan Yesus dengan murid-muridnya sebelum kematian-Nya, di mana Ia menjanjikan datangnya Roh Kudus sebagai penolong dan jaminan kehidupan abadi bagi yang percaya."
Yohanes,15,"Tema utama pasal ini adalah pentingnya tinggal di dalam Yesus Kristus sebagai pokok anggur untuk menghasilkan buah rohani yang berkelanjutan, sekaligus menegaskan bahwa kasih yang sejati hanya terwujud melalui kepatuhan terhadap firman-Nya dan ketergantungan pada hubungan dengan Bapa. Konteksnya adalah ajaran Yesus yang menekankan konsekuensi spiritual bagi orang yang tidak memenuhi ketergantungan ini—dibuang seperti ranting kering—sekaligus menghadapi kebencian dunia karena tidak berada dalam kehidupan Kristus."
Yohanes,16,"Tema utama pasal ini adalah Yesus menjanjikan kehadiran Roh Kudus sebagai penghibur yang akan membimbing murid-murid ke dalam kebenaran setelah Ia pergi, sehingga mereka dapat mengalami sukacita meski saat ini berduka. Konteksnya terjadi pada saat Yesus mengakhiri pengajaran sebelum kematian-Nya, di mana Ia memastikan murid-murid tidak kecewa dengan pergi ke Bapa dan menjanjikan kehadiran Roh Kudus untuk memberikan damai sejahtera dalam Aku."
Yohanes,17,"Tema utama pasal ini adalah doa Yesus untuk murid-murid-Nya sebelum kematian-Nya yang menekankan kesatuan mereka dengan Bapa dan Yesus dalam kebenaran serta hidup kekal melalui pengenalan terhadap Allah yang benar dan Yesus Kristus. Konteksnya terjadi pada saat Yesus berdoa di hadapan Bapa untuk memperoleh kemuliaan yang diberikan sebelum dunia ada, dengan fokus pada perlindungan dan pengkudusan bagi murid-murid-Nya agar mereka menjadi satu seperti Bapa dan Yesus."
Yohanes,18,"Tema utama pasal ini adalah penangkapan Yesus oleh Yudas yang mengkhianati, pengadilan di hadapan Imam Besar dan Pilatus, serta penolakan umat Yahudi untuk melepaskan Yesus dalam konteks Paskah. Konteksnya meliputi ketegangan politik antara Yahudi dan Romawi dan pernyataan Yesus bahwa kerajaannya tidak berasal dari dunia ini yang memicu kekecewaan orang Yahudi."
Yohanes,19,"Tema utama pasal ini adalah proses penghakiman dan penghinaan Yesus oleh pihak Yahudi yang dipertimbangkan oleh Pilatus sebagai gubernur Romawi, yang akhirnya mengakibatkan Yesus disalibkan meskipun Pilatus tidak menemukan kesalahan pada-Nya. Konteksnya meliputi konflik politik antara kekuasaan Romawi dan kepercayaan Yahudi pada hari persiapan Paskah, serta pernyataan Yesus sebagai Anak Allah yang menjadi alasan umat Yahudi menuntutnya dihakimi sebagai ""Raja orang Yahudi"" sesuai kejadian yang telah diprediksi dalam Alkitab."
Yohanes,20,"Tema utama pasal ini adalah kebangkitan Yesus Kristus yang menjadi fondasi iman dan kepercayaan murid-muridnya, terutama melalui pertemuan langsung dengan kubur kosong dan kejadian kepercayaan Thomas yang awalnya keraguan tetapi akhirnya percaya. Konteksnya terjadi pada hari pertama minggu setelah Yesus mati, di mana murid-murid menghadapi kejadian kubur kosong dan mengalami pertemuan dengan Yesus yang memberikan janji Roh Kudus serta kekuatan iman untuk menyebarkan kepercayaan."
Yohanes,21,"Tema utama pasal ini adalah Yesus menampakkan diri ketiga kali setelah bangkit untuk memperkuat peran Petrus sebagai gembala domba-Nya melalui pertanyaan kasih tiga kali, sekaligus memprediksi kematian Petrus dan nasib murid yang akan menyerahkan Yesus. Konteksnya terjadi di pantai Tiberias setelah Yesus bangkit dari kematian, di mana Ia juga mengajarkan komitmen mengikuti-Nya meskipun menghadapi penderitaan."
Yosua,1,"Setelah Musa wafat, Tuhan memerintahkan Yosua untuk memimpin bangsa Israel menyeberangi Sungai Yordan dan menduduki tanah yang telah disumpahkan kepada nenek moyang mereka, dengan janji bahwa Tuhan akan selalu menyertai dan melindungi Yosua. Tuhan juga menekankan pentingnya mematuhi hukum Taurat, kerja sama antar suku-suku dalam perjalanan penaklukan tanah, serta kesiapan militer untuk memastikan keberhasilan dan keamanan dalam menaklukkan tanah tersebut."
Yosua,2,"Tema utama pasal ini adalah kepercayaan Rahab terhadap Tuhan yang mendorongnya menyelamatkan dua pengintai Israel dan berjanji melindungi keluarganya jika Israel menduduki Yerikho, menjadi faktor kunci dalam keberhasilan pasukan Israel menaklukkan kota tersebut. Konteksnya terjadi saat pasukan Israel mempersiapkan perang untuk menguasai Yerikho setelah Tuhan telah menjanjikan kemenangan bagi mereka."
Yosua,3,"Tema utama pasal ini adalah kehadiran Allah yang menghadirkan kejadian ajaib melalui tabut perjanjian untuk memungkinkan orang Israel menyeberangi sungai Yordan ke Tanah Promisi. Konteksnya adalah transisi Yosua dari masa penggantian Musa dalam memimpin orang Israel ke kawasan Canaan, di mana kejadian ini menunjukkan kekuatan Tuhan yang tetap mengarahkan dan melindungi mereka dalam memasuki tanah yang telah dipersiapkan."
Yosua,4,"Tema utama pasal ini adalah kejadian ajaib Tuhan mengeringkan sungai Yordan untuk memungkinkan bangsa Israel menyeberang ke tanah janji, dengan dua belas batu di Gilgal sebagai simbol peringatan yang mengingatkan generasi mendatang tentang kekuatan Tuhan yang telah menghancurkan sungai dan memungkinkan mereka memasuki kawasan yang dijanjikan. Konteksnya adalah proses Israel memasuki tanah janji di bawah kepemimpinan Yosua setelah keluar dari kejadian di sungai Yordan, yang menunjukkan kekuatan Tuhan dan perjanjian yang ditegakkan untuk menghormati dan takut kepada-Nya."
Yosua,5,"Tema utama pasal ini adalah transisi generasi dan persiapan orang Israel untuk memasuki negeri yang dijanjikan Tuhan melalui proses disunat kembali bagi generasi yang lahir di padang gurun setelah kematian generasi lama yang keluar dari Mesir. Konteksnya menunjukkan bahwa Yosua memastikan kekudusan melalui disunat dan penghapusan dosa Mesir di Gilgal, sehingga mereka dapat memulai hidup di Kanaan setelah 40 tahun di padang gurun, dengan akhirnya manna berhenti dan mereka mulai memakan hasil tanah."
Yosua,6,"Tema utama pasal ini adalah kemenangan Israel atas Yerikho melalui kepatuhan terhadap perintah TUHAN, yang mengakibatkan runtuhnya tembok kota dan kehancuran Yerikho. Konteksnya adalah perang Israel untuk menguasai wilayah Canaan setelah keluar dari Mesir, di mana keberhasilan ini menunjukkan pentingnya kepercayaan dan kepatuhan terhadap kehendak Allah, serta menghukum siapa pun yang berani membangun kembali kota tersebut dengan kutukan."
Yosua,7,"Tema utama pasal ini adalah konsekuensi dosa orang Israel yang mengambil barang-barang yang dikhususkan (seperti yang dilakukan Achan), yang menyebabkan kekalahan militer dan kehancuran nama mereka di hadapan Tuhan. Konteksnya terjadi setelah orang Israel menyeberangi Sungai Yordan untuk memasuki tanah janji, namun ketidakpatuhan terhadap perjanjian Tuhan mengakibatkan kegagalan dalam pertempuran dan proses pembersihan melalui penindakan terhadap Achan sebagai pelaku dosa tersebut."
Yosua,8,"Tema utama pasal ini adalah strategi militer yang diarahkan oleh TUHAN untuk menguasai kota Ai melalui penipuan dan perang yang diatur dengan ketat, serta mendirikan mezbah di gunung Ebal sebagai simbol perjanjian dan hukum bagi bangsa Israel setelah kemenangan. Konteksnya adalah proses pengambilan tanah Canaan oleh orang Israel di bawah kepemimpinan Yosua, yang menunjukkan ketergantungan pada kekuatan Tuhan dan penegakan hukum sebagai dasar kehidupan bersama."
Yosua,9,"Tema utama pasal ini adalah pentingnya menjaga sumpah dan perjanjian meskipun terjadi penipuan, seperti kasus orang Gibeon yang berpura-pura jauh dari wilayah Israel untuk menghindari kematian. Konteksnya terjadi saat Yosua mengambil alih negeri Canaan setelah menyerang raja-raja Amori di seberang sungai Yordan, di mana orang Gibeon yang berada di dekat wilayah Israel tetapi berpura-pura jauh, akhirnya dijadikan tukang belah kayu dan tukang timba air sebagai konsekuensi dari perjanjian yang mereka buat."
Yosua,10,"Tema utama pasal ini adalah kemenangan Yosua atas kelima raja Amori dengan bantuan Tuhan, yang ditandai oleh intervensi luar biasa (matahari dan bulan berhenti) serta penghancuran total kota-kota Amori seperti Makeda, Libna, dan Lakhis. Konteksnya terjadi setelah Yosua menguasai Ai dan Jeriko, ketika raja-raja Amori bergabung untuk menyerang Gibeon yang telah berikatan dengan Israel, sehingga Yosua berhasil mengalahkan mereka secara total dengan kekuatan Tuhan dan menguasai seluruh wilayah Amori."
Yosua,11,"Tema utama pasal ini adalah kemenangan Israel di bawah kepemimpinan Yosua atas segala kerajaan Kanaan sesuai perintah TUHAN yang diteruskan dari Musa, yang mengakibatkan Israel menduduki seluruh tanah Kanaan tanpa tersisa kecuali beberapa kota kecil seperti Gaza, Gat, dan Asdod. Konteksnya adalah perang besar melawan raja-raja Kanaan yang bersekutu untuk menghancurkan Israel, yang berhasil dihancurkan oleh Yosua dengan bantuan TUHAN sesuai rencana yang telah ditetapkan sejak zaman Musa."
Yosua,12,"Tema utama pasal ini adalah daerah Kanaan yang dikalahkan oleh orang Israel di bawah kepemimpinan Musa (Sihon dan Og) dan Yosua (31 raja lainnya), dengan wilayah-wilayah tersebut diberikan kepada suku-suku Israel sesuai pembagian Alkitab. Konteksnya adalah catatan ekspansi wilayah orang Israel ke Kanaan setelah keluar dari Mesir, yang menjelaskan proses pengambilan wilayah dan alokasi ke suku-suku berdasarkan kemenangan yang dicapai."
Yosua,13,"Tema utama pasal ini adalah pembagian tanah pusaka Israel setelah Yosua tua, dengan suku Ruben, Gad, dan setengah suku Manasye mendapat wilayah di sebelah timur sungai Yordan, sedangkan suku Lewi tidak diberikan tanah melainkan menjadi milik TUHAN. Konteksnya adalah penentuan wilayah yang telah ditetapkan Musa untuk membagi wilayah yang masih belum diduduki setelah perang melawan orang-orang Kanaan dan negara-negara di sekitarnya."
Yosua,14,"Konteks pasal ini adalah pembagian milik pusaka di tanah Kanaan sesuai perintah TUHAN kepada Musa, di mana bani Lewi tidak mendapat tanah di tengah-tengah melainkan kota dan tanah penggembalaan. Tema utamanya adalah kepercayaan dan kesetiaan kepada TUHAN, seperti yang ditunjukkan Kaleb bin Yefune yang tetap mengikuti Allah sehingga diberikan Hebron sebagai milik pusaka hingga kini."
Yosua,15,"Tema utama pasal ini adalah pembagian batas geografis dan wilayah suku Yehuda sesuai perintah Tuhan setelah perang pengambilan Tanah Kanaan. Konteksnya meliputi detail batas selatan, timur, utara, dan barat, peristiwa Kaleb mendapatkan Hebron, serta ketidakmampuan bani Yehuda menguasai Yerusalem karena orang Yebus tetap tinggal di sana hingga kini."
Yosua,16,"Pasal ini menjelaskan proses undian untuk menentukan wilayah bani Yusuf (Manasye dan Efraim) di Tanah Kanaan setelah Israel memasuki wilayah yang dipersiapkan. Tema utamanya adalah pembagian batas milik pusaka yang spesifik untuk suku Efraim, mulai dari Atarot hingga laut, serta penekanan bahwa penduduk Kanaan di Gezer tetap tinggal sebagai budak rodi hingga kini."
Yosua,17,"Tema utama pasal ini adalah pembagian wilayah tanah bagi suku Manasye sesuai undian Allah, termasuk hak waris melalui anak perempuan Zelafehad yang tidak memiliki keturunan laki-laki. Konteksnya menunjukkan tantangan suku Manasye dalam mengambil wilayah pegunungan yang hutan dan mengusir penduduk Kanaan yang kuat dengan kereta besi, sekaligus menegaskan kepercayaan Allah untuk memberikan tanah yang cukup bagi suku yang besar."
Yosua,18,"Tema utama pasal ini adalah proses pembagian tanah milik pusaka di antara tujuh suku Israel yang belum mendapat bagian melalui penjelajahan dan undian, dengan fokus pada penentuan wilayah suku Benyamin yang dibatasi oleh batas geografis spesifik. Konteksnya terjadi setelah Israel menaklukkan negeri Canaan, di mana Yosua memerintahkan para suku untuk mengukur dan membagi tanah sesuai kehendak TUHAN agar semua umat Israel memiliki hak atas tanah yang telah diberikan."
Yosua,19,"Tema utama pasal ini adalah pembagian tanah Kanaan kepada 12 suku Israel melalui undian sesuai perintah Tuhan, dengan masing-masing suku diberikan kota-kota dan desa-desa spesifik. Suku Simeon menerima wilayah di tengah wilayah bani Yehuda karena luasnya wilayah Yehuda, sedangkan suku Dan memperluas wilayahnya dengan merebut kota Lesem, dan milik pusaka diberikan kepada suku Levit melalui kota Timnat-Serah di Efraim sebagai penyelesaian pembagian tanah."
Yosua,20,"Tema utama pasal ini adalah penentuan kota-kota perlindungan bagi orang Israel yang membunuh tidak sengaja untuk menghindari pembunuhan oleh penuntut tebusan darah hingga diadili oleh rapat jemaah. Konteksnya terjadi saat Israel memasuki tanah janji, dengan kota-kota seperti Kedesh, Hebron, dan Bezer ditetapkan sebagai tempat perlindungan hingga pembunuh dapat kembali ke kampungnya setelah imam besar yang ada pada waktu itu mati."
Yosua,21,"Tema utama pasal ini adalah pembagian kota-kota dan tanah penggembalaan kepada orang Lewi dari berbagai suku Israel sesuai perintah TUHAN melalui Musa, untuk memastikan kebutuhan ibadah tanpa mengambil hak milik suku-suku lain. Konteksnya adalah pembagian tanah di negeri Kanaan setelah kemenangan Israel, yang menjadi implementasi janji TUHAN untuk memenuhi kewajiban ibadah dan keamanan negara bagi orang Lewi."
Yosua,22,"Tema utama pasal ini adalah upaya bani Ruben, bani Gad, dan setengah suku Manasye membangun mezbah sebagai saksi untuk menjaga keterikatan keturunan mereka dengan TUHAN di masa depan, sehingga tidak terjadi klaim bahwa mereka tidak termasuk dalam perjanjian Allah. Konteksnya terjadi setelah mereka diberikan tanah di seberang Yordan oleh Musa, dan mezbah tersebut diterima umat Israel setelah penjelasan tujuan sebagai saksi bagi generasi berikutnya."
Yosua,23,"Tema utama pasal ini adalah peringatan Yosua kepada orang Israel untuk tetap setia kepada TUHAN dan tidak melanggar perjanjian dengan menghindari hubungan dengan bangsa asing, agar tetap mendapat tanah yang telah dijanjikan. Konteksnya terjadi saat Yosua tua dan meminta orang Israel memelihara kepercayaan kepada TUHAN serta mematuhi hukum Musa, karena jika mereka berpaling dan beribadah kepada dewa lain, TUHAN akan menghancurkan mereka dari negeri yang baik ini."
Yosua,24,"Tema utama pasal ini adalah komitmen orang Israel untuk beribadah kepada Tuhan Esa yang tunggal setelah keluar dari Mesir dan menaklukkan negeri Kanaan, dengan Yosua memperkuat perjanjian di Sikhem sebagai respons atas pilihan mereka untuk tidak beribadah kepada dewa-dewa lain. Konteksnya adalah periode awal kehidupan orang Israel di negeri Kanaan setelah keluar dari perbudakan, di mana mereka harus memilih antara Tuhan dan dewa-dewa kawasan sekitar untuk membangun identitas agama yang kokoh."
Yudas,1,"Karya Yudas ini memberikan peringatan kuat kepada umat Kristen untuk tetap mempertahankan iman dan menghindari pengaruh orang-orang fasik yang menyelusup di dalam komunitas, yang menyangkal Yesus Kristus serta berlaku sesuai hawa nafsu. Konteksnya adalah umat yang menghadapi ancaman kekacauan spiritual akibat penyebaran kekafiran dan ketidaksetiaan terhadap kasih Allah, sehingga perlu berpegang pada Roh Kudus untuk melindungi diri dari kebinasaan."
Yunus,1,"Tema utama pasal ini adalah kegagalan Yunus dalam menaati perintah Tuhan untuk menyampaikan pesan ke Niniwe, yang berakibat pada hukuman Tuhan melalui badai dan penghancuran kapal. Konteksnya menunjukkan upaya Yunus untuk melarikan diri dari hadapan Tuhan, sehingga ia harus mengalami pengalaman berat di dalam perut ikan besar selama tiga hari tiga malam sebagai pembelajaran tentang kehendak Tuhan yang harus dihormati."
Yunus,2,"Tema utamanya adalah doa darurat Yunus yang mengungkapkan rasa putus asa dan kegagalan di dalam kesusahan di perut ikan, sementara konteksnya adalah respons Tuhan yang mengangkatnya dari dalam ikan setelah ia melanggar perintah untuk menyampaikan pesan ke Nineveh. Doa ini menunjukkan bagaimana Tuhan tetap mendengar dan memberikan keselamatan meskipun dalam keadaan terpinggirkan."
Yunus,3,"Tema utama pasal ini adalah kasih karunia Tuhan yang menunjukkan bahwa umat yang berbalik dari kejahatan melalui perubahan tindakan dan kepercayaan dapat menghindari azab. Konteksnya adalah ketika Yunus diperintahkan untuk menyampaikan pesan peringatan kepada kota Niniwe yang besar, umatnya dengan cepat berpuasa, mengenakan kain kabung, dan berbalik dari kejahatan, sehingga Tuhan membatalkan rencana azab-Nya."
Yunus,4,"Tema utama pasal ini adalah konflik antara keinginan Yunus untuk menghindari tugas berdakwah ke Niniwe dengan kasih sayang Allah yang luas. Konteksnya menunjukkan bahwa Yunus awalnya marah dan berdoa untuk mati karena tidak mau melayani Allah, tetapi melalui ujian pohon jarak yang hancur, Allah mengajarkan bahwa kasih sayang-Nya lebih besar kepada kota Niniwe yang besar daripada keinginan Yunus yang kecil."
Zakharia,1,"Tema utama pasal ini adalah pemanggilan Tuhan untuk bertobat dan janji kembalinya-Nya ke Yerusalem untuk membangun kembali Sion setelah umat-Nya berada dalam keterasingan selama 70 tahun di bawah pemerintahan Kaumurkai. Konteksnya terjadi pada masa pasca-penjajahan Babel di bawah pemerintahan Darius, di mana Tuhan melalui nabi Zakharia menjanjikan pemulihan Yerusalem dan kota-kota Yehuda serta keadilan bagi bangsa-bangsa yang merusak."
Zakharia,2,"Konteks pasal ini berasal dari visi nabi yang menggambarkan Yerusalem sebagai kota yang akan tetap menjadi tempat aman setelah bangsa-bangsa penjajah menganiaya Israel. Tema utamanya adalah Tuhan akan menjadi tembok berapi di sekeliling Yerusalem dan kemuliaan di dalamnya, sementara bangsa-bangsa yang telah menjarah Israel akan menjadi korban bagi mereka yang sebelumnya menguasainya. Dengan demikian, Yerusalem menjadi pusat kemenangan Tuhan yang menggabungkan umat-umat dari seluruh dunia dalam kejayaanNya."
Zakharia,3,"Tema utama pasal ini adalah janji Tuhan untuk memulihkan dan membersihkan bangsa Israel melalui imam besar Yosua sebagai lambang bagi Sang Tunas (Yesus), yang akan menghapus kesalahan negeri dalam satu hari dengan kehadiran permata bermata tujuh. Konteksnya menunjukkan proses pembersihan Yosua oleh Malaikat Tuhan, di mana Tuhan menjanjikan kekuasaan dan peran Yosua dalam mengelola rumah-Nya serta kemenangan atas dosa melalui kehadiran Sang Tunas yang akan memulai era kesejahteraan."
Zakharia,4,"Tema utama pasal ini adalah kepercayaan bahwa pembangunan Rumah Tuhan di Yerusalem akan diselesaikan oleh Roh Tuhan melalui Zerubabel, bukan kekuatan manusia. Konteksnya adalah visi untuk membangun kembali tempat suci setelah kejatuhan Babel, di mana lambang kandil emas dengan tujuh pelit dan dua pohon zaitun melambangkan dua orang yang diurapi yang akan memimpin proses pembangunan tersebut."
Zakharia,5,Temanya utama adalah visi TUHAN yang menggambarkan hukuman terhadap kejahatan pencurian dan bersumpah palsu. Gulungan kitab yang mewakili sumpah serapah tersebut menghancurkan rumah mereka sebelum berubah menjadi gantang yang membawa seorang perempuan ke Sinear (Babylon) sebagai simbol penempatan kejahatan dalam hukuman Tuhan.
Zakharia,6,"Tema utama pasal ini adalah janji Tuhan untuk membangun bait Tuhan kembali melalui pemimpin yang akan duduk di takhtanya dan memperkuat keagungan dengan persembahan dari orang-orang yang kembali dari Babel. Konteksnya terjadi setelah kembali dari Babel, di mana nabi diperintahkan mengumpulkan perak dan emas untuk membangun bait Tuhan dan menunjukkan kehadiran Tuhan melalui kemenangan atas kekacauan."
Zakharia,7,"Tema utama pasal ini adalah hukuman Tuhan terhadap umat-Nya yang tidak berlaku adil dan tidak memperhatikan kesetiaan terhadap yang lemah, sehingga tanah suci menjadi sunyi. Konteksnya terjadi pada masa setelah kembali dari Babel, ketika umat Israel berusaha memulihkan kehidupan beragama namun gagal menghormati perintah kesetiaan dan keadilan Tuhan. Akibat ketidakmengertian dan ketidakpedulian mereka, Tuhan menghancurkan kota dan membuat tanah menjadi tempat yang sunyi sepi."
Zakharia,8,"Tema utama pasal ini adalah janji Tuhan untuk memulihkan Yerusalem dan Sion menjadi kota setia serta gunung kudus, dengan pemberian damai dan kesetiaan yang menghadirkan kesejahteraan bagi umat-Nya. Konteksnya adalah perjanjian Tuhan yang menggantikan masa lalu keadilan dan perang dengan masa depan di mana bangsa-bangsa dari berbagai tempat akan datang ke Yerusalem untuk menyembah dan mencari Tuhan."
Zakharia,9,"Pasal ini menggambarkan nubuatan Tuhan yang akan menghancurkan musuh Israel seperti Sidon dan Filistin, sekaligus menjanjikan kehadiran Raja yang lemah lembut yang membawa damai dan kemerdekaan bagi umat-Nya. Tema utamanya adalah kekuasaan Tuhan yang menghapus kekacauan, membangun kerajaan damai yang meluas dari laut ke laut, serta memberikan keselamatan melalui kekuatan surgawi yang mengangkat umat-Nya dari kekacauan."
Zakharia,10,"Tema utama pasal ini adalah janji Tuhan untuk memulihkan kaum Yehuda dari keterasingan, memperkuat mereka menjadi pahlawan dalam pertempuran melawan penjajah Asyur dan Mesir, serta mengembalikan mereka ke tanah kandungnya. Konteksnya terjadi setelah umat Tuhan terlantar akibat kejahatan para nabi palsu dan ketidakpedulian gembala, sehingga Tuhan berjanji akan mengumpulkan mereka dan memperkaya kekuatan mereka dalam nama-Nya."
Zakharia,11,"Tema utama pasal ini adalah hukuman Tuhan terhadap kepemimpinan yang korup di Yehuda yang gagal merawat umat-Nya, mengakibatkan kehancuran bumi dan kehancuran kekaisaran. Konteksnya menggambarkan visi Ezekiel yang menggambarkan pemutusan perjanjian dan kekuatan kehancuran yang akan terjadi jika para gembala tidak diperbaiki."
Zakharia,12,"Tema utama pasal ini adalah kekuatan Tuhan yang akan menghancurkan bangsa penyerang Yerusalem sementara melindungi kota suci itu, sekaligus menghadirkan ratapan mendalam di Yerusalem sebagai tanda kehendak-Nya yang tak terbantahkan. Konteksnya adalah visi nubuatan tentang masa depan di mana Yerusalem menjadi simbol kekuatan Tuhan yang menghadapi kekuatan bangsa lain, dengan perlawanan yang mengakibatkan kerusakan total pada bangsa penyerang namun tetap menjaga keutuhan kota suci tersebut."
Zakharia,13,"Tema utama pasal ini adalah penghancuran dan pemurnian yang dilakukan TUHAN terhadap keluarga Daud dan penduduk Yerusalem untuk menghapus kekafiran, berhala, dan nabi palsu, dengan memilih sepertiga umat yang tetap hidup sebagai umat yang dipurifikasi seperti emas. Konteksnya terjadi pada masa krisis akhir di mana TUHAN menghancurkan dua pertiga negeri dan menguji kebenaran iman umat, sementara sepertiga yang tersisa akan dipertahankan untuk berdoa dan mengakui TUHAN sebagai Allah mereka."
Zakharia,14,"Tema utama pasal ini adalah kemenangan Tuhan atas musuh Yerusalem melalui hukuman yang menghancurkan bangsa penyerang, sekaligus memperkuat kota sebagai pusat kekuasaan-Nya dalam era keadilan universal. Konteksnya adalah visi nubuat Zechariah 14 yang menggambarkan hari akhir di mana Tuhan menghapus kekacauan dan memulai kehidupan beribadah yang meliputi semua bangsa."
Zefanya,1,"Tema utama pasal ini adalah ancaman hukuman Tuhan terhadap Yehuda akibat peribadatan yang tidak sesuai dan kejauhan dari Tuhan, yang akan menyebabkan kehancuran total melalui hari TUHAN yang hebat yang dekat. Konteksnya terjadi pada masa pemerintahan raja Yosia bin Amon di Yehuda, ketika umat Tuhan masih berpaling dari kepercayaan yang sejati dan beribadah kepada berhala serta melanggar perintah Tuhan."
Zefanya,2,"Tema utama pasal ini adalah peringatan Tuhan tentang hukuman yang akan diterima bangsa-bangsa yang tidak taat (Filistin, Moab, dan Ammon) karena menghina umat-Nya dan merusak keadilan. Konteksnya menunjukkan bahwa kota-kota di pesisir akan dibinasa, sementara sisa umat Tuhan yang setia akan dipulihkan dan mendapat keadilan, sementara daerah tersebut menjadi tempat kehancuran bagi binatang liar."
Zefanya,3,"Tema utama pasal ini adalah ancaman penghakiman Tuhan terhadap kota yang penuh penindasan dan ketidakpercayaan, diikuti janji pemulihan bagi sisa Israel yang rendah hati dan menjadi umat yang beribadah dengan ketaatan. Konteksnya menggambarkan perlawanan Tuhan terhadap kejahatan yang akan dihancurkan, lalu kembalinya keadilan dan keselamatan melalui kekuatan Tuhan yang mengangkat umat-Nya dari kegelapan."
