book_name,chapter,chapter_summary
1 Korintus,1,"**Tema utama:** Pengkehidupan dan peran Jesus Kristus di dalam Alkitab.

**Konteks:** pasal ini membahas tentang pentingnya kehidupan dan peran Jesus Kristus sebagai seorang rasul dan savi bagi seluruh orang di seluruh dunia."
1 Korintus,2,"1. Alkitab memberi penjelasan tentang kekuatan Roh dan pentingnya mencintai Allah dengan kekuatan Roh.
2. Alkitab menyatakan bahwa Allah tidak menerima apa yang berasal dari Roh Allah, karena hal itu baginya adalah suatu kebodohan.
3. Alkitab memberi penjelasan tentang pentingnya mencintai Allah dengan kekuatan Roh."
1 Korintus,3,"**Tema utama:** Pengaruh Kehidupan Tersembunyi pada Kehidupan Terbuka

**Konteks:** pasal ini membahas tentang makna dan peran Allah dalam kehidupan manusia, terutama pada saat kehidupan tersembunyi."
1 Korintus,4,"1. Demikianlah hendaknya orang memandang kami sebagai hamba-hamba Kristus, yang kepadanya dipercayakan rahasia Allah.
2. Yang akhirnya dituntut dari pelayan-pelayan yang demikian ialah, bahwa mereka ternyata dapat dipercayai.
3. Kami telah menjadi tontonan bagi dunia, bagi malaikat-malaikat dan bagi manusia, dan karena itu, kami telah menjadi sama dengan sampah dunia, sama dengan kotoran dari segala sesuatu."
1 Korintus,5,"1. Percabulan di antara orang-orang yang tidak mengenal Allah menunjukkan adanya orang yang hidup dengan isteri ayahnya.
2. Sekalipun demikian, kamu sombong dan menjauhkan orang yang melakukan hal itu dari tengah-tengah kamu.
3. Kebiasaan rohani kehadiran menunjukkan bahwa Allah hadir di tengah-tengah kita."
1 Korintus,6,"1. **Tema utama:** Keadilan dan tanggung jawab dalam masyarakat.
2. **Konteks:** Pengakibat penghakiman dunia dan tanggung jawab untuk mengurus perkara-perkara biasa.
3. **Tema:** Kekurangan dan ketidakadilan dalam hidup.
4. **Tema:** Pengorot terhadap tanggung jawab dan delegasi tugas.
5. **Tema:** Keadilan dan partisipasi dalam masyarakat.
6. **Tema:** Keadilan dan kepercayaan pada Allah.
7. **Tema:** Kehidupan yang terjejak dan ketidakadilan.
8. **Tema:** Kejahatan dan akibat ketidakadilan.
9. **Tema:** Keadilan dan partisipasi dalam masyarakat.
10. **Tema:** Keadilan dan partisipasi dalam masyarakat.
11. **Tema:** Pengorot terhadap disucikan dan penghakimatan.
12. **Tema:** Kemanusiaan dan partisipasi dalam masyarakat.
13. **Tema:** Pernah dan tidak, dan hubungan antara makanan dan Tuhan.
14. **Tema:** Pengikatan diri pada Allah dan hubungan dengan tubuh.
15. **Tema:** Keduanya dan partisipasi dalam masyarakat.
16. **Tema:** Kemanusiaan dan hubungan dengan Tuhan.
17. **Tema:** Kemanusiaan dan hubungan dengan Tuhan.
18. **Tema:** Percabulan dan dosa.
19. **Tema:** Kemanusiaan dan hubungan dengan Roh Kudus.
20. **Tema:** Belanja dan tanggung jawab terhadap Allah."
1 Korintus,7,"**Tema utama:** Kejujuran dan kewajiban dalam hubungan antara suami dan isteri.

**Konteks:** pasal ini membahas tentang kewajiban dan kejujuran yang harus dilakukan oleh suami dan isteri dalam hubungan mereka."
1 Korintus,8,"**Tema utama:** Pengenalan tentang pengetahuan dan Allah

**Konteks:** pasal ini membahas tentang pengetahuan, Allah, dan makanan dalam konteks pengenalan."
1 Korintus,9,"**Tema utama:** Penghak dan tanggung jawab dalam kehidupan

**Konteks:** pasal ini membahas tentang hak-hak yang diberikan kepada orang-orang dalam kehidupan, terutama dalam konteks Christianity."
1 Korintus,10,"1. Alkitab memberi informasi tentang perlindungan awan dan kehidupan setelah kematian.
2. Alkitab menjelaskan tentang ritual penamaian dan pengkebumian di awan dan laut.
3. Alkitab membahas tentang makanan dan minuman yang diterima oleh orang-orang."
1 Korintus,11,"**Tema utama:** Pengenalan tentang hubungan antara manusia dan Allah dalam Alkitab.

**Konteks:** pasal ini membahas tentang tanggung jawab dan perilaku manusia, terutama tentang hubungan antara pria dan wanita, dan bagaimana hal-hal tersebut memengaruhi hubungan mereka dengan Allah."
1 Korintus,12,"1. Karunia Roh Allah hanya diberikan kepada orang-orang yang dikaruni.
2. Allah memberikan karunia kepada anggota tubuh yang berbeda.
3. Karunia Roh Allah bersifat khusus dan hanya diberikan kepada orang-orang yang terkalikan dengan Allah."
1 Korintus,13,"1. Sekalipun manusia dan malaikat memiliki kemampuan yang sama, namun ilman kasih, mereka sama dengan gong dan canang yang gemerincing.
2. Sekalipun manusia memiliki berbagai karunia, namun ilman kasih, mereka tidak bermanfaat.
3. Sekalipun manusia memiliki banyak pengetahuan, namun ilman kasih, mereka tidak dapat mencapai tujuan mereka.
4. Kasih itu bukan sesuatu yang mudah, tetapi sesuatu yang murah hati dan tidak memegahkan diri.
5. Terdapat banyak perilaku yang sopan dan perilaku yang tidak sopan, namun yang penting adalah untuk berusaha dan mengikuti prinsip-prinsip etik.
6. Sekalipun kebenaran, namun tanpa kasih, kebenaran itu tidak berarti apa pun.
7. Sekalipun manusia menutupi semua orang lain, namun tanpa kasih, mereka tidak dapat mencapai tujuan mereka.
8. Terdapat banyak yang sempurna, namun tanpa kasih, mereka akan lenyap.
9. Kemanusiaan dan pengetahuan kita terbatas, namun kasih adalah kunci utama.
10. Jika ada yang sempurna, maka yang tidak sempurna akan lenyap.
11. Ketika kita kecil, kita berbicara seperti anak-anak, namun ketika kita dewasa, kita meninggalkan sifat-sifatnya.
12. Kita hanya mengenal dengan tidak sempurna, namun nanti kita akan mengenal dengan sempurna.
13. Terdapat tiga hal penting dalam kehidupan, yaitu iman,Explicación dan kasih, dan kasih adalah yang paling penting dari semuanya."
1 Korintus,14,"**Tema utama:** Karunia Roh dan Penyalaran

**Konteks:** pasal ini membahas tentang berbagai topik tentang karunia Roh dan penyalaran, termasuk pernyataan tentang pernyataan-sayang, perilaku, dan aturan yang terkait dengan karunia Roh."
1 Korintus,15,"**Tema utama:** Kehidupan dan kebangkitan orang mati

**Konteks:** pasal Alkitab yang disorotkan tentang kehidupan dan kebangkitan orang mati."
1 Korintus,16,"**Tema utama:** Pengumpulan uang dan pekerjaan

**Konteks:** pasal ini membahas tentang perilaku dan tanggung jawab orang-orang yang membantu orang-orang kudus, serta tentang hubungan antara orang-orang yang membantu dan orang-orang yang menerima bantuan."
1 Petrus,1,"1. PengSelection adalah proses memilih orang-orang yang akan menerima percikan darah-Nya dari Jesus Kristus.
2. Allah dan Bapa kita telah memilih kita dan menjadikan kita suci dengan darah-Nya.
3. Kami telah mencapai tujuan kita, yaitu keselamatan jiwaku, karena Allah telah memilih kita dan menjadikan kita suci."
1 Petrus,2,"**Tema utama:** Kehidupan dan nilai diri manusia

**Konteks:** pasal ini membahas tentang makna dan nilai hidup manusia, serta bagaimana manusia dapat menemukan keselamatan dan keselamatan di mata Allah."
1 Petrus,3,"**Tema utama:** Pengorikan diri pada Allah dan hidup dengan penuh kasih dan pujian.

**Konteks:** pasal ini membahas tentang perilaku dan sikap yang harus dilakukan oleh orang-orang saat mereka hidup di bawah semesta, terutama bagi perempuan dan suami."
1 Petrus,4,"**Tema utama:** Penghakiman dan kehendak Allah

**Konteks:** pasal ini membahas tentang penghakiman dan kehendak Allah, serta bagaimana mereka mempengaruhi kehidupan manusia."
1 Petrus,5,"1. Aku menasihatkan para penatua di antara kamu, sebagai teman penatua dan saksi penderitaan Kristus.
2. Gembalakanlah kawanan domba Allah yang ada padamu dengan sukarela sesuai dengan kehendak Allah.
3. Janganlah kamu menjadi teladan bagi kawanan domba itu."
1 Raja-Raja,1,"Tema utama dari pasal Alkitab ini adalah tentang pengangkuhan dan tanggung jawab yang diberikan kepada anak-anak Raja Daud. Konteksnya terkait dengan cerita tentang Adonia, anak Hagit, dan Raja Daud."
1 Raja-Raja,2,"Tema utama dari pasal Alkitab tersebut adalah tentang tanggung jawab dan perilaku manusia, terutama pada saat menghadapi kematian. Konteksnya membahas tentang tindakan yang dilakukan oleh Salomo, Daud, dan Simei untuk memenuhi permintaan Allah."
1 Raja-Raja,3,"**Tema utama:** Kehidupan dan tanggung jawab seorang raja

**Konteks:** pasal ini membahas tentang tindakan-tindakan yang dilakukan Salomo, raja Mesir, untuk menunjukkan kasihnya kepada TUHAN."
1 Raja-Raja,4,"1. Salomo menjadi raja atas seluruh Israel.
2. Para pembesarnya menjadi imam.
3. Orang-orang penting di Israel mendapat tugas dan tanggung jawab."
1 Raja-Raja,5,"**Tema utama:** Pengelolaan rumah bagi nama TUHAN, Allahku

**Konteks:** pasal ini membahas tentang perintah Salomo kepada orang-orang untuk membangun rumah bagi nama TUHAN di tempat yang akan kautunjukkan kepadanya."
1 Raja-Raja,6,"**Tema utama:** Pengconstruction Rumah TUHAN di Israel

**Konteks:**
* Perjalanan keluar dari tanah Mesir.
* Pem construction rumah bagi TUHAN.
* Perkembangan rumah dan bangunan di Israel."
1 Raja-Raja,7,"Tema utama dari pasal Alkitab tersebut adalah tentang bangunan dan desain rumah, serta alat-alat yang digunakan untuk membangun rumah. Konteksnya membahas tentang penamaan tempat, desain, dan peralatan rumah, serta bagaimana mereka digunakan untuk memenuhi kebutuhan dan keperluan pemilik."
1 Raja-Raja,8,"**Tema utama:** Perjanjian TUHAN dengan orang Israel

**Konteks:** Salomo membawa tabut perjanjian TUHAN dari kota Daud ke tempatnya di Yerusalem. Tabut itu berisi perjanjian yang diadakan TUHAN dengan orang Israel pada waktu perjalanan keluar dari tanah Mesir."
1 Raja-Raja,9,"**Tema utama:** Pengelolaan rumah TUHAN dan istana raja

**Konteks:** pasal ini membahas tentang tanggung jawab dan perilaku yang harus dilakukan oleh Raja Salomo terhadap rumah TUHAN dan istana raja, serta tentang hubungan antara orang-orang yang tinggal di rumah tersebut dan orang Israel."
1 Raja-Raja,10,"**Tema utama:** Pengiklanan dan pengorangan makanan di rumah TUHAN

**Konteks:**
* Salomo menerima informasi dari ratu negeri Syeba tentang kehadirannya dan menjembatani hubungannya dengan nama TUHAN.
* Ia datang ke Yerusalem dengan pasukan pengiring yang sangat besar, membawa rempah-rempah dan benda-benda mahal-mahal.
* Salomo memberikan makanan dan minuman kepada ratu negeri Syeba, termasuk makanan istimewa seperti kayu cendana dan gading."
1 Raja-Raja,11,"**Tema utama:** Pengkanangan dan penerapan nilai dari Alkitab

**Konteks:**

Alkitab menunjukkan kisah-sikap tentang perilaku dan perilaku manusia, terutama tentang hubungan dan hubungan antara orang dan Allah. Kisah-kisah ini menunjukkan bahwa nilai-nilai seperti kepatitan, kesejahteraan, dan tanggung jawab dapat diterapkan untuk membangun hubungan yang kuat dan bermakna dengan Allah."
1 Raja-Raja,12,"**Tema utama:** Pengambilan keputusan dan perilaku yang menyebabkan perubahan besar di masyarakat.

**Konteks:** pasal ini membahas tentang tindakan Rehabeam bin Nebat, raja Yehuda, dalam menjawab permintaan rakyat dan mengubah perilaku mereka."
1 Raja-Raja,13,"**Tema utama:** Pengkejadian dan tanda ajaib dalam Alkitab

**Konteks:** pasal ini membahas tentang peristiwa pengkejadian dan tanda ajaib yang terjadi di Betel oleh seorang abdi Allah dari Yehuda."
1 Raja-Raja,14,"**Tema utama:** Pengakut dan penangkuhan orang-orang yang menjadi raja di Israel.

**Konteks:** pasal ini membahas tentang peristiwa-peristiwa penting dalam kehidupan Raja Yerobeam dan Raja Rehabeam di Israel."
1 Raja-Raja,15,"**Tema utama:** Pengkanangan dan penolakan oleh Raja Asa terhadap peristiwa-peristiwa di dalam sejarah Israel.

**Konteks:**
* Raja Asa merupakan raja Israel yang sangat kuat dan penuh semangat.
* Namun, ia sering mengalami peristiwa-peristiwa buruk yang mengakibatkan dia untuk melakukan tindakan yang jahat.
* Dalam perjalanannya, Raja Asa menghadapi berbagai tantangan dan ujian yang membuatnya berusaha bertahan hidup."
1 Raja-Raja,16,"1. Firman TUHAN melawan Baesa menunjukkan bahwa Allah Israel memiliki kekuatan untuk menyelamat orang-orang yang terjebak di tempat terpencil.


2. Firman TUHAN tentang perhentian Baesa dan keluarganya menunjukkan bahwa Allah Israel memiliki rencana yang lebih besar untuk orang-orang Israel.


3. Firman TUHAN tentang kematian Baesa dan keluarganya menunjukkan bahwa Allah Israel memiliki kekuatan untuk menyelamat orang-orang yang terjebak di tempat terpencil."
1 Raja-Raja,17,"**Tema utama:** Pengeluaran makanan dan air untuk kebutuhan hidup

**Konteks:**
Pasal ini membahas tentang perilaku dan tindakan yang dilakukan oleh Elia, seorang penyamak, terhadap janda dan anaknya."
1 Raja-Raja,18,"**Tema utama:** Pengambilan keputusan dan tindakan berdasarkan firman TUHAN.

**Konteks:**

1. Pengkejadian Ahab tentang perjanjian dengan Obaja.
2. Pengambilan keputusan oleh Obaja untuk menyembunyikan orang-orang nabi.
3. Pengambilan keputusan oleh Ahab untuk mengumpulkan seluruh Israel ke gunung Karmel."
1 Raja-Raja,19,"Tema utama dari pasal Alkitab ini adalah tentang perjalanan dan pengorangan orang-orang di Israel untuk mencapai tempat suci, yaitu Gunung Allah. Konteksnya terkait dengan peristiwa-peristiwa di dalam al-Quran, seperti pedang, malaikat, dan gempa."
1 Raja-Raja,20,"**Tema utama:** Pengambilan keputusan dan perilaku yang mempengaruhi kelangsungan hidup dan keselamatan orang-orang.

**Konteks:**

* Alkitab menunjukkan cerita Benhadad, raja Aram, dan Raja Israel.
* Benhadad mengumpulkan seluruh tentaranya dan mengepung Samaria.
* Raja Israel menjawab pesan Benhadad dan menjemput segenggam penuh debu puing Samaria.
* Benhadad menyuruh orang untuk menyelidik dan membunuh semua orang yang berusaha menjebaknya."
1 Raja-Raja,21,"**Tema utama:** Pengeluaran kepadamu dan hukuman yang diterima oleh orang-orang yang menolak memberikan kepadamu dengan bayaran uang.

**Konteks:** pasal ini menunjukkan bahwa vaikka orang-orang menolak memberikan kepadamu dengan bayaran uang, mereka akan menerima hukuman dari Allah."
1 Raja-Raja,22,"**Tema utama:** Perjanjian antara Raja Israel dan Raja Aram

**Konteks:**

Perjanjian ini membahas tentang peristiwa-peristiwa yang terjadi selama tiga tahun, di mana Raja Israel memimpin pasukannya untuk menghadapi Raja Aram. Perjanjian ini menunjukkan kekuatan dan ketekunan Allah dalam melindungi negara Israel dari ancaman luar."
1 Samuel,1,"Tema utama dari pasal Alkitab ini adalah tentang hubungan antara orang-orang dan TUHAN. Konteksnya membahas tentang dua isteri, anak, dan hubungan antara mereka dengan TUHAN."
1 Samuel,2,"**Tema utama:** Kehidupan dan peran Allah dalam hidup manusia

**Konteks:** pasal ini membahas tentang kehidupan dan peran Allah dalam hidup manusia, termasuk perilaku yang tepat dan salah, dan bagaimana Allah akan menghormati dan menganjakkan orang-orang yang memenuhi syaratnya."
1 Samuel,3,"**Tema utama:** Pengkehidupan Samuel di bawah pengawasan Eli

**Konteks:**
* Samuel adalah seorang pelayan TUHAN di bawah pengawasan Eli.
* Eli mengalami masalah kesehatan dan tidak dapat melihat dengan baik.
* Samuel telah tidur di dalam bait suci TUHAN."
1 Samuel,4,"Tema utama dari pasal Alkitab ini adalah tentang tabut Allah dan pengorangan orang-orang untuk menerima pengorangan tersebut. Konteksnya terkait dengan peristiwa-peristiwa di dalam al-Quran, seperti peristiwa-peristiwa tentang orang-orang Israel dan Filistin."
1 Samuel,5,"1. Sesudah orang Filistin merampas tabut Allah, mereka membawakannya dari Eben-Haezer ke Asdod.
2. Orang Filistin mengambil tabut Allah itu dan diletakkannya di kuil Dagon.
3. Ketika orang-orang Asdod bangun pagi-pagi pada keesokan harinya, tampaklah Dagon terjatuh dengan mukanya ke tanah di hadapan tabut TUHAN."
1 Samuel,6,Tema utama dari pasal Alkitab ini adalah tentang tabut TUHAN dan pengantarannya kembali ke tempatnya. Konteksnya terkait dengan tindakan-tindakan yang dilakukan orang-orang Filistin untuk mengantarkan tabut TUHAN ke tempatnya.
1 Samuel,7,"**Tema utama:** Penghagiaan dan keselamatan orang Israel di dalam Allah.

**Konteks:** pasal ini membahas tentang perjalanan dan keselamatan orang Israel di dalam Allah, termasuk peristiwa-peristiwa yang terjadi di Mizpa, Rama, dan Betel."
1 Samuel,8,"1. Samuel mengangkat anak-anaknya laki-laki menjadi hakim atas orang Israel.
2. Nama anak-anaknya yang sulung ialah Yoel dan Abia.
3. Anak-anaknya mengejar laba, menerima suap dan memutarbalikkan keadilan.
4. Samuel menerima permintaan dari bangsa Israel untuk menjadi raja.
5. Samuel menyampaikan semua firman TUHAN kepada bangsa Israel."
1 Samuel,9,"**Tema utama:** Pengeluaran makanan dan kebutuhan dalam perjalanan

**Konteks:** pasal ini membahas tentang perjalanan Saul dan bujangnya ke kota, serta pesan yang diterima oleh Saul dari Samuel."
1 Samuel,10,"**Tema utama:** Peng escolhanya dan tanggung jawab seorang raja di Israel.

**Konteks:** pasal ini membahas tentang perjalanan Samuel dan Saul, di mana Samuel memberiInstructions kepada Saul tentang tanggung jawabnya sebagai raja."
1 Samuel,11,"**Tema utama:** Perjanjian antara orang-orang Amon dan Yabesh-Gilead.

**Konteks:** pasal ini membahas tentang perjanjian antara orang Amon dan Yabesh-Gilead, di mana Yabesh-Gilead menawarkan perjanjian kepadanya, tetapi Nahas menolak tawaran tersebut."
1 Samuel,12,"**Tema utama:** Pengkehidupan dan tugas pemimpin

**Konteks:** pasal ini membahas tentang kepemimpinan dan tanggung jawab yang diberikan kepada seorang pemimpin, serta tentang tanggung jawab Allah terhadap orang-orang yang diwarisi."
1 Samuel,13,"Tema utama dari pasal Alkitab ini adalah tentang peristiwa-peristiwa penting dalam sejarah Israel, terutama tentang pilihan dan tindakan Saul, Yonatan, dan orang Filistin. Konteksnya membahas tentang peristiwa-peristiwa yang terjadi sebelum dan setelah peristiwa-peristiwa tersebut."
1 Samuel,14,"**Tema utama:** Kejadian dan pengorangan orang-orang Israel di Israel oleh Yonatan bin Saul.

**Konteks:**

* Yonatan bin Saul berusaha menyeberang ke dekat pasukan pengawal orang Filistin.
* Namun, dia terjebak di antara dua pasukan, Bozes dan Sene.
* Yonatan akhirnya menyeberang ke arah pasukan pengawal orang Filistin dan membunuh mereka.
* Pertempuran ini menyebabkan banyak orang Israel terbunuh, termasuk Saul."
1 Samuel,15,"**Tema:** Pengkanangan Firman TUHAN

**Konteks:**

* Alkitabsistors tentang perjalanan Samuel dan Saul ke Karmel.
* Firman TUHAN tentang pengkanangan dan penangkatan orang Amalek.
* Perjalanan Samuel ke Rama dan keputusan-kedicimasnya."
1 Samuel,16,"**Tema utama:** Pengorbanan dan penangkuhan oleh TUHAN

**Konteks:**
* Perjanjian antara TUHAN dan Samuel tentang pengorbanan korban.
* Perjalanan Samuel ke Betlehem untuk mempersembahkan korban.
* Perjanjian TUHAN dengan Isai tentang penangkuhan Daud."
1 Samuel,17,"1. Orang Filistin mengumpulkan tentaranya untuk berperang dan berkumpul di Sokho dan Azeka di Efes-Damim.
2. Saul dan orang-orang Israel juga berkumpul dan berkemah di Lembah Tarbantin.
3. Orang Filistin berdiri di bukit sebelah sini dan orang Israel berdiri di bukit sebelah sana, dan lembah ada di antara mereka."
1 Samuel,18,"**Tema utama:** Kekecekan dan kekejitangan dalam hubungan antara Saul dan Daud.

**Konteks:** pasal ini menunjukkan bagaimana kekecekan dan kekejitangan dapat mempengaruhi hubungan antara dua orang, terutama ketika salah satu dari mereka merasa terjebak dalam situasi yang tidak tepat."
1 Samuel,19,"**Tema utama:** Kejahatan dan kekecewaan

**Konteks:** pasal ini membahas tentang perjalanan Saul dan Yonatan, dan bagaimana mereka berusaha untuk membunuh Daud."
1 Samuel,20,"**Tema utama:** Kekecewaan dan pengorbanan

**Konteks:** pasal ini membahas tentang perjalanan Daud dan Yonatan, di mana Daud berusaha menarik perhatian Yonatan dengan cerita tentang kesalahpahaman dan dosaku. Yonatan menolak cerita Daud dan menganggapnya sebagai ancaman."
1 Samuel,21,"**Tema utama:** Pengeluaran makanan dan kepercayaan pada Allah

**Konteks:**

Pasal ini membahas tentang perilaku Daud dan para pegawainya saat mereka menghadapi perintah dari Raja. Daud menunjukkan sikapnya dengan menjawab pertanyaan dan memberikan jawaban yang terinformatif. Selain itu, dia juga menunjukkan kepercayaannya pada Allah dengan mengikuti perintah dan menunjukkan sikapnya saat menerima makanan."
1 Samuel,22,"**Tema utama:** Pengkehidupan dan kemakian Daud di dalam kubu gunung.

**Konteks:** pasal ini membahas tentang perjalanan Daud dan para pemaju lainnya ke kubu gunung, serta peristiwa-peristiwa penting yang terjadi di kubu tersebut."
1 Samuel,23,"Tema utama dari pasal Alkitab ini adalah tentang perjalanan Daud ke Kehila dan peristiwa-peristiwa terkait. Konteksnya terkait dengan peristiwa-peristiwa di dalam Alkitab, terutama tentang perang melawan orang Filistin dan peristiwa-peristiwa setelah Daud menyelamat penduduk Kehila."
1 Samuel,24,"Tema utama pasal Alkitab ini adalah tentang peristiwa penyamak dan pengorotan orang-orang di dalam kubu. Konteksnya terkait dengan cerita tentang Saul dan Daud, di mana Saul berusaha menjebak Daud dan orang-orangnya di kubu gunung."
1 Samuel,25,"**Tema utama:** Pengorotasi dan kekecekan terhadap Allah

**Konteks:**

Pasal ini membahas tentang dua peristiwa penting di dalam sejarah Israel: pengorotasi Samuel dan pengorotasi Daud. Pengorotasi Samuel menunjukkan bahwa Allah memilih Samuel sebagai pemimpin Israel, sedangkan pengorotasi Daud menunjukkan bahwa Allah memilih Daud sebagai pemimpin Israel setelah Samuel."
1 Samuel,26,"**Tema utama:** Penghajaran dan Penyajian

**Konteks:** pasal ini membahas tentang perjalanan Daud ke tempat perkemahan Saul dan tentang pesan-pesan yang disampaikan oleh Daud kepada Abisai dan Ahimelekh."
1 Samuel,27,"1. Daud berpikir tentang binasa oleh tangan Saul dan berusaha mencari tempat untuk bersembunyi.


2. Daud dan orang-orangnya pergi ke Gat dan menetap di tempat yang disediakan oleh Akhis.


3. Daud memilih untuk tinggal di daerah orang Filistin selama satu tahun empat bulan."
1 Samuel,28,"**Tema utama:** Perjanjian antara Daud dan Akhis

**Konteks:**
* Perjanjian ini membahas tentang hubungan antara Daud dan Akhis, yang menunjukkan bahwa Daud telah menerima perintah dari TUHAN untuk membunuh Akhis.
* Perjanjian ini juga membahas tentang tanggung jawab dan ketaatan yang diberikan oleh TUHAN kepada Daud."
1 Samuel,29,"**Tema utama:** Pengnuansa pesan Alkitab tentang perilaku dan sikap orang-orang Filistin.

**Konteks:** pasal ini membahas tentang perilaku dan sikap para panglima orang Filistin, terutama Daud, dalam hubungannya dengan Raja Israel."
1 Samuel,30,"**Tema utama:** Peng consiguiente dan ketetapan orang Israel setelah peristiwa di Ziklag.

**Konteks:** pasal ini menunjukkan bahwa orang-orang yang tersampun di Ziklag dan di sekitarnya telah terpengaruh oleh peristiwa yang terjadi dan telah menerima perintah dari Daud."
1 Samuel,31,"1. Pertempuran melawan orang Israel di pegunungan Gilboa menyebabkan banyak orang Israel terbunuh.
2. Saul terus mengejar dan menewaskan anak-anaknya, tetapi akhirnya dia terjatuhkan oleh pembawa senjatanya.
3. Saul dan anak-anaknya terbunuh dalam pertempuran terakhir mereka di pegunungan Gilboa."
1 Tawarikh,1,"**Tema utama:** Keturunan dan asal-asal orang-orang penting di Israel.

**Konteks:** pasal ini membahas tentang keturunan tokoh-tokoh penting di Israel, termasuk Adam, Set, Enos, Nuh, Sem, Ham, Yafet, Askenas, Difat, Togarma, Elisa, Tarsis, Filistin, Kasluhim, Kanaan, Nimrod, Misraim, Yawan, Selah, Eber, Peleg, Rehu, Almodad, Nahor, Hadoram, Dikla, Abram, Ishak, Esau, Elifas, Nahat, Zerah, Syama, Lotan, Hamran, Disyon, Ezer, Us, Aran, Belah bin Beor, Yobab, Husyam, Hadad, Samla, Saul, Baal-Hanan, Hadad, Timna, Alya, Yetet, Oholibama, Ela, Pinon, Kenas, Teman, Mibzar, Magdiel, dan Iram."
1 Tawarikh,2,"1. Anak-anak Israel memiliki 12 orang anak.
2. Keturunan Karmi dan Etan adalah dua orang.
3. Keturunan Makhir, Bapa Gilead, dan anak-anaknya memiliki 10 orang."
1 Tawarikh,3,"**Tema utama:** Pengkajian tentang anak-anak Daud di Hebron.

**Konteks:** pasal ini membahas tentang sejarah dan keturunan anak-anak Daud di Hebron, termasuk anak-anak dari gundik-gundik, serta keturunan beberapa tokoh penting di Israel."
1 Tawarikh,4,"**Tema utama:** Kehidupan dan asal-asal keluarga dalam Alkitab

**Konteks:** pasal ini membahas tentang anak-anak Yehuda, termasuk Peres, Hezron, Karmi, Hur, Syobal, Yahat, Ahumai, Lahad, Yizreel, Isma, Idbas, Pnuel, Gedor, Husa, Tekoa, Hela, Naara, Zeret, Yezohar, Etnan, Anub, Hazobeba, Aharhel, Yabes, Yara, Mehir, Eston, Ir-Nahas, Kenas, Otniel, Seraya, Ofra, Yoab, Lembah Tukang-tukang, Iru, Ela, Naam, Kenas, Yeter, Mered, Efer, Yalon, Amnon, Rina, Benhanan, Tilon, Zohet, Ben-Zohet, Hamuel, Zakur, Simei, Asaya, Adiel, Yesimiel, Benaya, Ziza, Pelaca, Nearya, Refaya, Uziel, dan Amalek."
1 Tawarikh,5,"**Tema utama:** Kehidupan dan peran anak-anak Israel di dalam sejarah

**Konteks:** pasal ini membahas tentang anak-anak Israel, terutama anak-anak Ruben, dan bagaimana mereka berperan dalam sejarah."
1 Tawarikh,6,"1. Anak-anak Lewi ialah Gerson, Kehat dan Merari.
2. Anak-anak Kehat ialah Amram, Yizhar, Hebron dan Uziel.
3. Anak-anak Amram ialah Harun, Musa dan Miryam.
4. Eleazar memperanakkan Pinehas; Pinehas memperanakkan Abisua;
5. Abisua memperanakkan Buki; Buki memperanakkan Uzi;
6. Uzi memperanakkan Zerahya; Zerahya memperanakkan Merayot;
7. Merayot memperanakkan Amarya; Amarya memperanakkan Ahitub;
8. Ahitub memperanakkan Zadok; Zadok memperanakkan Salum;
9. Salum memperanakkan Hilkia; Hilkia memperanakkan Azarya;
10. Yohanan memperanakkan Azarya; dialah yang memegang jabatan imam di Bait Suci yang didirikan Salomo di Yerusalem.
11. Azarya memperanakkan Amarya; Amarya memperanakkan Ahitub;
12. Ahitub memperanakkan Zadok; Zadok memperanakkan Salum;
13. Salum memperanakkan Hilkia; Hilkia memperanakkan Azarya;
14. Azarya memperanakkan Seraya; Seraya memperanakkan Yozadak;
15. Yozadak turut diangkut ketika TUHAN membiarkan orang Yehuda dan Yerusalem diangkut ke dalam pembuangan oleh Nebukadnezar.
16. Anak-anak Lewi ialah Gerson, Kehat dan Merari.
17. Inilah nama anak-anak Gerson: Libni dan Simei.
18. Anak-anak Kehat ialah Amram, Yizhar, Hebron dan Uziel.
19. Anak-anak Merari ialah Mahli dan Musi. Inilah kaum-kaum suku Lewi dalam puak-puak mereka:
20. dari pada Gerson ialah Libni, anaknya, dan anak orang ini ialah Yahat, dan anak orang ini ialah Zima,
21. dan anak orang ini ialah Yoah, dan anak orang ini ialah Ido, dan anak orang ini ialah Zerah, dan anak orang ini ialah Yeatrai.
22. Keturunan Kehat ialah Aminadab, anaknya, dan anak orang ini ialah Korah, dan anak orang ini ialah Asir,
23. dan anak orang ini ialah Elkana, dan anak orang ini ialah Ebyasaf, dan anak orang ini ialah Asir,
24. dan anak orang ini ialah Tahat, dan anak orang ini ialah Uriel, dan anak orang ini ialah Uzia, dan anak orang ini ialah Saul.
25. Anak-anak Elkana ialah Amasai dan Ahimot,
26. dan anak orang ini ialah Elkana, dan anak orang ini ialah Zofai, dan anak orang ini ialah Nahat,
27. dan anak orang ini ialah Eliab, dan anak orang ini ialah Yeroham, dan anak orang ini ialah Elkana.
28. Anak-anak Samuel ialah Yoel, anak sulung dan anak yang kedua ialah Abia.
29. Keturunan Merari ialah Mahli, dan anak orang ini ialah Libni, anak orang ini ialah Simei, dan anak orang ini ialah Uza,
30. dan anak orang ini ialah Simea, dan anak orang ini ialah Hagia, dan anak orang ini ialah Asaya.
31. Inilah orang-orang yang ditugaskan oleh Daud memimpin nyanyian di rumah TUHAN sejak tabut itu mendapat tempat perhentian.
32. Di hadapan Kemah Pertemuan, mereka melayani sebagai penyanyi sampai Salomo mendirikan rumah TUHAN di Yerusalem. Mereka melakukan tugas jabatannya sesuai dengan peraturannya.
33. Inilah orang-orang yang memegang tugas itu dengan anak-anak mereka: dari bani Kehat ialah Heman, penyanyi itu, anak Yoel bin Samuel
34. bin Elkana bin Yeroham bin Eliel bin Toah
35. bin Zuf bin Elkana bin Mahat bin Amasai
36. bin Elkana bin Yoel bin Azaria bin Zefanya
37. bin Tahat bin Asir bin Ebyasaf bin Korah
38. bin Yizhar bin Kehat bin Lewi bin Israel.
39. Kemudian di sebelah kanannya berdiri Asaf, saudara sesukunya, yaitu Asaf bin Berekhya bin Simea
40. bin Mikhael bin Baaseya bin Malkia
41. bin Etai bin Zerah bin Adaya
42. bin Etan bin Zima bin Simei
43. bin Yahat bin Gerson bin Lewi.
44. Di sebelah kiri berdiri dari bani Merari, saudara-saudara sesuku mereka, Etan bin Kisi bin Abdi bin Malukh
45. bin Hasabya bin Amazia bin Hilkia
46. bin Amzi bin Bani bin Semer
47. bin Mahli bin Musi bin Merari bin Lewi.
48. Saudara-saudara sesuku mereka, orang-orang Lewi yang lain, diserahkan melakukan segala pekerjaan di Kemah Suci, rumah Allah.
49. Tetapi Harun dan anak-anaknya berkewajiban membakar korban di atas mezbah korban bakaran dan di atas mezbah pembakaran ukupan, dan melakukan segala pekerjaan di tempat maha kudus serta mengadakan pendamaian bagi orang Israel, tepat seperti yang diperintahkan Musa, hamba Allah itu.
50. Inilah keturunan Harun: Eleazar, anaknya, dan anak orang ini ialah Pinehas, dan anak orang ini ialah Abisua,
51. dan anak orang ini ialah Buki, dan anak orang ini ialah Uzi, dan anak orang ini ialah Zerahya
52. dan anak orang ini ialah Merayot, dan anak orang ini ialah Amarya, dan anak orang ini ialah Ahitub,
53. dan anak orang ini ialah Zadok, dan anak orang ini ialah Ahimaas.
54. Inilah tempat-tempat kediaman mereka menurut tempat-tempat perkemahan mereka di daerah mereka: kepada keturunan Harun yang termasuk kaum orang Kehat--karena bagi merekalah undian yang pertama--
55. kepada mereka diberikan Hebron di tanah Yehuda dengan tanah-tanah penggembalaan di sekelilingnya,
56. tetapi tanah ladang kota tadi dengan desa-desanya telah diberikan kepada Kaleb bin Yefune.
57. Kepada keturunan Harun diberikan Hebron kota perlindungan itu, kemudian Libna dengan tanah-tanah penggembalaannya, dan Yatir, lalu Estemoa dengan tanah-tanah penggembalaannya;
58. Hilen dengan tanah-tanah penggembalaannya, Debir dengan tanah-tanah penggembalaannya;
59. Asan dengan tanah-tanah penggembalaannya, dan Bet-Semes dengan tanah-tanah penggembalaannya;
60. dan dari suku Benyamin: Geba dengan tanah-tanah penggembalaannya, Alemet dengan tanah-tanah penggembalaannya dan Anatot dengan tanah-tanah penggembalaannya. Seluruhnya kota-kota itu ada tiga belas yang dibagikan di antara kaum-kaum mereka.
61. Keturunan Gerson mendapat dari kaum suku Manasye yang setengah itu; Golan yang di Basan dengan tanah-tanah penggembalaannya, lalu Asytarot dengan tanah-tanah penggembalaannya;
62. dari suku Isakhar: Kedesh dengan tanah-tanah penggembalaannya; Daberat dengan tanah-tanah pengembalaannya,
63. Ramot dengan tanah-tanah penggembalaannya dan Anem dengan tanah-tanah penggembalaannya;
64. dari suku Asyer: Masal dengan tanah-tanah penggembalaannya, Abdon dengan tanah-tanah penggembalaannya,
65. Hukok dengan tanah-tanah penggembalaannya dan Rehob dengan tanah-tanah penggembalaannya;
66. dari suku Naftali: Kedesh yang di Galilea dengan tanah-tanah penggembalaannya, Hamon dengan tanah-tanah penggembalaannya dan Kiryataim dengan tanah-tanah penggembalaannya.
67. Keturunan Merari yang selebihnya mendapat dari suku Zebulon: Rimono dengan tanah-tanah penggembalaannya dan Tabor dengan tanah-tanah penggembalaannya;
68. dan di seberang sungai Yordan dekat Yerikho, di sebelah timur sungai Yordan, diberikan dari suku Ruben: Bezer yang di padang gurun dengan tanah-tanah penggembalaannya, Yahas dengan tanah-tanah penggembalaannya,
69. Kedemot dengan tanah-tanah penggembalaannya dan Mefaat dengan tanah-tanah penggembalaannya;
70. dan dari suku Gad: Ramot di Gilead dengan tanah-tanah penggembalaannya, Mahanaim dengan tanah-tanah penggembalaannya,
71. Hesybon dengan tanah-tanah penggembalaannya dan Yaezer dengan tanah-tanah penggembalaannya."
1 Tawarikh,7,"**Tema utama:** Keturunan dan asal-asal tokoh-tokoh dalam Alkitab

**Konteks:** pasal ini membahas tentang keturunan dan asal-asal tokoh-tokoh dalam Alkitab, termasuk anak-anak Tola, Uzi, Belah, Asriel, dan Yusuf bin Israel."
1 Tawarikh,8,"1. Benyamin memperanakkan anak-anak Asybel, Ahrah, dan Adar.
2. Noha memperanakkan anak-anak Rafa dan Gera.
3. Anak-anak Elpaal, Eber, Misam, dan Semed membangun kota Ono dan Lod.
4. Abisua, Naaman, Ahoah, dan Saharaim mendapat anak di daerah Moab.
5. Gera, Sefufan, dan Huram adalah anak-anak Beria."
1 Tawarikh,9,"**Tema utama:** Pengenalan tentang para penunggu pintu gerbang di Yerusalem

**Konteks:** pasal ini membahas tentang sejarah dan peran para penunggu pintu gerbang di Yerusalem, serta tugas dan peran mereka."
1 Tawarikh,10,"1. Orang Filistin berperang melawan orang Israel, dan banyak orang Israel yang mati terbunuh di pegunungan Gilboa.


2. Orang Filistin terus mengejar Saul dan anak-anaknya, dan menewaskan Yonatan, Abinadab dan Malkisua, anak-anak Saul.


3. Pertempuran antara Saul dan pemanah menjadi semakin berat, dan akhirnya Saul terjatuhkan ke atas pedangnya."
1 Tawarikh,11,"**Tema utama:** Pengikapan Alkitab tentang peristiwa-peristiwa penting di Israel

**Konteks:** Alkitab menunjukkan peristiwa-peristiwa penting di Israel, termasuk pengikapan darah, pengangkuan, perjanjian, dan peristiwa-peristiwa lainnya yang membentuk sejarah Israel."
1 Tawarikh,12,"**Tema utama:** Penghajaran dan bantuan kepada Daud di Ziklag

**Konteks:**
* Penghajaran oleh para pahlawan yang membantu Daud dalam perang.
* Perjanjian antara Daud dan para pahlawan.
* Sebuah cerita tentang bantuan dan tanggung jawab."
1 Tawarikh,13,"1. Daud berunding dengan pemimpin-pemimpin pasukan Israel untuk menjemput tabut Allah.
2. Daud mengumpulkan semua orang Israel dari sungai Sikhor di Mesir sampai ke jalan yang menuju Hamat untuk menjemput tabut Allah.
3. Daud menjadi marah karena TUHAN telah menyambar Uza demikian hebatnya, sehingga tempat itu disebut orang Peres-Uza."
1 Tawarikh,14,"1. Alkitab memberi informasi tentang peristiwa-peristiwa penting di Israel, termasuk pembangunan istana baginya oleh Hiram, pengangkatan Daud sebagai raja, dan kelahiran anak-anak.


2. Alkitab menjelaskan bahwa martabat pemerintahan Daud terangkat tinggi oleh karena Israel umat-Nya.


3. Alkitab membahas tentang peristiwa-peristiwa setelah kelahiran anak-anak Daud di Yerusalem, termasuk penyerbuan orang Filistin dan pembanjir para orang Israel."
1 Tawarikh,15,Tema utama dari pasal Alkitab ini adalah tentang tugas pengangkatan tabut Allah oleh para imam dan pemimpin orang Lewi. Konteksnya terkait dengan perintah Allah untuk orang-orang Lewi untuk mengangkat tabut Allah dan menyelenggarakannya sampai selama-lamanya.
1 Tawarikh,16,"**Tema utama:** Pengkehidupan dan peran Allah dalam sejarah Israel

**Konteks:** pasal ini membahas tentang peristiwa-peristiwa penting dalam sejarah Israel, di mana Allah berperan sebagai pembela, pencipta, dan pemimpin bagi bangsa Israel."
1 Tawarikh,17,"Tema utama dari pasal Alkitab tersebut adalah tentang tanggung jawab dan peran Allah dalam hidup manusia. Konteksnya membahas tentang hubungan antara Allah, manusia, dan keturunan."
1 Tawarikh,18,"**Tema utama:** Perjalanan Daud di Israel

**Konteks:**
* Perjalanan Daud bertujuan untuk menegakkan keadilan dan kebenaran bagi seluruh bangsanya.
* Dia merebut banyak harta dan kekuatan untuk mendukung pasukannya.
* Perjalanan Daud menunjukkan kekuatan dan kemampanannyanya."
1 Tawarikh,19,"1. Sesudah Nahas menjadi raja, Daud mengirim utusan untuk menyampaikan pesan turut berdukacita kepadanya.
2. Hanun menyuruh menangkap pegawai-pegawai Daud dan memotong pakaian mereka pada bagian tengah sampai pangkal paha mereka.
3. Yoab maju dengan segenap tentara dan pahlawan, sedangkan Bani Amon mengirim utusan-utusan dan menyuruh orang Aram maju berperang di bawah pimpinan Sofakh.
4. Orang-orang Israel bertempur melawan orang Aram, tetapi orang Aram itu lari dari hadapan orang Israel."
1 Tawarikh,20,"1. Pergantian tahun, Yoab membawa keluar bala tentaranya dan menjebak negeri bani Amon.
2. Daud mengambil mahkota dari kepala raja mereka dan menanamnya pada kepala Daud.
3. Penduduk kota-kota bani Amon dipaksanya bekerja dengan gergaji, penggerek besi dan kapak.
4. Timbullah pertempuran melawan orang Filistin di Gezer.
5. Pertempuran melawan orang Filistin, Elhanan bin Yair menewaskan Lahmi.
6. Pertempuran di Gat; seorang tinggi perawakannya yang tangannya dan kakinya masing-masing berjari enam.
7. Yonatan, anak Simea kakak Daud, menewaskannya.
8. Orang-orang ini termasuk keturunan raksasa di Gat, dan mereka tewas oleh tangan Daud dan oleh tangan orang-orangnya."
1 Tawarikh,21,"**Tema utama:** Penghitungan orang Israel dan masalah yang terkait dengannya.

**Konteks:** pasal ini membahas tentang penghitungan orang Israel dan masalah yang terkait dengannya, seperti ketidaksetujuan dan kekecewaan."
1 Tawarikh,22,"**Tema utama:** Pengconstruction Rumah TUHAN di Israel

**Konteks:** pasal ini membahas tentang perintah Daud kepada Salomo, anaknya, untuk membangun rumah bagi TUHAN di Israel."
1 Tawarikh,23,"**Tema utama:** Pengangkatan dan tugas anak-anak dalam rumah TUHAN

**Konteks:** pasal Alkitab yang diberikan membahas tentang pengangkatan dan tugas anak-anak dalam rumah TUHAN."
1 Tawarikh,24,"1. Inilah rombongan-rombongan anak-anak Harun, Nadab, Abihu, Eleazar dan Itamar.
2. Daud dan Zadok membagi-bagi mereka menurut jabatan mereka dalam penyelenggaraan ibadah.
3. Anak-anak Harun, Nadab, Abihu, Eleazar dan Itamar mendapat tugas berdasarkan puak mereka."
1 Tawarikh,25,"Tema utama dari pasal Alkitab ini adalah tentang sejarah dan peran orang-orang dalam ibadah Daud dan para panglima. Konteksnya membahas tentang keadaan banci Asaf, Yedutun, dan Heman, serta sejarah dan peran mereka dalam kegiatan ibad."
1 Tawarikh,26,"Tema utama dari pasal Alkitab ini adalah tentang tentang rombongan para penunggu pintu dan tugas mereka di rumah TUHAN. Konteksnya adalah tentang orang-orang yang menjadi penunggu pintu, dan tugas dan peran mereka dalam melayani Allah."
1 Tawarikh,27,"**Tema utama:** Pengangguhan dan jumlah orang-orang yang berumur dua puluh tahun ke bawah di Israel.

**Konteks:** pasal ini membahas tentang jumlah orang-orang yang berumur dua puluh tahun ke bawah di Israel dan bagaimana mereka diangguhan dalam kitab sejarah."
1 Tawarikh,28,"Tema utama pasal Alkitab ini adalah tentang pilihan dan tanggung jawab seorang pemimpin, Daud, untuk membangun rumah perhentian untuk tabut perjanjian TUHAN. Konteksnya terkait dengan tugas dan tanggung jawab seorang pemimpin untuk memimpin dan mewariskan negeri Israel."
1 Tawarikh,29,"**Tema utama:** Pengorikan terhadap nilai dan peran Allah dalam hidup manusia.

**Konteks:** pasal Alkitab ini membahas tentang nilai dan peran Allah dalam kehidupan manusia, terutama bagi Raja Daud."
1 Tesalonika,1,"1. Alkitab memberi ringkasan tentang hubungan antara para penyamak Tesalonika dan Allah.
2. Alkitab memberi ringkasan tentang hubungan antara orang-orang yang berakhi pada Allah dan Allah.
3. Alkitab memberi ringkasan tentang hubungan antara pekerjaan iman dan Allah.
4. Alkitab memberi ringkasan tentang pilihan Allah untuk para penyamak.
5. Alkitab memberi ringkasan tentang kekuatan Roh Kudus dalam bekerja di antara orang.
6. Alkitab memberi ringkasan tentang penindasan yang diterima oleh Allah.
7. Alkitab memberi ringkasan tentang peran penyamak Tesalonika sebagai teladan bagi orang-orang yang percaya.
8. Alkitab memberi ringkasan tentang luasnya penginjangan Allah.
9. Alkitab memberi ringkasan tentang cerita tentang perjalanan para penyamak.
10. Alkitab memberi ringkasan tentang penangkuhan Jesus sebagai menyelamat dari murka."
1 Tesalonika,2,"1. Kedatangan kami di antaramu bukan sia-sia, tetapi merupakan tanda-tanda dari Allah.
2. Namun, meskipun kita telah dianiaya dan dihina di Filipi, kami tetap bertekankan pada Allah dan berusaha memberitakan Injil Allah.
3. Kami berlaku ramah dan ramah di antara satu sama lain, seperti ibu yang mengasuh dan merawati anak-anaknya.
4. Kami berlaku rela dan hidup bersama Allah, bukan untuk menyukakan manusia, melainkan untuk menyukakan Allah.
5. Kami berlaku dengan penuh kasih sayang dan saling mendukung satu sama lain."
1 Tesalonika,3,"**Tema utama:** Kehidupan setelah kematian

**Konteks:** pasal ini membahas tentang ucapan syukur yang diterima oleh Jesus dari Maria, dan bagaimana dia mendorong orang-orang untuk tetap hidup dan berdoa kepada Allah."
1 Tesalonika,4,"**Tema utama:** Pengudusan dan penghormatan terhadap orang lain

**Konteks:** pasal ini membahas tentang perilaku yang tepat dan yang sah bagi orang-orang yang hidup setelah kematian orang lain."
1 Tesalonika,5,"**Tema utama:** Kehidupan dan nilai diri manusia

**Konteks:** pasal ini membahas tentang pentingnya hidup dengan tujuan dan makna, serta tentang bagaimana kita dapat mencapai tujuan tersebut."
1 Timotius,1,"**Tema utama:** Pengenalan nilai dan tujuan dari Alkitab

**Konteks:** pasal ini membahas tentang nilai-nilai dan tujuan hidup yang tersembunyi di dalam Alkitab, serta bagaimana mereka dapat diterapkan untuk mencapai tujuan hidup yang lebih besar."
1 Timotius,2,"1. Alkitab memberi pengajaran tentang menasihatkan orang-orang dengan permohonan, doa, dan ucapan syukur.
2. Alkitab memberi pengajaran tentang hidup tenang dan tenteram di segala kesalehan dan kehormatan.
3. Alkitab memberi pengajaran tentang kesaksian dan pengajaran yang dilakukan oleh Allah."
1 Timotius,3,"1. Perkataan ini membahas tentang peran dan tanggung jawab penilik jemaat.
2. Konteks ini membahas tentang perilaku dan karakteristik yang diharapkan dari seorang penilik jemaat.
3. Konteks ini membahas tentang tanggung jawab dan perilaku yang diharapkan dari kepala keluarga."
1 Timotius,4,"1. Alkitab menyatakan tentang orang-orang yang akan mengikuti roh penyesat dan ajaran setan-setan.
2. Alkitab membahas tentang tipu daya pendusta-pendusta dan cap mereka yang dipakai untuk menyalakan orang.
3. Alkitab menjelaskan tentang perilaku yang disalut untuk menyalakan orang dan menyamak Allah."
1 Timotius,5,"**Tema utama:** Pengelolaan hubungan dan perilaku janda-janda.

**Konteks:** pasal ini membahas tentang bagaimana janda-janda harus perilaku dengan benar dan bagaimana mereka harus berakui dengan kenyataan."
1 Timotius,6,"1. Perjanjian Alkitab tentang tanggung jawab dan penghormatan terhadap Allah.
2. Perjanjian tentang perbedaan antara hubungan yang benar dan salah, dan manfaat dari hubungan yang benar.
3. Perjanjian tentang manfaat hidup yang terbarukan dan hubungan dengan Allah."
1 Yohanes,1,"1. Ringkasan tema utama adalah tentang Firman hidup dan bagaimana kita dapat memperolehnya.
2. Konteks dari pasal adalah tentang kehidupan kekal dan bagaimana kita dapat memperolehnya.
3. Ringkasan tema utama adalah tentang persekutuan dengan Bapa dan Anak-Nya, Yesus Kristus."
1 Yohanes,2,"**Tema utama:** Pengenalan tentang Allah dan singkatannya

**Konteks:** pasal ini membahas tentang singkatan Allah, yaitu ""Kristus"", dan bagaimana singkatan itu mewakili Allah."
1 Yohanes,3,"**Tema utama:** Pengafkan terhadap dosa dan hubungan dengan Allah

**Konteks:** pasal ini membahas tentang hubungan antara orang-orang yang berbuat dosa dan orang-orang yang tetap di dalam Allah. Selain itu, ia juga membahas tentang peran Allah dalam menghapus dosa dan memberikan kasih kepada orang-orang."
1 Yohanes,4,"**Tema utama:** Pengafalan terhadap kepercayaan pada setiap Roh

**Konteks:** pasal ini membahas tentang Roh Allah dan bagaimana orang dapat mengetahui kebenarannya."
1 Yohanes,5,"**Tema utama:** Kesaksian dan Pengorangan dalam Alkitab

**Konteks:** pasal ini membahas tentang kesaksian dan pengorangan yang diberikan kepada manusia oleh Allah, serta bagaimana mereka terkait dengan kehidupan dan keselamatan kita."
2 Korintus,1,"1. Alkitab memberi pesan tentang hubungan antara manusia dan Allah, serta tentang manfaat dari menerima penghiburan dari Allah.
2. Alkitab memberi pesan tentang kekuatan dan keselamatan yang diperoleh dari hubungan dengan Allah.
3. Alkitab memberi pesan tentang pentingnya hidup yang kita peroleh dari Allah, dan bagaimana kita dapat memperoleh penghiburan dari Allah.
4. Alkitab memberi pesan tentang kekuatan dan keselamatan yang diperoleh dari hubungan dengan Allah, dan bagaimana kita dapat memperoleh penghiburan dari Allah.
5. Alkitab memberi pesan tentang manfaat dari bagian-bagian yang kita terima dari Allah, dan bagaimana kita dapat memperoleh penghiburan dari Allah.
6. Alkitab memberi pesan tentang manfaat dari hidup yang kita peroleh dari Allah, dan bagaimana kita dapat memperoleh penghiburan dari Allah.
7. Alkitab memberi pesan tentang hubungan antara manusia dan Allah, dan bagaimana kita dapat memperoleh penghiburan dari Allah.
8. Alkitab memberi pesan tentang penderitaan dan keselamatan yang diperoleh dari hubungan dengan Allah.
9. Alkitab memberi pesan tentang kekuatan dan keselamatan yang diperoleh dari hubungan dengan Allah, dan bagaimana kita dapat memperoleh penghiburan dari Allah.
10. Alkitab memberi pesan tentang manfaat dari hidup yang kita peroleh dari Allah, dan bagaimana kita dapat memperoleh penghiburan dari Allah.
11. Alkitab memberi pesan tentang manfaat dari hubungan kita dengan Allah, dan bagaimana kita dapat memperoleh penghiburan dari Allah.
12. Alkitab memberi pesan tentang kekuatan dan keselamatan yang diperoleh dari hubungan dengan Allah, dan bagaimana kita dapat memperoleh penghiburan dari Allah.
13. Alkitab memberi pesan tentang pentingnya menuliskan apa yang dapat kita baca dan memahami dari Allah.
14. Alkitab memberi pesan tentang kekuatan dan keselamatan yang diperoleh dari hubungan dengan Allah, dan bagaimana kita dapat memperoleh penghiburan dari Allah.
15. Alkitab memberi pesan tentang manfaat dari hubungan kita dengan Allah, dan bagaimana kita dapat memperoleh penghiburan dari Allah.
16. Alkitab memberi pesan tentang kekuatan dan keselamatan yang diperoleh dari hubungan dengan Allah, dan bagaimana kita dapat memperoleh penghiburan dari Allah.
17. Alkitab memberi pesan tentang hubungan antara manusia dan Allah, dan bagaimana kita dapat memperoleh penghiburan dari Allah.
18. Alkitab memberi pesan tentang janji yang diberikan oleh Allah, dan bagaimana kita dapat memperoleh janji dari Allah.
19. Alkitab memberi pesan tentang kekuatan dan keselamatan yang diperoleh dari hubungan dengan Allah, dan bagaimana kita dapat memperoleh penghiburan dari Allah.
20. Alkitab memberi pesan tentang manfaat dari hubungan kita dengan Allah, dan bagaimana kita dapat memperoleh penghiburan dari Allah.
21. Alkitab memberi pesan tentang hubungan antara manusia dan Allah, dan bagaimana kita dapat memperoleh penghiburan dari Allah.
22. Alkitab memberi pesan tentang tanda-tanda Allah, dan bagaimana kita dapat memperoleh Roh Kudus di dalam hati kita.
23. Alkitab memberi pesan tentang hubungan antara manusia dan Allah, dan bagaimana kita dapat memperoleh penghiburan dari Allah.
24. Alkitab memberi pesan tentang kekuatan dan keselamatan yang diperoleh dari hubungan dengan Allah, dan bagaimana kita dapat memperoleh penghiburan dari Allah."
2 Korintus,2,"**Tema utama:** Ketakutan dan tanggung jawab terhadap orang lain

**Konteks:** pasal ini membahas tentang makna dan tanggung jawab yang terkait dengan hubungan dan kepercayaan antara orang."
2 Korintus,3,"1. Alkitab menitikberatkan pada hubungan antara diri dan Allah, dan bagaimana Allah menunjukkan kepeduliannya kepada manusia.


2. Alkitab menyatakan bahwa surat-surat pujian adalah tanda-tanda Allah, dan bagaimana Allah menggunakan surat-surat itu untuk mengwariskan pesan-pesan.


3. Alkitab menjelaskan tentang kunci-kunci yang digunakan dalam penulisan surat-surat, dan bagaimana kunci-kunci tersebut menunjukkan bahwa Allah adalah Roh.


4. Alkitab menyatakan bahwa keyakinan kepada Allah adalah kunci utama bagi keselamatan, dan bagaimana keyakinan itu menunjukkan bahwa Allah adalah Roh.


5. Alkitab menjelaskan tentang hubungan antara pelayanan Roh dan hukum, dan bagaimana pelayanan Roh dapat mengatasi hukum tertulis.


6. Alkitab menyatakan bahwa Allah menciptakan kita untuk menjadi pelayan-pelayan, bukan untuk mengikuti hukum tertulis.


7. Alkitab menjelaskan tentang hubungan antara kemuliaan dan keselamatan, dan bagaimana kemuliaan yang diterima oleh Allah menunjukkan bahwa Allah adalah Roh.


8. Alkitab menyatakan bahwa kemuliaan Roh adalah lebih besar daripada kemuliaan manusia, dan bagaimana itu menunjukkan bahwa Allah adalah Roh.


9. Alkitab menjelaskan tentang hubungan antara pelayanan Roh dan pembenaran, dan bagaimana pelayanan Roh lebih mulia daripada pelayanan manusia.


10. Alkitab menyatakan bahwa apa yang dulu dianggap mulia, jika dibandingkan dengan kemuliaan yang mengatasi segala sesuatu ini, sama sekali tidak mempunyai arti.


11. Alkitab menjelaskan tentang hubungan antara kemuliaan dan keselamatan, dan bagaimana kemuliaan yang diterima oleh Allah menunjukkan bahwa Allah adalah Roh.


12. Alkitab menyatakan bahwa kita bertindak dengan penuh keberanian, karena kita memilikiExplicación yang sempurna tentang Allah.


13. Alkitab menjelaskan tentang hubungan antara pikiran dan cahaya, dan bagaimana pikiran yang tersemangat oleh Allah dapat melihat cahaya.


14. Alkitab menyatakan bahwa pikiran orang-orang Israel tersembunyi dari cahaya, karena mereka membaca perjanjian lama tanpa disingkapkan.


15. Alkitab menjelaskan tentang selubung hati dan pikiran, dan bagaimana selubung hati dan pikiran dapat menutupi hati orang-orang Israel dari melihat pesan-pesan.


16. Alkitab menyatakan bahwa hati yang berbalik kepada Tuhan dapat diubah kembali dengan kemuliaan, dan bagaimana selubung hati dan pikiran dapat diambil dari padanya.


17. Alkitab menjelaskan tentang hubungan antara Roh dan kemuliaan, dan bagaimana Roh adalah kunci dari kemuliaan.


18. Alkitab menyatakan bahwa kita mencerminkan kemuliaan Tuhan dengan muka yang tidak berselubung, dan bagaimana kemuliaan itu datang dari Roh."
2 Korintus,4,"**Tema utama:** Pengakuan dosa dan penyerahan diri kepada Allah.

**Konteks:** pasal ini membahas tentang pernyataan- pernyataan tentang dosa dan penyerahan diri manusia kepada Allah, serta bagaimana pernyataan- pernyataan tersebut dapat membantu mereka mencapai keselamatan."
2 Korintus,5,"**Tema utama:** Pengyakunan dan kepercayaan dalam hidup setelah kematian.

**Konteks:** pasal ini membahas tentang pengalaman orang-orang setelah kematian, bahwa mereka masih dapat beryakini dan percaya pada Allah, meskipun mereka sudah meninggal."
2 Korintus,6,"**Tema utama:** Pengorikan terhadap nilai dan makna hidup manusia.

**Konteks:** pasal ini membahas tentang berbagai topik, termasuk hubungan antara Allah dan manusia, nilai dan makna hidup, dan hubungan antara orang-orang yang percaya dan orang-orang yang tidak percaya."
2 Korintus,7,"**Tema utama:** Pengobatan dan sukacita dalam kehidupan

**Konteks:** pasal ini membahas tentang dua topik utama: pengobatan dan sukacita. Pengobatan menunjukkan bahwa meskipun kita telah menerima janji-janji, kita masih dapat mengalami kesibukan dan kesulitan. Sukacita, di sisi lain, menunjukkan bahwa meskipun kita mengalami kesulitan, kita dapat menemukan kekuatan dan dukungan dari Allah."
2 Korintus,8,"**Tema utama:** Pengorikan kasih karunia kepada jemaat-jemaat di Makedonia.

**Konteks:** pasal ini membahas tentang kasih karunia yang diberikan kepada jemaat-jemaat di Makedonia, dan bagaimana mereka dapat memperoleh kasih karunia dari Allah."
2 Korintus,9,"1. Pelayanan kepada orang-orang kudus tidak perlu lagi aku menuliskannya kepada kamu.
2. Aku telah tahu kerelaan hatimu tentang mana aku megahkan kamu kepada orang-orang Makedonia.
3. Peluang-peluang yang ada harus digunakan dengan tepat, agar kamu benar-benar siap sedia seperti yang telah kukatakan."
2 Korintus,10,"**Tema utama:** Pengakuan dan penghargaan terhadap Allah

**Konteks:** pasal Alkitab ini membahas tentang pengakuan dan penghargaan terhadap Allah, terutama melalui pernyataan-sayang tentang Allah sebagai Yang Mahakuasa, Yang Merayakan, dan Yang Berkuasa."
2 Korintus,11,"**Tema utama:** Ketakutan dan pengorangan diri

**Konteks:** pasal ini membahas tentang orang-orang yang berusaha untuk mencapai kemakmuran melalui sabotase dan pengorangan diri."
2 Korintus,13,"**Tema utama:** Kehidupan dan pesan Jesus Kristus

**Konteks:** pasal ini membahas tentang tiga topik utama:

1. Kehidupan dan pesan Jesus Kristus.
2. Pengakuan dan ujian diri.
3. Kehidupan dan pesan Allah."
2 Petrus,1,"1. Pengenalan Allah dan Yesus Kristus menjadi keselamatan bagi orang-orang.
2. Al-khatib menunjukkan bahwa kita harus berusaha untuk mencapai keselamatan dengan mengikuti jalan-jalan yang diberikan.
3. Al-khatib mengingatkan kita untuk selalu bermeditasi dan berusaha untuk meningkatkan kualitas hidup kita.
4. Al-khatib mengingatkan kita bahwa kita harus berusaha untuk mencapai tujuan hidup kita dengan penuh semangat dan kekuatan.
5. Al-khatib mengingatkan kita untuk berusaha meningkatkan hubungan kita dengan Allah."
2 Petrus,2,Tema utama dari pasal Alkitab ini adalah tentang tentang guru-guru palsu dan penghenapan mereka oleh Allah. Konteksnya adalah tentang orang-orang yang mengikuti cara hidup yang dikuasai hawa nafsu dan berusaha mencari untung dari Allah.
2 Petrus,3,"**Tema utama:** Pengyakunan dan kepedulian terhadap Allah

**Konteks:** pasal Alkitab ini membahas tentang janji-janji Allah, terutama tentang kedatangannya dan penantiannya, serta tentang tanggung jawab dan kepedulian kita terhadap Allah."
2 Raja-Raja,1,"**Tema utama:** Pengeluaran utusan-utusan untuk meminta petunjuk kepada Baal-Zebub, Allah di Ekron.

**Konteks:**
* Ahab telah mati dan Israel sedang berjembatani oleh Moab.
* Allah mengirim utusan-utusan kepada Elia untuk meminta petunjuk kepada Baal-Zebub.
* Elia kembali ke Israel dan mendapat perintah dari Allah untuk kembali ke Rama."
2 Raja-Raja,2,"**Tema utama:** Kehidupan dan keselamatan manusia

**Konteks:** pasal Alkitab ini membahas tentang perjalanan dan keselamatan manusia, serta hubungannya dengan Allah."
2 Raja-Raja,3,"Tema utama dari pasal Alkitab ini adalah tentang perjalanan dan pengorangan tiga raja Israel, yaitu Ahab, Yoram, dan Moab, untuk menyerahkan diri mereka kepada Raja Moab.

Konteksnya adalah ketika tiga raja ini berusaha untuk mencapai tujuannya, yaitu untuk mendirikan negara sendiri dan menuntut pengorangan dari Raja Moab. Namun, rencana mereka terhambat oleh berbagai tantangan, termasuk kekuatan dan ketekunan Raja Moab, serta dukungan dari para pemakam."
2 Raja-Raja,4,"**Tema utama:** Pengeluaran minyak dari bejana-bejana

**Konteks:** Pengeluaran minyak dari bejana-bejana oleh seorang perempuan yang ingin memenuhi kebutuhan anak-anaknya."
2 Raja-Raja,5,"**Tema utama:** Pengeluaran dan penangkaan oleh Naaman dari penyakit kusta.

**Konteks:**
* Naaman adalah seorang panglima raja Aram yang sangat disayangi oleh orang-orangnya.
* Orang-orang yang keluar dari bergerombolan membawa seorang anak perempuan dari negeri Israel.
* Naaman menerima pesan dari Raja Israel dan membawa dua talenta perak dan enam ribu syikal emas dan sepuluh potong pakaian."
2 Raja-Raja,6,"**Tema utama:** Pengeluaran makanan dan minuman untuk orang-orang di Israel.

**Konteks:** pasal ini menunjukkan bahwa Raja Aram sedang berperang melawan Israel, dan Elisa dan para tua-tua telah membantu mereka dengan menyediakan makanan dan minuman."
2 Raja-Raja,7,"Tema utama dari pasal Alkitab ini adalah tentang perilaku manusia dan hubungannya dengan Allah. Konteksnya membahas tentang tindakan-tindakan manusia, seperti pencerapan, pengorangan, dan pengambilan keputusan, serta hubungannya dengan Allah."
2 Raja-Raja,8,"**Tema utama:** Pengkehidupan dan peran perempuan dalam sejarah Raja Israel

**Konteks:** pasal ini membahas tentang perjalanan dan peran perempuan dalam sejarah Raja Israel, termasuk cerita tentang Elisa, Gehazi, Hazael, dan Atalya."
2 Raja-Raja,9,"**Tema utama:** Pengakut dan pengorangan orang-orang penting di Israel oleh Yehu.

**Konteks:**
* Yehu sedang bermeditasi di Yizreel.
* Ia menerima pesan dari dua orang, Izebel dan Elia, yang menjembatani tentang keadaan orang-orang penting di Israel.
* Yehu kemudian memimpin pasukannya untuk menghadapi pasukan lain."
2 Raja-Raja,10,"**Tema utama:** Pengambilan keputusan dan tindakan yang dilakukan oleh Yehu terhadap keluarga Ahab di Yizreel.

**Konteks:** Yehu menerima pesan dari pembesar kota Samaria dan para tua-tua, yang menyerukan anak-anak Ahab untuk tinggal bersama orang-orang besar di kota itu. Yehu kemudian membunuh semua orang yang masih tinggal dari keluarga Ahab dan mengumpulkan seluruh rakyat untuk mempersembahkan korban."
2 Raja-Raja,11,"1. Atalya membinasakan semua keturunan raja setelah anaknya sudah mati.
2. Yoseba menculik Yoas bin Ahazia dan menyembunyikannya di rumah TUHAN.
3. Atalya memerintah negeri selama beberapa tahun, dan Yoas menjadi raja setelah Atalya mati.
4. Para kepala pasukan seratus datang ke rumah TUHAN dan menobatkan anak raja Daud.
5. Imam Yoyada memberikan tombak-tombak dan perisai kepunyaan raja Daud kepada para pemimpin."
2 Raja-Raja,12,"Tema utama dari pasal Alkitab ini adalah tentang tanggung jawab dan peran imam dalam menjaga rumah TUHAN. Konteksnya membahas tentang tindakan-tindakan yang dilakukan oleh Yoas, Raja Yehuda, dan para imam lainnya untuk memperbaiki kerusakan rumah TUHAN."
2 Raja-Raja,13,"Tema utama dari pasal Alkitab ini adalah tentang cerita tentang Raja Yehuda dan sejarahnya. Konteksnya adalah tentang peristiwa-peristiwa penting dalam sejarah Israel, termasuk peristiwa-peristiwa tentang Raja Yehuda dan sejarahnya."
2 Raja-Raja,14,"**Tema utama:** Perkembangan dan kejayaan bangsa Israel di bawah pemerintahan Raja Yoas bin Yoahas.

**Konteks:**

* Raja Yoas bin Yoahas memimpin bangsa Israel selama dua puluh lima dan dua puluh sembilan tahun.
* Ia melakukan berbagai tindakan yang menunjukkan kekuatan dan kejayaan bangsa Israel.
* Namun, cerita menunjukkan bahwa vaikka Raja Yoas bin Yoahas memiliki kekuatan, namun dia juga menghadapi tantangan dan kegagalan."
2 Raja-Raja,15,"**Tema utama:** Pengkanangan dan penobatan Raja Yehuda

**Konteks:**

* Raja Yehuda menjadi raja pada tahun kedua puluh tujuh zaman.
* Raja Yehuda melakukan berbagai tindakan, termasuk penobatan dan pengorbanan.
* Pengkanangan dan penobatan Raja Yehuda ditulis dalam kitab sejarah raja-raja Yehuda."
2 Raja-Raja,16,"Tema utama dari pasal Alkitab ini adalah tentang cerita tentang Ahas, raja Israel, dan sejarahnya. Konteksnya adalah tentang peristiwa-peristiwa penting dalam kehidupan dan kariernya Ahas."
2 Raja-Raja,17,"**Tema utama:** Pengkanangan pesan Alkitab tentang perilaku manusia dan hubungannya dengan TUHAN.

**Konteks:**
* Perjanjian dan perintah TUHAN kepada orang Israel.
* Perjanjian yang dibuat antara TUHAN dan bangsa-bangsa.
* Pengkanangan pesan tentang perilaku manusia dan hubungannya dengan TUHAN."
2 Raja-Raja,18,"**Tema utama:** Pengorbanan dan penyalasan oleh Raja Asyur

**Konteks:**

* Raja Asyur melakukan pengorbanan terhadap orang-orang di Israel, termasuk korban bagi ular tembaga.
* Allah Israel menyertai Raja Asyur dan memberikan kepadanya berbagai hadiah, termasuk emas, perak, dan talenta.
* Raja Asyur memberi hadiah-hadiah tersebut kepada Raja Yehuda, yang kemudian diberikan kepada Hizkia."
2 Raja-Raja,19,"**Tema utama:** Pengkhotani dan penolakan Allah oleh raja Asyur

**Konteks:**
* Raja Asyur berusaha mempertahankan kekuasaan mereka dengan menjebak orang-orang yang dianggap sebagai ancaman.
* Allah menunjukkan kekuatan dan ketekunan mereka dengan menunda dan mematikan orang-orang yang berusaha untuk menjebak mereka."
2 Raja-Raja,20,Tema utama dari pasal Alkitab ini adalah tentang pesan terakhir dari nabi Yesaya bin Amos tentang keselamatan dan perlindungan dari Allah. Konteksnya membahas tentang tindakan-tindakan yang dilakukan Hizkia untuk mendapatkan keselamatannya dan menuntut perlindungan dari Allah.
2 Raja-Raja,21,"1. Manasye menjadi raja dan memerintah di Yerusalem selama 20 tahun.
2. Ia melakukan tindakan jahat di mata TUHAN untuk memperbarui bangsa Israel.
3. Ia membangun banyak mezbah-mezbah di rumah TUHAN, termasuk mezbah Asyera."
2 Raja-Raja,22,"**Tema utama:** Penghagiaan dan hukuman bagi Raja Yehuda

**Konteks:** pasal ini membahas tentang perilaku dan tindakan Raja Yehuda, serta dampaknya terhadap orang-orang di bawahnya."
2 Raja-Raja,23,"**Tema utama:** Pengkekuatan dan kekecekan Allah di tanah Yehuda dan Yerusalem.

**Konteks:**

* Perjanjian-perjanjian yang ditemukan di rumah TUHAN berisi perintah-perintah yang harus dijalankan oleh orang-orang di tanah Yehuda dan Yerusalem.
* Raja-raja Yehuda dan Yerusalem berusaha memenuhi perintah Allah dengan penuh kekuatan dan kearifan.
* Namun, usaha-usaha tersebut sering gagal, menunjukkan kekecekan dan kekeringan terhadap hukum Allah."
2 Raja-Raja,24,"1. Perjalanan Yoyakim dari Babel ke Yerusalem menyebabkan peristiwa-peristiwa yang signifikan.


2. Tuhan menyuruh gerombolan-gerombolan untuk melawan Yoyakim, tetapi Yoyakim kembali dan menjebak mereka.


3. Yoyakim mendapat perhentian bersama nenek moyangnya, Yoyakhin, dan menjadi raja menggantikannya."
2 Raja-Raja,25,"**Tema utama:** Peng consiguientean peristiwa-peristiwa di dalam Alkitab terhadap peristiwa-peristiwa selanjutnya.

**Konteks:**
* Peristiwa-peristiwa di dalam Alkitab menunjukkan perkembangan sejarah Israel dari zaman ke zaman.
* Setiap peristiwa memiliki penjelasan atau makna yang terkait dengan peristiwa lain.
* Peng consiguientean peristiwa menunjukkan hubungan dan keterlibatan orang-orang penting di dalam sejarah."
2 Samuel,1,"Tema utama dari pasal Alkitab ini adalah tentang peristiwa-peristiwa terakhir dalam hidup dan kematian Saul dan Yonatan, anak-anak perempuan Israel. Konteksnya terkait dengan peristiwa-peristiwa sebelumnya di Alkitab, seperti peristiwa pembanjir, perang, dan pengorangan."
2 Samuel,2,"**Tema utama:** Pengkehidupan dan peran Daud di antara kaum Yehuda.

**Konteks:** pasal ini membahas tentang perjalanan Daud dan kedua isterinya, Ahinoam, Abigail, dan Yizreel, serta tentang peristiwa-peristiwa penting yang terjadi di antara mereka."
2 Samuel,3,"**Tema utama:** Kejahatan dan kekecekan dalam keluarga Saul dan keluarga Daud

**Konteks:** pasal ini membahas tentang keluarga Saul dan keluarga Daud dan hubungan mereka dengan Daud."
2 Samuel,4,"1. Abner telah mati di Hebron, dan keberanian anak Saul hilang.
2. Anak-anak Rimon, Baana, dan Rekhab pergi ke rumah Isyboset dan membunuh Isyboset.
3. Anak-anak Rimon, Baana, dan Rekhab memasuki rumah Isyboset dan membunuh Isyboset."
2 Samuel,5,"**Tema utama:** Pengoveral Israel oleh Daud

**Konteks:** pasal ini membahas tentang peristiwa-peristiwa penting di dalam sejarah Israel, di mana Daud memainkan peran penting sebagai raja yang mengover Israel."
2 Samuel,6,"Tema utama dari pasal Alkitab ini adalah tentang perjalanan Daud dan seluruh kaum Israel untuk mengangku dan menjembatani tabut Allah di kota Daud. Konteksnya adalah ketika Daud mengumpulkan orang pilihan di antara orang Israel, dan kemudian perjalanan ke Baale-Yehuda untuk mengangkut tabut Allah."
2 Samuel,7,"Tema utama dari pasal Alkitab tersebut adalah tentang tanggung jawab dan peran Allah dalam melindungi dan melindungi umat-Nya. Konteksnya membahas tentang keselamatan, keturunan, dan tanggung jawab yang diberikan oleh Allah kepada keluarga dan bangsa Israel."
2 Samuel,8,"**Tema utama:** Perjalanan dan kejayaan Daud di Israel

**Konteks:** pasal ini menunjukkan perjalanan dan kejayaan Daud di Israel, termasuk peristiwa-peristiwa yang terjadi di setiap bagian negara."
2 Samuel,9,"1. Berkatalah Daud menunjukkan kasihnya kepada keluarga Saul dengan menunjukkan anak-anaknya.
2. Raja bertanya kepada Ziba tentang anak yang cacat kakinya.
3. Raja memberi makanan kepada Ziba dan anak-anaknya."
2 Samuel,10,Tema utama dari pasal Alkitab ini adalah tentang pengorotasi orang-orang yang dikirim oleh Raja Daud untuk membantu bangsa Israel. Konteksnya adalah tentang pengorotasi orang-orang untuk membantu bangsa Israel dan untuk mencegah musuh-musuh.
2 Samuel,11,"Tema utama dari pasal Alkitab ini adalah tentang peristiwa-peristiwa yang terjadi di dalam pertempuran antara Daud dan Yoab. Konteksnya adalah tentang perjalanan Daud dan Yoab, serta tentang hubungan dan kekecekan antara mereka."
2 Samuel,12,"**Tema utama:** Pengorotasi dan kekecekan manusia

**Konteks:** pasal ini membahas tentang dua orang yang mengalami pengorotasi: Natan dan Daud. Natan mengalami pengorotasi oleh orang kaya, sedangkan Daud mengalami pengorotasi oleh orang miskin."
2 Samuel,13,"**Tema utama:** Kejahatan dan kekecekan

**Konteks:** pasal Alkitab tentang Amnon bin Daud dan anak-anaknya, termasuk Tamar, Yonadab, dan Daud."
2 Samuel,14,"**Tema utama:** Pengakut dan kekecekan manusia

**Konteks:** pasal ini membahas tentang peristiwa-peristiwa di dalam Alkitab yang menunjukkan pengakut dan kekecekan manusia, serta bagaimana Allah memanfaatkan peristiwa-peristiwa tersebut untuk mengobati dosa dan menyelamat orang-orang."
2 Samuel,15,"**Tema utama:** Kekecepter dan kekecekan di antara Absalom dan Itai

**Konteks:** pasal ini membahas tentang bagaimana Absalom memanfaatkan kekecekan Itai untuk mencapai tujuannya, termasuk mendapatkan izin untuk kembali ke Hebron dan menunda pengangguhan oleh raja."
2 Samuel,16,"Tema utama pasal Alkitab ini adalah tentang hubungan antara Daud, Raja Israel, dan keluarga Mefiboset. Konteksnya adalah saat Daud melewati puncak dan bertemu dengan Ziba, Raja Israel."
2 Samuel,17,"**Tema utama:** Pengambilan keputusan dan tindakan yang dilakukan olehcharacters dalam Alkitab.

**Konteks:** pasal ini membahas tentang keputusan-kebijakan yang diambil olehcharacters, seperti Ahitofel, Absalom, Husai, dan Daud, serta tindakan mereka yang mempengaruhi cerita."
2 Samuel,18,"**Tema utama:** Kejahatan dan kekecekan

**Konteks:** pasal Alkitab yang disorotkan tentang peristiwa-peristiwa di dalam dangan Daud, Yoab, dan Ahimaas bin Zadok."
2 Samuel,19,"**Tema utama:** Kekecekan dan pengorangan diri

**Konteks:** pasal Alkitab yang disorotkan tentang Raja Absalom, yang menunjukkan bahwa meskipun Raja Absalom telah menyelamat banyak orang, namun dia tidak pernah berusaha kembali untuk mengorong dirinya dengan orang-orang yang dia salvar."
2 Samuel,20,"**Tema utama:** Kejahatan dan pengorangan orang-orang Israel di Israel.

**Konteks:** pasal ini membahas tentang peristiwa-peristiwa penting di dalam sejarah Israel, termasuk pengikutan orang-orang Yehuda dan orang-orang Israel lainnya, serta peristiwa-peristiwa setelah peristiwa tersebut."
2 Samuel,21,"Tema utama dari pasal Alkitab ini adalah tentang peristiwa-peristiwa tentang kelaparan, pengorangan, dan pengorotan orang-orang Israel. Konteksnya terkait dengan peristiwa-peristiwa tentangkelaparan, pengorangan, dan pengorotan orang-orang Amori dan Gibeon di zaman Daud."
2 Samuel,22,"**Tema utama:** Pengorotasi dan keselamatan

**Konteks:** pasal ini membahas tentang pengalaman Daud, seorang penyamak, tentang peristiwa-peristiwa yang terjadi di dalam hidupnya."
2 Samuel,23,"**Tema utama:** Kekekalan dan kejayaan

**Konteks:** pasal ini membahas tentang peristiwa-peristiwa penting dalam kehidupan Daud, termasuk pengkejadian, pengorangan, dan kemenangan."
2 Samuel,24,"**Tema utama:** Pengumpulan data dan analisis tentang jumlah orang Israel yang dapat memegang pedang dan korban keselamatan.

**Konteks:** pasal ini membahas tentang pengumpulan data tentang jumlah orang Israel yang dapat memegang pedang dan korban keselamatan, serta keputusan raja tentang siapa yang akan menjadi pemangku pengorangan."
2 Tawarikh,1,"1. Salomo menjadi kuat sebagai raja karena bantuan TUHAN.
2. Salomo memberi perintah kepada pasukan Israel untuk melakukan berbagai tugas.
3. Salomo menerima petunjuk dari Allah di depan Kemah Pertemuan."
2 Tawarikh,2,"1. Salomo membangun rumah bagi TUHAN dan istana kerajaan untuk dirinya sendiri.
2. Salomo memberi pesan kepada Huram, raja negeri Tirus untuk membangun rumah bagi TUHAN.
3. Huram mengirim orang untuk membangun rumah bagi TUHAN di Yehuda dan Yerusalem."
2 Tawarikh,3,"**Tema utama:** Pengconstruction Rumah TUHAN di Yerusalem

**Konteks:** pasal ini membahas tentang proses membangun rumah TUHAN di Yerusalem oleh Salomo, termasuk ukuran dan desain rumah, peralatan dan furnishingsnya."
2 Tawarikh,4,"Tema utama dari pasal Alkitab ini adalah tentang pembuatan berbagai macam perlengkapan untuk rumah Allah. Konteksnya meliputi penamaan dan desain perlengkapan, serta bagaimana mereka digunakan untuk keperluan ritual dan tempat mentahil."
2 Tawarikh,5,"**Tema utama:** Pengongsi dan pemujaan Tabut Perjanjian TUHAN

**Konteks:** pasal ini membahas tentang peristiwa-peristiwa penting di dalam sejarah Israel, di mana orang-orang terampil dengan tabut perjanjian TUHAN dan melakukan pengongsi dan pemujaan yang besar."
2 Tawarikh,6,"**Tema utama:** Pengkehidupan dan peran Allah dalam kehidupan manusia

**Konteks:** pasal ini membahas tentang perjalanan Salomo, Raja Israel, dan pengkepingannya di rumah Allah di Yerusalem. Salomo memilih Yerusalem sebagai tempat pendiriannya, dan Allah memilih Daud untuk menjadi raja. Namun, setelah Daud membangun rumah, Salomo kembali dan memilih Yerusalem sebagai tempat pendiriannya."
2 Tawarikh,7,"Tema utama dari pasal Alkitab ini adalah tentang pengorangan dan penangkuhan rumah TUHAN oleh para imam. Konteksnya adalah ketika Salomo mengakhiri doanya dan kembali ke rumah TUHAN, dan para imam tidak dapat memasuki rumah TUHAN karena kemuliaan TUHAN memenuhi rumah TUHAN."
2 Tawarikh,8,"Tema utama dari pasal Alkitab ini adalah tentang perjalanan dan peran Salomo sebagai pemimpin Israel. Konteksnya adalah tentang bagaimana Salomo memperkuat negara, membangun kota-kota, dan menaklukkan negara lain."
2 Tawarikh,9,"**Tema utama:** Pengkehidupan dan peran Raja Salomo di Yerusalem.

**Konteks:** pasal ini membahas tentang pengalaman Raja Salomo di Yerusalem, termasuk peristiwa-peristiwa yang terjadi di rumahnya, makanan dan minuman yang diberikan kepadanya, serta hubungannya dengan Raja Syeba."
2 Tawarikh,10,"**Tema utama:** Permintaan danResponding dari Orang-orang Israel kepada Rehabeam bin Nebat

**Konteks:** pasal Alkitab yang disorotkan menunjukkan bahwa Rehabeam pergi ke Sikhem untuk menobatkan dia menjadi raja, tetapi ia menjawab permintaan orang-orang Israel dengan keras dan tidak mendengarkan permintaan mereka."
2 Tawarikh,11,"**Tema utama:** Pengrestorasi Yehuda dan Benyamin

**Konteks:** pasal ini membahas tentang peristiwa-peristiwa penting di dalam Alkitab, di mana Rehabeam mengumpulkan kaum Yehuda dan Benyamin untuk memperkuat kembali kerajaan Israel, serta memperkuat kota-kota kubu di Yehuda."
2 Tawarikh,12,"1. Rehabeam meninggalkan hukum TUHAN ketika kerajaannya menjadi kokoh dan kekuasaannya menjadi teguh.
2. Majulah Sisak menyerang Yerusalem karena mereka berubah setia terhadap TUHAN.
3. Tuhan melihat bahwa pemimpin-pemimpin Israel dan raja merendahkan diri, dan ia tidak memusnahkan mereka."
2 Tawarikh,13,"1. Abia menjadi raja Abia atas Yehuda selama tiga tahun.
2. Abia memulai perang dengan pasukan pahlawan-pahlawan perang, sedangkan Yerobeam mengatur barisan perangnya melawan dia.
3. Abia berdiri di atas gunung Zemaraim dan menyatakan: ""Dengarlah kepadaku, Yerobeam dan seluruh Israel!""."
2 Tawarikh,14,"**Tema utama:** Pengelolaan negeri dan keamanan di Yehuda

**Konteks:** pasal ini membahas tentang tindakan-tindakan Asa, seorang raja yang berusaha menciptakan keamanan dan keterlibatan masyarakat di Yehuda."
2 Tawarikh,15,"**Tema utama:** Penghagiaan dan keselamatan di antara orang-orang Israel.

**Konteks:** pasal ini membahas tentang perjalanan dan pengalaman orang-orang Israel di bawah Herrschaft Allah, serta pesan-pesan yang disampaikan oleh Allah kepada mereka."
2 Tawarikh,16,"**Tema utama:** Perjanjian antara Allah dan engkau

**Konteks:**
* Asa memperkuat Rama untuk mencegah lalu lintas kepada Yehuda.
* Benhadad menerima pesan dari Asa untuk perang Israel.
* Asa menghentikan usaha memperkuat Rama dan menyerahkan orang Yehuda untuk membangun Geba dan Mizpa."
2 Tawarikh,17,"**Tema utama:** Pengorbanan dan kemakmuran Yosafat di Yehuda

**Konteks:** pasal ini membahas tentang perjalanan dan pengorbanan Yosafat, seorang pemimpin Israel yang menjadi raja setelah Daud. Selain itu, ia membangun benteng-benteng dan kota-kota perbekalannya di Yehuda."
2 Tawarikh,18,"**Tema:** Kejadian Yosafat terhadap Raja Israel

**Konteks:** Yosafat adalah seorang pemimpin besar Israel yang memiliki kekuatan dan pengaruh besar di antara para pemimpin Israel. Ketika Yosafat menjadi besan, ia menjadi pemimpin yang kuat dan terampil. Namun, setelah peristiwa-peristiwa, Yosafat kehilangan kekuatannya dan terjebak dalam perang dengan Raja Yehuda.

**Catatan:**

1. Tema ini membahas tentang bagaimana Yosafat memanfaatkan kekuatannya untuk mencapai tujuannya, tetapi kemudian kehilangan kekuatannya dan terjebak dalam perang.
2. Konteks ini menunjukkan bahwa kekuatan dan pengaruh Yosafat telah hilang, dan dia terjebak dalam perang yang tidak terkontrol.
3. Tema ini juga membahas tentang bagaimana Yosafat memanfaatkan kekuatannya untuk mempengaruhi keputusan para pemimpin Israel lainnya."
2 Tawarikh,19,"1. Yosafat kembali ke Yerusalem dengan selamat setelah mengalami peristiwa-peristiwa.
2. Yehu bin Hanani mengingatkan Yosafat tentang pentingnya hubungan dengan TUHAN dan bahwa tindakan-tindakannya mempengaruhi orang lain.
3. Yosafat berusaha menghilangkan tiang-tiang berhala dari negeri dan mencari Allah dengan tekun."
2 Tawarikh,20,"**Tema utama:** Pengeluaran dan penangkuhan oleh Yosafat terhadap orang-orang di Yehuda.

**Konteks:** Yosafat berusaha menjebak orang-orang di Yehuda dengan ancaman dan penganiasan, tetapi mereka tetap teguh dan berusaha menghindari perang."
2 Tawarikh,21,"**Tema utama:** Perjanjian antara keluarga Daud dan Yosafat

**Konteks:**
* Perjanjian yang dibuat antara keluarga Daud dan Yosafat tentang keturunan.
* Perjanjian tersebut menunjukkan bahwa Yosafat bukan anak sulung, dan oleh karena itu, ia tidak dapat menjadi raja.
* Perjanjian ini juga menunjukkan bahwa keluarga Daud memiliki hubungan yang kuat dengan keluarga Yosafat."
2 Tawarikh,22,"**Tema utama:** Penghancuran keluarga Ahab dan hubungannya dengan anak-anaknya

**Konteks:**
* Peristiwa-peristiwa di Alkitab menunjukkan bahwa keluarga Ahab mengalami berbagai peristiwa pencerungan dan pengorbanan.
* Salah satu dari peristiwa paling penting adalah penghancuran anak-anak Ahab, yang mengakibatkan pencerungan mereka dan meninggalkan mereka tanpa saudara.
* Kehidupan anak-anak Ahab menunjukkan hubungan kompleks antara keluarga dan kepercayaan pada Allah."
2 Tawarikh,23,"Tema utama pasal Alkitab ini adalah tentang perintah dan tugas yang diberikan kepada para kepala pasukan seratus oleh imam Yoyada. Konteksnya adalah tentang peristiwa-peristiwa yang terjadi di Yehuda dan Yerusalem, serta keinginan dan perintah Allah untuk semua orang untuk mengikuti aturan dan hukum yang berlaku."
2 Tawarikh,24,"**Tema utama:** Pengelolaan rumah Allah dan tanggung jawab terhadap pekerjaan yang dilakukan.

**Konteks:** pasal ini membahas tentang tindakan-tindakan Raja Yoas dan Yoyada, serta keputusan-kebijakan mereka yang mempengaruhi perkembangan sejarah Israel."
2 Tawarikh,25,"**Tema utama:** Pengakutungan dan pengorangan orang-orang di Yehuda oleh Amazia bin Yoahas.

**Konteks:**
* Amazia adalah raja Yehuda yang memiliki kekuatan besar.
* Ia melakukan berbagai tindakan untuk memastikan keamanan dan kelolaannya di Yehuda.
* Namun, tindakan-tindakannya menimbulkan pertanyaan dan menimbulkan tantangan bagi orang-orang di Yehuda."
2 Tawarikh,26,"**Tema utama:** Pengkehidupan dan peran Uzia di dalam sejarah Israel.

**Konteks:** pasal ini membahas tentang kehidupan dan peran Uzia, raja Israel, di dalam sejarah. Selain itu, ia juga membahas tentang peristiwa-peristiwa penting yang terjadi di dalam hidupnya."
2 Tawarikh,27,"1. Yotam menjadi raja dan memerintah di Yerusalem selama dua puluh lima tahun.
2. Ia melakukan apa yang benar di mata TUHAN, tetapi rakyat masih melakukan hal yang merusak.
3. Yotam membangun banyak bangunan di Yerusalem, termasuk Pintu Gerbang Tinggi dan kota-kota di pegunungan Yehuda.
4. Ia berperang melawan raja bani Amon dan mengalahkannya, sehingga pada tahun itu juga bani Amon membayar kepadanya seratus talenta perak, sepuluh ribu kor gandum dan sepuluh ribu kor jelai.
5. Yotam menjadi kuat karena ia mengarahkan hidupnya kepada TUHAN.
6. Selebihnya dari riwayat Yotam, segala peperangan dan tingkah langkahnya, sesungguhnya semuanya itu tertulis dalam kitab raja-raja Israel dan Yehuda.
7. Yotam menjadi raja menggantikan Ahas, anaknya, yang menjadi raja setelahnya."
2 Tawarikh,28,"**Tema utama:** Pengorbanan dan penghancuran rumah TUHAN

**Konteks:**
* Ahas menjadi raja dan berusaha mempertahankan negara Israel.
* Ia melakukan berbagai tindakan untuk menunjukkan kekuatan dan ketekunannya.
* Allah menyerahkan Ahas ke dalam tangan raja Israel, tetapi Ahas menolak dan mempersembahkan korban kepada para Allah di Damsyik."
2 Tawarikh,29,"**Tema utama:** Pengudusan korban bakaran di rumah TUHAN

**Konteks:** Pengudusan korban bakaran merupakan tindakan yang dilakukan oleh orang-orang Israel untuk menunjukkan kesejahteraan dan penghargaan kepada Allah."
2 Tawarikh,30,"Tema utama dari pasal Alkitab ini adalah tentang perintah yang diberikan kepada orang-orang untuk merayakan hari raya Roti Tidak Beragi. Konteksnya adalah tentang orang-orang yang tidak dapat merayakan hari raya secara umum, dan mereka mendapat perintah untuk menyembelih domba Paskah untuk menunjukkan kesetiaan mereka kepada TUHAN."
2 Tawarikh,31,"**Tema utama:** Penghagiaan dan layanan terhadap Allah

**Konteks:** pasal ini membahas tentang kegiatan penghagiaan dan layanan yang dilakukan oleh Hizkia dan para pemimpin di Yehuda, termasuk penghagiaan dan layanan korban, sumbangan, dan pembagikan hasil pertama dari hasil pertama."
2 Tawarikh,32,"**Tema utama:** Pengakui dan mencintai Allah

**Konteks:** pasal Alkitab tentang peristiwa-peristiwa di antara lain Sanherib, Hizkia, dan Yehuda."
2 Tawarikh,33,"**Tema utama:** Kejahatan dan pengorbanan di dalam rumah TUHAN

**Konteks:** pasal ini membahas tentang tindakan-tindakan yang dilakukan oleh Manasye, Amon, dan Yosia di rumah TUHAN, serta bagaimana mereka mempengaruhi keadaan di Yerusalem."
2 Tawarikh,34,"**Tema utama:** Penghagiaan dan ketekunan dalam hidup

**Konteks:**
* Alkitab menunjukkan kisah tentang perjalanan Yosia, seorang raja Israel, yang melakukan berbagai kegiatan untuk mencari Allah Daud.
* Dia melakukan berbagai tindakan, termasuk penanggalan, penyamak, dan pencintai, untuk mencapai tujuannya.
* Ketekunan dan semangat Yosia menjadi inspirasi bagi orang-orang untuk mengikuti jalan yang sama."
2 Tawarikh,35,"**Tema utama:** Paskah di Israel

**Konteks:**
* Paskah adalah peristiwa penting dalam sejarah Israel.
* Yosia merayakan Paskah bagi TUHAN di Yerusalem.
* Paskah dirayakan pada tahun kedelapan belas pemerintahan Yosia."
2 Tawarikh,36,"Tema utama pasal Alkitab ini adalah tentang perjalanan dan peristiwa penting dalam kehidupan Raja Mesir dan Yoyakim. Konteksnya membahas tentang pengangkuhan anak-anak, pemberitaan, pengkejian, dan penobatan Raja Mesir."
2 Tesalonika,1,"1. Alkitab memberi ringkasan tentang hubungan antara Allah, manusia, dan penghakiman.
2. Alkitab membahas tentang kasih karunia dan damai dari Allah, serta patutnya untuk selalu berdoa.
3. Alkitab memberi ringkasan tentang hukuman dan pembalasan yang diterima oleh orang-orang yang tidak berakhi pada Allah."
2 Tesalonika,2,"1. Pengangkatan kepadamu dan saudara-saudara kepada Tuhan adalah topik utama pasal.
2. Tujuan dari pesan ini adalah untuk mendorong orang untuk hidup dengan penuh kasih dan pujian kepada Tuhan.
3. Konteks ini membahas tentang kewajiban kita untuk memberi dirimu diri kepada Allah dan untuk hidup dengan tujuan yang benar."
2 Tesalonika,3,"1. Pengdoalah untuk Tuhan adalah kunci untuk kemajuan dan dimuliakan.
2. Kehidupan kita terjamin oleh Allah, dan kita harus mengikuti teladan yang diberikan.
3. Allah adalah sumber kekuatan dan kasih yang dapat diwariskan kepada kita."
2 Timotius,1,"**Tema utama:** Pengorot dan pemberitaan rahmat

**Konteks:** pasal ini membahas tentang berbagai topik terkait pengorot dan pemberitaan rahmat, termasuk janji, kasih karunia, hubungan dengan Allah, dan manfaat dari pengorot."
2 Timotius,2,"**Tema utama:** Pengorikan diri pada kasih dan kekuatan Christoffer.

**Konteks:** pasal ini membahas tentang peran penting dari orang-orang yang dapat dipercayai dalam membantu orang lain dan bagaimana mereka dapat memperoleh kekuatan dari kasih mereka."
2 Timotius,3,"1. Ketahuilah bahwa hari-hari terakhir akan datang masa yang sukar.
2. Manusia akan mencintai diri sendiri dan menjadi hamba uang.
3. Tidak tahu mengasihi, tidak mau berdamai, suka menjelekkan orang, tidak dapat mengekang diri, garang, tidak suka yang baik."
2 Timotius,4,"**Tema utama:** Pengkehidupan setelah kematian

**Konteks:** pasal ini membahas tentang pesan-pesan terakhir dari Allah dan Jesus kepada orang-orang yang hidup dan mati, serta tentang bagaimana mereka dapat memperoleh keselamatan dan kemakmuran setelah kematian."
2 Yohanes,1,"1. Alkitab memberi pesan tentang hubungan antara penatua, ibu, anak-anak, dan Allah.
2. Alkitab menyatakan bahwa kebenaran dan kasih adalah bagian dari kehidupan manusia.
3. Alkitab memberi pesan tentang kepadamu dan bagaimana kita dapat memperoleh kepadamu dari Allah.
4. Alkitab memberi pesan tentang separuh dari anak-anak dan bagaimana kita dapat hidup di dalam kebenaran.
5. Alkitab memberi pesan tentang perintah-perintah Allah dan bagaimana kita dapat hidup di dalam kasih.
6. Alkitab memberi pesan tentang bagaimana kita harus hidup menurut perintah-perintah Allah.
7. Alkitab memberi pesan tentang penyesat dan antikristus dan bagaimana kita dapat memperoleh kepadamu dari Allah.
8. Alkitab memberi pesan tentang upah dan bagaimana kita dapat memperoleh upah dari Allah.
9. Alkitab memberi pesan tentang pentingnya hidup di dalam ajaran Kristus.
10. Alkitab memberi pesan tentang bagaimana kita dapat menerima kepadamu dari Allah.
11. Alkitab memberi pesan tentang bagian dalam perbuatan yang jahat dan bagaimana kita dapat memperoleh bagian itu dari Allah.
12. Alkitab memberi pesan tentang pentingnya hubungan dan bagaimana kita dapat memperoleh kepadamu dari Allah.
13. Alkitab memberi pesan tentang salam dan bagaimana kita dapat memperoleh kepadamu dari Allah."
3 Yohanes,1,"**Tema utama:** Kehidupan dan peran orang-orang yang kekasih dalam masyarakat.

**Konteks:** pasal ini membahas tentang kepercayaan dan hubungan antara orang-orang, serta bagaimana kepercayaan dapat mempengaruhi perilaku dan tindakan mereka."
Amos,1,"**Tema utama:** Peng escolhuran dan pengambilan keputusan oleh Allah terhadap peristiwa-peristiwa di dalam Alkitab.

**Konteks:** pasal-kesalin tersebut menunjukkan bahwa Allah memiliki rencana dan keputusan yang terampil, dan bahwa dia memilih peristiwa-peristiwa tertentu untuk mendorong perilaku manusia dan mencapai tujuannya."
Amos,2,"**Tema utama:** Pengeluaran keputusan-kebijian dalam kehidupan

**Konteks:** pasal-sesal Alkitab yang membahas tentang keputusan-kebijian yang dibuat oleh orang-orang suci, termasuk tindakan-tindakan yang diambil oleh para pembela Israel, Yehuda, dan Amori."
Amos,3,"1. Alkitab memberi perintah kepada Israel untuk berjanji dan bersekut dengan singa.
2. Alkitab menyatakan bahwa singa adalah tanda dari Allah dan bahwa orang-orang yang tidak takut akan mendapat keselamatan.
3. Alkitab memberi perintah kepada Israel untuk mengikuti singa dan untuk menghindari perangkap."
Amos,4,"**Tema utama:** Penghagiaan dan keselamatan di dalam

**Konteks:** pasal-kesalaran Alkitab yang disorotkan dalam 12 kalimat menunjukkan bahwa Allah adalah kekuatan yang menyelamat dan melindungi manusia dari berbagai ancaman, termasuk penyakit, perang, dan ketidaksehatan."
Amos,5,"**Tema utama:** Perjanjian-perjanjian dengan kaum Israel

**Konteks:**
Perjanjian-perjanjian tersebut berisi pesan-pesan tentang hubungan manusia dengan Allah, termasuk tanggung jawab, keadilan, dan kesejahteraan."
Amos,6,"**Tema utama:** Pengkehidupan dan kemakmuran orang-orang di Israel

**Konteks:** pasal Alkitab ini membahas tentang kehidupan dan kemakmuran orang-orang di Israel, termasuk orang-orang yang merasa aman, tenteram, terkemuka, dan yang kepada mereka kaum Israel biasa datang."
Amos,7,"**Tema utama:** Pengeluaran dan hukuman Allah

**Konteks:** pasal ini membahas tentang dua peristiwa penting di dalam Alkitab: pengeluaran dan hukuman Allah terhadap Yakub dan peristiwa pengeluaran dan hukuman terhadap Ishak."
Amos,8,"**Tema utama:** Penghajaran dan Penekanan Allah terhadap Israel

**Konteks:** pasal ini membahas tentang peristiwa-peristiwa yang terjadi di Prophet Amos, termasuk penghajaran, penekanan, dan pengorotan Allah terhadap Israel."
Amos,9,"**Tema utama:** Peng escolhuran dan pengelolaan orang-orang yang terEjemplos dalam Alkitab.

**Konteks:** pasal ini membahas tentang bagaimana Allah memilih dan mengelola orang-orang untuk tujuan tertentu, serta bagaimana dia mengajarkan perilaku dan perilaku yang tepat bagi mereka."
Amsal,1,"**Tema utama:** Penghidup dan pengetahuan

**Konteks:** pasal ini membahas tentang pentingnya pendidikan dan pengajaran bagi manusia, serta bagaimana pendidikan dapat membantu mereka mencapai potensi penuhnya."
Amsal,2,"Tema utama dari pasal Alkitab ini adalah tentang pengajaran dan inspirasi melalui pengetahuan dan pemahaman. Konteksnya membahas tentang hubungan antara manusia dan Tuhan, serta bagaimana pengetahuan dapat membantu seseorang mencapai tujuannya."
Amsal,3,"**Tema utama:** Kehidupan dan nilai diri

**Konteks:** pasal ini membahas tentang tanggung jawab dan nilai yang harus ditransfer kepada orang lain, serta bagaimana orang-orang dapat mencapai kehidupan yang lebih baik dengan mengikuti perintah Allah."
Amsal,4,"**Tema utama:** Penghidupan dan Kesembuhan

**Konteks:** pasal Alkitab ini membahas tentang bagaimana orang-orang harus hidup dengan penuh makna dan tujuan dalam hidup mereka."
Amsal,5,"1. Perhatikanlah arahkan telingamu dan lakukan tindakan yang sesuai dengan yang kuajarkan.
2. Penting untuk belajar dan mengikuti pengetahuan yang ada.
3. Perhatikan dan lakukan tindakan yang tepat saat menghadapi tantangan.
4. Pastikan diri dan orang lain terjaga dengan baik.
5. Pernah terjebak dalam situasi dan terjebak dalam tali.
6. Jangan menyerah dan terus bertekankan pada jalan yang tepat.
7. Berikan perhatian dan jangan menyimpang dari apa yang kukaji.
8. Berikan perhatian dan jangan menghambat pintu rumah.
9. Berikan didikan dan jangan menyerah.
10. Jangan menjerumus diri dengan kekayaan.
11. Berikan makanan dan air yang tepat.
12. Berikan penjelasan dan jangan terjebak dalam kesalahpahaman.
13. Berikan perhatian dan jangan terjebak dalam masalah.
14. Berikan didikan dan jangan terjebak dalam kesalahpahaman.
15. Berikan air yang tepat.
16. Berikan penjelasan dan jangan terjebak dalam kesalahpahaman.
17. Berikan didikan dan jangan terjebak dalam kesalahpahaman.
18. Berikan didikan dan jangan terjebak dalam kesalahpahaman.
19. Berikan didikan dan jangan terjebak dalam kesalahpahaman.
20. Berikan didikan dan jangan terjebak dalam kesalahpahaman.
21. Berikan perhatian dan jangan terjebak dalam kesalahpahaman.
22. Berikan didikan dan jangan terjebak dalam kesalahpahaman.
23. Berikan didikan dan jangan terjebak dalam kesalahpahaman."
Amsal,6,"Tema utama dari pasal Alkitab ini adalah tentang perilaku manusia dan perilaku yang tepat. Konteksnya membahas tentang perilaku manusia yang tepat, dan bagaimana perilaku yang tepat dapat membantu manusia mencapai tujuannya."
Amsal,7,"**Tema utama:** Pengorikan diri dan tindakan yang dilakukan oleh anak-anak dalam cerita Alkitab.

**Konteks:** Ceritanya membahas tentang perilaku dan tindakan yang dilakukan oleh anak-anak dalam berbagai situasi, termasuk pengorikan diri pada perintah, penaman perintah, dan tindakan untuk melindungi diri dari ancaman."
Amsal,8,"**Tema utama:** Pengorikan terhadap nilai dan peran Allah dalam kehidupan manusia.

**Konteks:** pasal ini membahas tentang berbagai topik, termasuk nilai-nilai yang penting untuk hidup, peran Allah dalam kehidupan, dan tanggung jawab terhadap orang lain."
Amsal,9,"**Tema utama:** Pengelolaan dan kesejahteraan orang-orang yang terjebak di tempat tinggi di kota.

**Konteks:** pasal ini membahas tentang perilaku dan perilaku orang-orang yang terjebak di tempat tinggi di kota, serta pesan-pesan yang disampaikan oleh Allah."
Amsal,10,"1. Pengakui dan tindakan anak yang bebal menunjukkan bahwa kebenaran dan kesopanan bukan apa yang penting.
2. Kemanusiaan dan ketekunan orang benar dalam menghadapi tantangan menunjukkan kekuatan dan ketaatan.
3. Ketakutan dan keinginan orang benar menunjukkan bahwa meskipun ada tantangan, mereka tetap berusaha mencapai tujuan mereka."
Amsal,11,"**Tema utama:** Kehidupan dan kebahagiaan

**Konteks:** pasal Alkitab ini membahas tentang berbagai topik tentang kehidupan manusia, termasuk kekejian, kebahagiaan, dan hubungan antara orang dan Tuhan."
Amsal,12,"**Tema utama:** Kehidupan dan nilai diri

**Konteks:** pasal Alkitab ini membahas tentang berbagai topik tentang kehidupan dan nilai diri, termasuk nilai-nilai moral, hubungan antara orang dan Tuhan, dan dampak perilaku dan tindakan."
Amsal,13,"**Tema utama:** Kehidupan dan nilai yang tersembunyi di dalam diri

**Konteks:** pasal ini membahas tentang berbagai topik tentang kehidupan dan nilai yang tersembunyi di dalam diri, termasuk nilai-nilai moral, spiritual, dan politik."
Amsal,14,"1. Perempuan bijak membangun rumahnya, tetapi dia meruntuhkannya sendiri dengan tangannya sendiri.
2. Orang yang sesat jalannya menghina Dia dengan keras.
3. Orang bodoh dipelihara oleh bibirnya, tetapi orang jujur saling menunjukkan kebaikan.
4. Orang yang murtad hatinya menjadi kenyang dengan jalannya, sedangkan orang yang baik dengan apa yang ada padanya.
5. Saksi yang setia menyelamatkan hidup, tetapi siapa menyembur-nyemburkan kebohongan adalah pengkhianat."
Amsal,15,"1. Perkataan yang pedas menunjukkan kekecewaan dan kekejian, sedangkan pernyataan yang lemah menunjukkan kekecewaan dan ketakutan.


2. Lidah bijak mengeluarkan pengetahuan, tetapi mulut orang bebal mencurahkan kebodohan, menunjukkan bahwa pengetahuan dan kebodohan saling terkait.


3. Mata TUHAN ada di segala tempat, mengawasi orang jahat dan orang baik, menunjukkan bahwa TUHAN adalah kekuatan yang besar dan tanpa batas."
Amsal,16,"1. Mentimbang-nimbang dalam hati manusia berasal dari TUHAN, sedangkan jawaban lidah berasal dari pada TUHAN.


2. Segala jalan orang Cleaners adalah bersih menurut pandangannya sendiri, sedangkan Tuhanlah yang menguji hati orang.


3. Serahkanlah perbuatanmu kepada TUHAN, maka terlaksanalah segala rencanamu."
Amsal,17,"1. Penyamak roti dan makanan yang kurang lengkap menyebabkan penyakit.
2. Budak yang membuat malu mendapat bagian warisan bersama-sama dengan saudara-saudara.
3. Penyingapan dan pengujian hati menunjukkan kekuatan dan ketekunan.
4. Orang yang memperhatikan bibir jahat mendapat telinga dari penciptanya.
5. Orang miskin menghina Penciptanya, tetapi siapa gembira karena kecelakaan tidak akan luput dari hukuman.
6. Mahkota orang-orang tua menunjukkan bahwa anak-anak yang tercuriga mendapat penghargaan.
7. Orang bebal tidak layak mengucapkan kata-kata yang bagus, sedangkan orang mulia mengucapkan kata-kata dusta.
8. Hadiah suapan adalah seperti yang memberinya, namun ia juga memalingkan muka.
9. Pelanggaran dan mengejar kasih menyebabkan hubungan yang terpecah.
10. Hardikan lebih masuk pada orang berpengertian daripada seratus pukulan pada orang bebal.
11. Orang durhaka mendapat utusan yang kejam, sedangkan yang berkalbu mendapat penghargaan.
12. Berjumpa dengan beruang betina yang kehilangan anak lebih indah daripada dengan orang bebal dengan kebodohannya.
13. Peluang dan kekejian tidak menghindarkan seseorang dari menerima kebaikan.
14. Undurlah sebelum perbantahan mulai, karena yang terkejutkan pertama akan terjatuhkan.
15. Membenarkan orang fasik dan mempersalahkan orang benar menunjukkan kekejian bagi TUHAN.
16. Gunanya uang di tangan orang bebal untuk membeli hikmat bukan patut.
17. Seorang sahabat menaruh kasih setiap waktu, dan menjadi seorang saudara dalam kesukaran.
18. Orang yang tidak berakal budi membuat persetujuan, yang menjadi penanggung bagi sesamanya.
19. Pengulangan pintunya mencari kehancuran menunjukkan kekejian.
20. Orang yang serong hatinya tidak akan mendapat bahagia, sedangkan orang yang memutar-mutar lidahnya akan jatuh ke dalam celaka.
21. Pengalaman anak yang bebal menunjukkan bahwa hadiah suapan adalah kunci untuk keselamatan.
22. Hati yang gembira adalah obat yang manjur, sedangkan semangat yang patah mengeringkan tulang.
23. Orang fasik menerima hadiah suapan dari pundi-pundi untuk membelokkan jalan hukum.
24. Pandangan orang berpengertian tertuju pada hikmat, tetapi mata orang bebal melayang sampai ke ujung bumi.
25. Anak yang bebal menyakiti hati ayahnya, dan memedihkan hati ibunya.
26. Mengenakan denda orang benar adalah salah, memukul orang muliapun tidak patut.
27. Orang yang berpengetahuan menahan perkataannya, orang yang berpengertian berkepala dingin.
28. Orang bodoh akan disangka bijak kalau ia berdiam diri dan disangka berpengertian kalau ia mengatupkan bibirnya."
Amsal,18,"1. Orang yang mencari keinginannya dan amarah meledak terhadap setiap pertimbangan.
2. Orang bebal tidak suka kepada pengertian dan hanya suka membeberkan isi hatinya.
3. Perkataan mulut orang adalah seperti air yang dalam, tetapi sumber hikmat adalah seperti batang air yang mengalir."
Amsal,19,"1. Peluang dan kebocoran adalah dua sisi dari coin yang sama, dan yang lebih baik harus dipilih.
2. Keahlian dan pengetahuan tidak selalu sempurna, dan orang yang tergesa-gesa akan salah langkah.
3. Kejahatan dan hukuman adalah dua sisi dari sama, dan yang lebih baik adalah untuk menuntut dan memberikan.
4. Semakin banyak sahabat, semakin sedikit orang yang tersisa.
5. Saksi dusta adalah hukuman yang tidak terhasta, dan orang yang menyembur-nyemburkan kebohongan akan terhindar.
6. Kemajuan dan kebaikan adalah dua sisi dari sama, dan yang lebih baik adalah untuk mencapai tujuan yang lebih tinggi.
7. Kemiskinan dan hubungan yang terlarang menunjukkan bahwa orang-orang tidak dapat diterima.
8. Ketaatan dan pengetahuan adalah dua sisi dari sama, dan yang lebih baik adalah untuk mencapai kebenaran.
9. Saksi dusta adalah hukuman yang tidak terhasta, dan orang yang menyembur-nyemburkan kebohongan akan binasa.
10. Kemewahan yang berlebihan tidak layak, dan bahkan lebih buruk jika dilakukan di waktu yang tepat.
11. Akal budi dapat membuat seseorang panjang sabar, tetapi penting untuk memaafkan pelanggaran.
12. Kemarahan raja adalah seperti raung singa muda, tetapi kebaikannya seperti embun yang turun ke atas rumput.
13. Anak bebal adalah bencana bagi ayahnya, dan pertengkaran seorang isteri adalah seperti tiris yang tidak henti-hentinya menitik.
14. Rumah dan harta adalah warisan nenek moyang, tetapi isteri yang berakal budi adalah karunia TUHAN.
15. Kemalasan mendatangkan tidur nyenyak, dan orang yang lamban akan menderita lapar.
16. Penghiburan yang menghina firman akan menyebabkan kematian.
17. Menaruh belas kasihan kepada orang yang lemah, memiutangi TUHAN, yang akan membalas perbuatannya itu.
18. Hajarlah anakmu selama ada harapan, tetapi jangan engkau menginginkan kematiannya.
19. Orang yang sangat cepat marah akan kena denda, karena jika engkau hendak menolongnya, engkau hanya menambah marahnya.
20. Dengarkanlah nasihat dan terimalah didikan, supaya engkau menjadi bijak di masa depan.
21. Banyak rancangan di hati manusia, tetapi keputusan Tuhanlah yang terlaksana.
22. Sifat yang diinginkan pada seseorang ialah kesetiaannya; lebih baik orang miskin dari pada seorang pembohong.
23. Takut akan Allah mendatangkan hidup, maka orang bermalam dengan puas, tanpa ditimpa malapetaka.
24. Si pemalas mencelup tangannya ke dalam pinggan, tetapi tidak juga mengembalikannya ke mulut.
25. Jikalau si pencemooh kaupukul, barulah orang yang tak berpengalaman menjadi bijak, jikalau orang yang berpengertian ditegur, ia menjadi insaf.
26. Anak yang menganiaya ayahnya atau mengusir ibunya, memburukkan dan memalukan diri.
27. Hai anakku, jangan lagi mendengarkan didikan, kalau engkau menyimpang juga dari perkataan-perkataan yang memberi pengetahuan.
28. Saksi yang tidak berguna mencemoohkan hukum dan mulut orang fasik menelan dusta.
29. Hukuman bagi si pencemooh tersedia dan pukulan bagi punggung orang bebal."
Amsal,20,"1. Anggur, peribut, dan pembantai tidak bijak orang yang terhuyung-huyung karenanya.
2. Kegentaran yang datang dari raja seperti raung singa muda, yang membangkitkan marahnya membahayakan dirinya.
3. Orang yang menjauhi perbantahan membantai amarahnya meledak, namun setiap orang bodoh membiarkan amarahnya meledak."
Amsal,21,"1. Pengaruh pandangan dan tindakan seseorang terhadap kehidupan.
2. Keadilan dan oikek dalam kehidupan.
3. Kesia-siaan dan hukuman yang diterima oleh orang fasik.
4. Kejahatan dan perilaku yang menyebabkan pelita orang fasik.
5. Kesimpulan dari rancangan dan perilaku orang rajin.
6. Penyalah yang menyebabkan kesia-siaan dan kekejian.
7. Pengambilan keputusan dan perilaku yang mempengaruhi kehidupan.
8. Kejujuran dan perilaku yang mendorong orang untuk bertindak.
9. Kesimpulan dari perilaku dan perilaku yang dilakukan orang.
10. Ketakutan dan perilaku yang menyebabkan orang fasik mengingini kejahatan.
11. Pengaruh hukuman dan pengajaran terhadap perkembangan diri.
12. Kejahatan dan keselamatan yang mempengaruhi perjalanan.
13. Keberanian dan perilaku yang mendorong orang untuk bertahan.
14. Kesimpulan dari perilaku dan perilaku yang memisahkan orang.
15. Kesetaraan antara keadilan dan tindakan yang dilakukan.
16. Kejahatan dan perilaku yang menyebabkan orang menyimpang dari jalan akal budi.
17. Keuntungan dan kerugian dari hidup yang berbeda.
18. Pengkhianat dan tebusan yang digunakan untuk menuntut hukuman.
19. Kesimpulan dari perilaku dan perilaku yang dilakukan orang.
20. Kehilangan harta dan penghargaan yang dapat diperoleh.
21. Kemanusiaan dan kasih yang dapat diperoleh dari kebenaran.
22. Keberanian dan perilaku yang mendorong orang untuk melawan.
23. Kesimpulan dari perilaku dan perilaku yang dilakukan orang.
24. Kesimpulan dari perilaku dan perilaku yang menyebabkan kesukaran.
25. Kejahatan dan perilaku yang menyebabkan orang terbunuh.
26. Ketakutan dan perilaku yang mendorong orang untuk berbicara.
27. Kekejian dan manfaat yang diperoleh dari pengorangan.
28. Kekehatan dan perilaku yang mendorong orang untuk berbicara.
29. Kesimpulan dari perilaku dan perilaku yang dilakukan orang.
30. Ketakutan dan pengertian yang dapat menandingi TUHAN.
31. Kuda yang diperlengkapi untuk hari perang, tetapi kemenangan ada di tangan TUHAN."
Amsal,22,"**Tema utama:** Kehidupan dan nilai diri

**Konteks:** pasal Alkitab ini membahas tentang berbagai topik, termasuk nilai dan manfaat hidup, hubungan antara orang kaya dan miskin, tanggung jawab dan kepedulian, dan pentingnya hubungan dan perilaku yang benar."
Amsal,23,"**Tema utama:** Ketakutan dan tanggung jawab terhadap orang lain.

**Konteks:** pasal ini membahas tentang perilaku dan sikap yang tepat saat menghadapi orang lain yang membutuhkan bantuan, dan bagaimana kita dapat memastikan bahwa hubungan kita tetap sehat dan nyaman."
Amsal,24,"**Tema utama:** Ketakutan dan tanggung jawab

**Konteks:** pasal ini membahas tentang perilaku manusia dan bagaimana orang dapat memanfaatkan kekuatan dan pengetahuan mereka untuk mencapai tujuannya."
Amsal,25,"**Tema utama:** Ketakutan dan perilaku manusia

**Konteks:** pasal Alkitab ini membahas tentang sikap dan perilaku manusia, terutama tentang kepercayaan, perilaku sosial, dan perilaku moral."
Amsal,26,"**Tema:** Kejahatan dan Kekecewaan

**Konteks:** pasal Alkitab ini membahas tentang orang-orang yang dianggap bijak dan bagaimana mereka harus berakui dengan kenyataan."
Amsal,27,"**Tema utama:** Kehidupan dan nilai diri

**Konteks:** pasal Alkitab ini membahas tentang berbagai topik terkait kehidupan dan nilai diri, termasuk nilai-nilai moral, hubungan, dan perilaku manusia."
Amsal,28,"1. Orang fasik lari meskipun tidak ada yang mengejarnya, tetapi orang benar merasa aman.
2. Pengkeperotakan negeri banyaklah penguasa-penguasanya, tetapi karena orang yang berpengertian dan berpengetahuan tetaplah hukum.
3. Orang miskin yang menindas orang-orang yang lemah adalah seperti hujan deras, tetapi tidak memberi makanan."
Amsal,29,"**Tema utama:** Kehidupan dan nilai manusia

**Konteks:** pasal Alkitab ini membahas tentang berbagai topik, termasuk tentang tindakan dan perilaku manusia, hubungan antara orang dan pemerintah, dan nilai dan kekejian."
Amsal,30,"1. Perkataan Agur bin Yake menunjukkan bahwa dia merasa bertakat dan tidak termotivasi.
2. Sebagian besar orang-orang tidak memiliki pengertian yang cukup tentang Allah, dan mereka tidak berusaha untuk memahami Allah.
3. Allah adalah kekuatan yang besar dan semesta, dan semua orang harus bermeditasi dan bernamas untuk mencapai keselamatan."
Amsal,31,"**Tema utama:** Pengorban dan tanggung jawab

**Konteks:** pasal ini membahas tentang tanggung jawab dan perilaku yang harus dilakukan oleh seorang pemimpin, terutama raja, terhadap orang lain, termasuk perempuan dan anak-anak."
Ayub,1,"1. Ayub adalah seorang laki-laki yang saleh dan jujur dan takut akan Allah.
2. Ia mendapat tujuh anak laki-laki dan tiga anak perempuan.
3. Ayub adalah orang terkaya dari semua orang di sebelah timur.
4. Anak-anaknya yang lelaki biasa mengadakan pesta di rumah mereka masing-masing menurut giliran dan ketiga saudara perempuan mereka diundang untuk makan dan minum bersama-sama mereka.
5. Ayub memanggil anak-anaknya dan menguduskan mereka, sebab dia khawatir bahwa anak-anaknya sudah berbuat dosa dan telah mengutuki Allah di dalam hati."
Ayub,2,"Tema utama dari pasal Alkitab ini adalah tentang perilaku dan tindakan manusia, terutama tentang dosa dan hukuman. Konteksnya membahas tentang orang-orang yang berusaha menghindari Allah, menerima hukuman dan akhirnya diterima oleh Allah."
Ayub,3,"**Tema utama:** Penghajaran dan Pencerahan

**Konteks:** pasal ini membahas tentang hari kelahiran, pencerahan, dan penuntun manusia."
Ayub,4,"**Tema utama:** Pengelolaan hidup dan kematian

**Konteks:** pasal ini membahas tentang kehidupan manusia dan kematian, serta tentang bagaimana manusia dapat mencapai keselamatan dan pahitnya."
Ayub,5,"**Tema utama:** Kehidupan dan kesucian manusia

**Konteks:** pasal ini membahas tentang berbagai topik, termasuk tentang orang-orang yang terpengaruh oleh kesucian, dampak kesucian, dan solusi yang diberikan oleh Allah."
Ayub,6,"**Tema utama:** Kehidupan dan kemakian manusia

**Konteks:** pasal Alkitab ini membahas tentang berbagai topik, termasuk kepercayaan, perilaku, dan hubungan manusia dengan Allah."
Ayub,7,"1. pasal ini membahas tentang waktu dan kejadian yang terjadi di malam hari.
2. Pasal ini membahas tentang penangan dan penangangan yang terjadi di dalam pikiran.
3. Pasal ini membahas tentang penangangan dan pen desee yang terjadi di dalam kehidupan."
Ayub,8,"1. Pengbicaralah Bildad tentang orang Suah dan hubungannya dengan Allah.
2. Konteks tentang lamakah dan perkataan Allah yang diterima.
3. Pengkategorisasi dan makna kebenaran dan kebahagiaan."
Ayub,9,"**Tema utama:** Ketakutan dan pengorangan diri manusia

**Konteks:** pasal ini membahas tentang pengalaman seorang manusia yang merasa terjebak dalam berbagai tantangan dan pertanyaan, dan bagaimana dia berusaha menemukan jawaban dan keselamatannya melalui tindakan dan perilaku yang tepat."
Ayub,10,"**Tema utama:** Kehidupan dan tujuan manusia

**Konteks:** pasal ini membahas tentang makna dan tujuan hidup manusia, serta pertanyaan tentang kehendaki dan kekuatan yang mendorong manusia untuk mencapai tujuannya."
Ayub,11,"Tema utama dari pasal Alkitab ini adalah tentang tentang hubungan antara manusia dan Allah. Konteksnya membahas tentang perilaku manusia, terutama tentang perilaku yang menunjukkan kecerdasan danIntegrity."
Ayub,12,"**Tema utama:** Pengalaman dan Hikmat Allah

**Konteks:** pasal ini membahas tentang pengalaman-pengalaman yang dilakukan oleh para pemuka, seperti Ayub, yang menunjukkan bahwa Allah adalah sumber kekuatan dan pengetahuan yang dapat membantu mereka untuk mengatasi tantangan dan mencapai tujuan mereka."
Ayub,13,"**Tema utama:** Ketakutan dan pengorangan diri

**Konteks:** pasal Alkitab ini membahas tentang berbagai topik yang berkaitan dengan ketakutan dan pengorangan diri, termasuk:

1. Ketakutan dan pengorangan diri manusia
2. Ketakutan dan pengorangan diri dalam hubungan
3. Ketakutan dan pengorangan diri dalam hubungan dengan Allah
4. Ketakutan dan pengorangan diri dalam perilaku
5. Ketakutan dan pengorangan diri dalam tindakan"
Ayub,14,"**Tema utama:** Pengelolaan dan penangkuhan harapan dalam kehidupan manusia.

**Konteks:** pasal ini membahas tentang bagaimana manusia dapat menghadapi tantangan dan mencapai tujuan mereka meskipun menghadapi berbagai tantangan, seperti pencerahan, penyakit, dan kematian."
Ayub,15,"**Tema utama:** Kehidupan dan kejayaan manusia

**Konteks:** pasal ini membahas tentang berbagai topik, termasuk makna hidup, kejayaan, dan pengorbanan."
Ayub,16,"**Tema utama:** Pengkehidupan setelah kematian

**Konteks:** pasal ini membahas tentang pengalaman seorang manusia setelah kematian, di mana dia mengalami berbagai pengalaman, termasuk pencerungan, penangkapan, dan pengorbanan."
Ayub,17,"**Tema utama:** Pengorbanan dan pencerahan

**Konteks:** pasal ini membahas tentang orang-orang yang terjebak dalam situasi yang sangat sulit dan terjebak dalam perang antara kepercayaan dan ketidaksetujuan."
Ayub,18,"Tema utama dari pasal Alkitab ini adalah tentang tentang manusia dan hubungannya dengan Allah. Konteksnya membahas tentang perilaku manusia, kekecewaan, dan pengorangan diri."
Ayub,19,"**Tema utama:** Kejahatan dan Kematian

**Konteks:** pasal ini membahas tentang pengalaman seorang manusia yang mengalami berbagai macam kejahatan dan kematian, termasuk pencerapan, penyalutan, dan penyingapan."
Ayub,20,"**Tema utama:** Kejahatan dan Kehidupan

**Konteks:** pasal ini membahas tentang pengalaman seorang manusia yang mengalami kekecewaan dan pencerungan, serta bagaimana dia berusaha untuk menemukan makna dan tujuan dalam hidupnya."
Ayub,21,"**Tema utama:** Kehidupan setelah kematian

**Konteks:** pasal ini membahas tentang pengalaman orang-orang setelah kematian, termasuk pengalaman mereka saat mereka berusaha untuk menemukan makna dan tujuan hidup mereka."
Ayub,22,"**Tema utama:** Kehidupan dan nilai diri manusia dalam pandangan Alkitab.

**Konteks:** pasal ini membahas tentang makna kehidupan dan nilai diri manusia dalam pandangan Alkitab. Selain itu, ia juga membahas tentang bagaimana orang dapat memperoleh manfaat dari hidup mereka."
Ayub,23,Tema utama dari pasal Alkitab ini adalah tentang kepercayaan dan kepedulian terhadap Allah. Konteksnya membahas tentang pengalaman seorang manusia yang terus mengikuti jalan-jalan Allah dan selalu kembali ke tempatnya.
Ayub,24,"1. Pengkehidupan orang-orang yang mengenal Allah tidak terpengaruh oleh peristiwa penghukuman.
2. Ada orang yang menggeser batas tanah dan menggembalakannya, menunjukkan perilaku yang selaras dengan Allah.
3. Keledai kepunyaan yatim piatu dilarikannya, menunjukkan perilaku yang selaras dengan Allah.
4. Orang miskin didorong dari jalan, menunjukkan perilaku yang selaras dengan Allah.
5. Sesungguhnya, seperti keledai liar di padang gurun mereka keluar untuk bekerja mencari apa-apa di padang belantara sebagai makanan bagi anak-anak mereka.
6. Di ladang mereka mengambil makanan hewan, menunjukkan perilaku yang selaras dengan Allah."
Ayub,25,"**Tema utama:** Alur-alur hidup manusia

**Konteks:** pasal ini membahas tentang kehidupan manusia dan hubungannya dengan Allah. Alur-alur ini menunjukkan bahwa manusia memiliki tanggung jawab untuk hidup dengan penuh kasih dan pujian kepada Allah."
Ayub,26,"**Tema utama:** Pengorikan pada manfaat dan manfaat yang diperoleh dari bantuan, motivasi, dan pengetahuan.

**Konteks:** pasal Alkitab tersebut membahas tentang manfaat dari berbagai bentuk bantuan, motivasi, dan pengetahuan bagi manusia, serta bagaimana mereka dapat membantu mereka mencapai tujuan hidup yang lebih baik."
Ayub,27,"**Tema utama:** Pengorikan diri pada Allah dan hidup yang penuh dengan kasih dan keselamatan.

**Konteks:** pasal ini membahas tentang kepercayaan dan perilaku yang dapat membantu seseorang menghadapi tantangan dan mencapai keselamatan."
Ayub,28,"**Tema utama:** Penghajaran dan Pencarian Hikmat

**Konteks:** pasal ini membahas tentang berbagai cara yang digunakan oleh orang untuk mencari dan menemukan makna dan tujuan hidup mereka."
Ayub,29,"**Tema utama:** Pengiklanan dan Pencerapan Kehidupan

**Konteks:** pasal ini membahas tentang pengalaman- pengalaman yang menunjukkan kekuatan dan ketekunan Allah dalam hidup manusia, serta makna hidup yang dapat diperoleh dari pengalaman-pengalaman tersebut."
Ayub,30,"**Tema utama:** Pengakutasi dan kekecekan manusia

**Konteks:** pasal ini membahas tentang orang-orang yang terjebak dalam kondisi pengakutasi dan kekecekan, serta bagaimana mereka berusaha untuk bertahan hidup dan mencari harapan."
Ayub,31,"**Tema utama:** Kejahatan dan Kehidupan

**Konteks:** pasal Alkitab ini membahas tentang perilaku manusia dan hubungannya dengan Allah."
Ayub,32,"**Tema utama:** Ketakutan dan penghenapan pengetahuan

**Konteks:** pasal ini membahas tentang tiga orang yang menghindasi sanggahan mereka terhadap Ayub, dan bagaimana Elihu bin Barakheel menangguhkan bicaranya dengan Ayub karena mereka lebih tua dari dia."
Ayub,33,"**Tema utama:** Pengorikan diri pada Allah dan menerima kebenaran.

**Konteks:** pasal ini membahas tentang dua orang, Ayub dan Muhammad, yang berusaha mendapatkan kebenaran dari Allah."
Ayub,34,"**Tema utama:** Pengambilan keputusan dan perilaku yang tepat

**Konteks:** pasal ini membahas tentang perilaku manusia dan bagaimana mereka dapat menentukan apa yang benar dan adil."
Ayub,35,"1. Alkitab membahas tentang perilaku dan sikap manusia, terutama tentang pertanyaan dan jawaban yang saling menguntungkan.
2. Konteksnya terkait dengan kepercayaan dan hubungan dengan Allah.
3. Tema utama adalah tentang perilaku dan sikap yang tepat dalam hubungan dengan Allah."
Ayub,36,"**Tema utama:** Pengorikan diri pada Allah dan hidup yang bermakna.

**Konteks:** pasal ini membahas tentang orang-orang yang hidup dengan tujuan dan makna, serta bagaimana Allah menyertai mereka dalam perjalanan mereka."
Ayub,37,"**Tema utama:** Pengkekuhan dan kejayaan Allah

**Konteks:** pasal ini membahas tentang berbagai topik, termasuk pengkekuhan Allah, kejayaan, dan hubungan antara manusia dan Allah."
Ayub,38,"**Tema utama:** Pengenalan dan Pengambilan Keputusan

**Konteks:** pasal ini membahas tentang berbagai topik tentang pengambilan keputusan, termasuk pertanyaan tentang pengetahuan, makna, dan tanggung jawab."
Ayub,39,"1. Engkau mengetahui waktunya kambing gunung beranak atau mengamat-amati rusa waktu sakit beranak.
2. Engkau dapat menghitung lamanya sampai genap bulannya dan mengetahui waktunya beranak.
3. Engkau melahirkan anak-anaknya dan mengeluarkan isi kandungannya.
4. Anak-anaknya menjadi kuat dan besar di padang, mereka pergi dan tidak kembali lagi kepada induknya.
5. Siapakah yang mengumbar keledai liar, atau siapakah yang membuka tali tambatan keledai jalang?"
Ayub,40,"1. Pertanyaan Ayub tentang jawaban TUHAN tentang perilaku pengecam.
2. Pertanyaan Ayub tentang perilaku yang dilakukan oleh engkau.
3. Pertanyaan Ayub tentang perilaku yang dilakukan oleh orang-orang fasik."
Ayub,41,"**Tema utama:** Kehidupan dan kemakian manusia

**Konteks:** pasal ini membahas tentang perilaku dan karakter manusia, termasuk kemampuan mereka untuk menghadapi tantangan dan mencapai tujuan mereka."
Ayub,42,"**Tema utama:** Penghajaran dan pencerahan dalam kehidupan Ayub.

**Konteks:** pasal ini membahas tentang perjalanan dan pengalaman Ayub, termasuk pengalamannya dengan TUHAN, Elifas, dan lain-lain orang."
Bilangan,1,"**Tema utama:** Pengcountan dan penamaan umat Israel di dalam Alkitab

**Konteks:** pasal ini membahas tentang pengcountan dan penamaan umat Israel di dalam Alkitab, termasuk jumlah orang yang berumur dua puluh tahun ke atas dan yang sanggup berperang."
Bilangan,2,"Tema utama dari pasal Alkitab tersebut adalah tentang pencatatan orang Israel menurut suku-suku mereka. Konteksnya adalah tentang perintah TUHAN kepada Musa dan Harun untuk berkemah masing-masing dekat panji-panjinya, dan kemudian mereka berangkat sesuai dengan kaum dan sukunya."
Bilangan,3,"**Tema utama:** Pengkajian tentang keturunan Harun dan Musa di Gunung Sinai.

**Konteks:** pasal ini membahas tentang keturunan dan peran penting anak-anak Harun dan Musa di antara orang Israel di zaman TUHAN."
Bilangan,4,"**Tema utama:** Pengelolaan barang dan tugas kaum-kaum di Kemah Pertemuan

**Konteks:** pasal ini membahas tentang tanggung jawab dan tugas yang harus dilakukan oleh kaum-kaum di Kemah Pertemuan, terutama tentang pengelolaan barang dan tugas-tugas terkait."
Bilangan,5,Tema utama dari pasal Alkitab tersebut adalah tentang hukum tentang cemburuan dan bagaimana seseorang dapat memperoleh perdangannya setelah melakukan tindakan cemburu. Konteksnya terkait dengan perilaku dan tindakan yang dilakukan oleh orang-orang dalam kehidupan mereka.
Bilangan,6,Tema utama pasal Alkitab ini adalah tentang hukum tentang orang nazir dan bagaimana mereka harus berakui dan berberikan persembahan kepada TUHAN. Konteksnya adalah tentang orang-orang yang menazarkan persembahan mereka kepada TUHAN berdasarkan kenazirannya.
Bilangan,7,"Tema utama dari pasal Alkitab tersebut adalah tentang **persembahan dan pentahbisan mezbah** yang dilakukan oleh para pemimpin Israel di dalam Kemah Pertemuan. Mesbah itu merupakan simbol pentahbisan dan pengorangan bagi para pemimpin, dan merupakan bukti dari kekuatan dan ketaatan mereka terhadap Allah.

Selain itu, pasal ini juga membahas tentang **perjanjian dan tanggung jawab** yang diberikan kepada para pemimpin, serta tentang **tugas dan tanggung jawab** mereka terhadap Allah."
Bilangan,8,Tema utama dari pasal Alkitab ini adalah tentang perintah TUHAN kepada Musa mengenai tugas dan tanggung jawab orang Lewi. Konteksnya terkait dengan tugas dan tanggung jawab orang-orang di Israel untuk membantu orang lain dan mengikuti perintah TUHAN.
Bilangan,9,"Tema utama dari pasal Alkitab tersebut adalah tentang ritual Paskah dan kewajiban orang Israel untuk merayakannya secara tepat. Konteksnya membahas tentang waktu, tempat, dan cara merayakan Paskah, serta kewajiban orang-orang untuk mengikuti perintah TUHAN."
Bilangan,10,Tema utama dari pasal Alkitab tersebut adalah tentang perintah-perintah Allah kepada bangsa Israel untuk berakhi dan bermeditasi. Konteksnya terkait dengan perjalanan Musa ke Kemah Suci dan peristiwa-peristiwa yang terjadi di perjalanan tersebut.
Bilangan,11,"**Tema utama:** Pengakui dan menindaklanjut pada kenyataan

**Konteks:**
* Pengakui dan menerima kenyataan buruk yang diterima oleh bangsa.
* Berikan penjelasan dan solusi untuk masalah yang terjadi.
* Berikan dukungan dan semangat kepada bangsa yang terjebak dalam situasickeye."
Bilangan,12,"1. Miryam dan Harun mengatai Musa tentang perempuan Kush yang diambilnya.
2. Kata TUHAN menunjukkan bahwa Musa hanya berfirman dengan perantaraan saja.
3. Musa adalah seorang yang sangat lembut hatinya, lebih dari setiap manusia lainnya."
Bilangan,13,"Tema utama dari pasal Alkitab ini adalah tentang perjalanan dan keadaan negeri Israel. Konteksnya meliputi perintah Musa kepada orang-orang untuk mengintai tanah Kanaan, penjelasan tentang keadaan negeri, dan pesan-pesan yang disampaikan kepada orang Israel."
Bilangan,14,"**Tema:** Kejahatan dan Kekecekan

**Konteks:** pasal ini membahas tentang pengalaman Musa dan Harun di Mesir, di mana mereka menghadapi tantangan dan kekecekan dari orang-orang yang telah mengintai negeri itu."
Bilangan,15,"**Tema utama:** Pengorbanan dan penangkuhan dalam Alkitab

**Konteks:** Pengorbanan merupakan bagian penting dari agama Israel, di mana orang-orang harus mempersembahkan korban api-apian untuk memenuhi permintaan TUHAN. Konteks ini membahas tentang bagaimana orang-orang harus mempersembahkan korban yang tepat sesuai dengan peraturan yang ditetapkan oleh TUHAN."
Bilangan,16,"**Tema utama:** Pengakui dan menuntut pangkat imam bagi umat Israel

**Konteks:**

* Perjanjian antara Musa dan Korah tentang pengakui dan menuntut pangkat imam bagi umat Israel.
* Perjanjian antara Musa dan Harun tentang pengakui dan menuntut pangkat imam bagi umat Israel.
* Perjanjian antara Musa dan Datan dan Abiram tentang pengakui dan menuntut pangkat imam bagi umat Israel."
Bilangan,17,"**Tema utama:** Pengwibawaan dan tanda-tanda sungut-sungut

**Konteks:** pasal Alkitab ini membahas tentang bagaimana Musa memberikan tanda-tanda kepada orang Israel, termasuk tongkat Harun sebagai tanda bagi orang durhaka."
Bilangan,18,"**Tema utama:** Pengelolaan dan tanggung jawab terhadap tempat kudus

**Konteks:** pasal Alkitab yang disorot tentang tanggung jawab dan perilaku yang harus dilakukan oleh orang-orang Israel, terutama imam Harun."
Bilangan,19,Tema utama dari pasal Alkitab tersebut adalah tentang ritual penghapusan dosa dan pengobatan orang yang telah mentahani. Konteksnya terkait dengan hukum dan pengorangan yang diberikan oleh TUHAN kepada orang-orang di Israel.
Bilangan,20,"**Tema utama:** Pengeluaran air dan keselamatan orang Israel di Kadesh.

**Konteks:** pasal ini menunjukkan bahwa orang Israel berusaha bertahan hidup di Kadesh meskipun mereka kekurangan air. Mereka menghadapi ancaman dari ilman dan harus memenuhi kebutuhan mereka dengan yang terbatas."
Bilangan,21,"**Tema utama:** Peng consiguientean peristiwa dalam Alkitab terhadap peristiwa selanjutnya

**Konteks:**

1. Perjalanan Israel dari Atarim ke Horma.
2. Perjanjian Allah dengan Musa tentang ular-ular tedung.
3. Perjanjian Allah dengan Musa tentang pembuatan air dan keselamatan bangsa Israel.
4. Perjalanan orang Israel dari Obot ke Beer.
5. Perjanjian Allah dengan Musa tentang pengumpulan air di Beer."
Bilangan,22,"**Tema utama:** Pengambilan keputusan dan perilaku manusia

**Konteks:**
* Pengambilan keputusan dan perilaku manusia dapat mempengaruhi fate dan kehidupan mereka.
* Orang-orang yang bertindak dengan baik dapat memperoleh manfaat dan penghargaan, sedangkan orang-orang yang bertindak dengan buruk dapat mengalami hukuman.
* Pertimbangan dan refleksi dapat membantu kita untuk memahami perilaku dan mengambil keputusan yang tepat."
Bilangan,23,"**Tema utama:** Pengikutan dan penyamakan Allah

**Konteks:** pasal ini membahas tentang dua orang, Bileam dan Balak, yang berusaha mencapai keselamatan dan pengikutan kepada Allah."
Bilangan,24,"1. Alkitab menunjukkan bahwa Allah menghadapkan Mukanya ke arah padang gurun ketika melihat Bileam.
2. Alkitab menunjukkan bahwa Allah menghinggapi orang Israel dengan suara yang teraukas.
3. Alkitab menunjukkan bahwa Allah menciptakan air di dalam dan di luar, serta menanamkan tanaman di berbagai tempat."
Bilangan,25,"**Tema utama:** Kejadian dan Perjanjian

**Konteks:** pasal ini membahas tentang peristiwa-peristiwa penting dalam sejarah Israel, termasuk hubungan antara Israel dan Midian, serta tindakan-tindakan yang diambil oleh Musa untuk menyelamatkan orang-orang Israel."
Bilangan,26,"**Tema utama:** Pengdivisi tanah di antara suku-suku Israel

**Konteks:** pasal ini membahas tentang pengdivisi tanah di antara suku-suku Israel berdasarkan jumlah dan jenis orang yang berumur dua puluh tahun ke atas."
Bilangan,27,"**Tema utama:** Penghapusan nama ayah dari kaum Manasye bin Yusuf

**Konteks:** pasal ini membahas tentang hukum yang diterapkan pada orang-orang yang tidak memiliki anak laki-laki, dan bagaimana mereka harus dihapus dari tengah-tengah kaumnya."
Bilangan,28,Tema utama dari pasal Alkitab ini adalah tentang ritual sacrifice dan penangangan. Konteksnya terkait dengan perintah-perintah Allah untuk orang-orang Israel untuk mempersembahkan korban bakaran dan korban sajian sebagai bentuk pengujudan kesejahteraan dan keselamatan mereka kepada Allah.
Bilangan,29,"**Tema utama:** Pengorbanan dan penangkuhan dalam Alkitab

**Konteks:** Pengorbanan merupakan tindakan yang dilakukan oleh orang-orang untuk menunjukkan kesejahteraan, penghargaan, dan pengakuan kepada Tuhan. Dalam Alkitab, terdapat banyak contoh tentang orang-orang yang melakukan pengorbanan, termasuk Abraham, Isaac, dan Jesus."
Bilangan,30,"**Tema utama:** Nazar dan janji dalam Alkitab

**Konteks:** pasal ini membahas tentang nazar dan janji yang berlaku atau tidak berdasarkan perilaku dan ucapan orang lain."
Bilangan,31,"**Tema utama:** Pengakui dan menindaklanjut pesan TUHAN terhadap bangsa Israel.

**Konteks:**
* Perintah TUHAN kepada Musa untuk menjembatani orang Israel kepada Midian.
* Perintah TUHAN kepada Musa untuk menjembatani pasukan Israel untuk berperang melawan Midian.
* Perintah TUHAN kepada para prajurit untuk membunuh semua orang muda dan perempuan yang pernah bersetubuh dengan laki-laki."
Bilangan,32,"**Tema utama:** Pengambilan keputusan dan perilaku yang dilakukan oleh orang-orang Israel di tanah Kanaan.

**Konteks:** pasal ini membahas tentang keputusan-kebijakan penting yang dibuat oleh orang-orang Israel di tanah Kanaan, termasuk pengambilan keputusan tentang tempat untuk tinggal, perencanaan makanan, dan perilaku yang akan dilakukan."
Bilangan,33,"**Tema utama:** Pengexplorasi perjalanan orang Israel setelah keluar dari tanah Mesir.

**Konteks:** pasal ini membahas tentang perjalanan orang-orang Israel dari Rameses ke Elim, serta perjalanan Musa dan Harun dari Har-Syafer ke Kadesh."
Bilangan,34,"**Tema utama:** Pengdefisi batas tanah Kanaan

**Konteks:** pasal ini membahas tentang batas-batas tanah Kanaan yang diberikan oleh TUHAN kepada orang-orang Israel di tanah Kanaan."
Bilangan,35,"Tema utama pasal Alkitab ini adalah tentang tanggung jawab dan hak-hak orang Israel terhadap tanah dan kota-kota mereka. Konteksnya melibatkan orang-orang Israel yang akan menerima kota-kota sebagai hadiah dari Allah, dan tanggung jawab mereka untuk memberikannya kepada orang lain."
Bilangan,36,"1. Mendekatlah kepala-kepala puak dari kaum bani Gilead bin Makhir bin Manasye dan berbicara di depan Musa dan pemimpin-pemimpin, kepala-kepala suku orang Israel.


2. Kata mereka tentang memberikan tanah dan milik pusaka Zelafehad kepada anak-anak perempuan.


3. Permintaan dan peraturan yang diperintahkan TUHAN kepada orang Israel tentang kawin anak-anak perempuan Zelafehad dengan anak-anak lelaki dari pihak saudara-saudara ayah mereka."
Daniel,1,"**Tema utama:** Pengkehidupan dan tugas para tokoh dalam istana raja

**Konteks:** pasal ini membahas tentang kehidupan dan tugas para tokoh penting dalam istana raja, seperti Daniel, Hananya, Misael, dan Azarya."
Daniel,2,"**Tema utama:** Pengkehidupan dan tugas para Kasdim

**Konteks:** pasal ini membahas tentang mimpi yang diterima oleh para Kasdim, dan bagaimana mereka berusaha untuk menyampaikan makna dari mimpi tersebut kepada raja."
Daniel,3,"**Tema utama:** Pengkekuatan dan pemujaan Allah terhadap tiga orang suci (Sadrakh, Mesakh dan Abednego)

**Konteks:**
* Raja Nebukadnezar ingin mempersorotkan tiga orang suci (Sadrakh, Mesakh dan Abednego) untuk menyembah patung emasnya.
* Mereka dipamakkan untuk menyembah patung, tetapi mereka menolak dan menjebakkannya di dalam perapian yang menyala-nyala.
* Mereka tersekut dari api oleh Raja Nebukadnezar dan jatuh ke dalam perapian yang menyala-nyala."
Daniel,4,"**Tema utama:** Pengkekuasaan Allah terhadap kerajaan manusia

**Konteks:** pasal ini membahas tentang mimpi yang diterima oleh Raja Nebukadnezar dari Allah, yang berisi makna dan makna mimpi tersebut."
Daniel,5,"**Tema utama:** Pengkekuatan Allah terhadap Raja Belsyazar

**Konteks:** pasal ini membahas tentang perjamuan yang dilakukan Raja Belsyazar untuk para pembesarnya, termasuk perkakas dari emas dan perak yang diambil dari Bait Suci di Yerusalem. Selain itu, terdapat juga makna perkataan yang disampaikan oleh Daniel kepada Raja Belsyazar."
Daniel,6,"**Tema utama:** Pengkanangan dan penangkapan Daniel oleh raja Darius.

**Konteks:**
* Perjalanan Daniel ke Jerusalem.
* Perjanjian Allah dengan raja Darius.
* Peraların penangkapan Daniel oleh raja Darius."
Daniel,7,"Tema utama pasal Alkitab ini adalah tentang tentang pengalaman seorang tokoh bernama Daniel di dalam mimpi. Konteksnya adalah tentang pengalaman penantiannya di tempat tersembunyi, di mana dia menerima penglihatan-penglihatan dari Allah."
Daniel,8,"Tema utama dari pasal Alkitab ini adalah tentang penglihatan tentang akhir masa dan akhir zaman. Konteksnya adalah tentang peristiwa-peristiwa yang terjadi di dalam sejarah, termasuk pengangkatan, penangkapan, dan penyamak."
Daniel,9,"**Tema utama:** Pengeluaran dosa dan kesalahan

**Konteks:** pasal Alkitab yang disorotkan tentang pengalaman Daniel di Yerusalem, di mana dia menghadapi hukuman karena dosa dan kesalahannya."
Daniel,10,"**Tema utama:** Pengkejadian dan kekuatan dalam kehidupan

**Konteks:** pasal ini membahas tentang pengalaman seorang Daniel di bawah pengaruh firman dari orang Persia, serta bagaimana kekuatan dan ketakutannya mempengaruhi hidupnya."
Daniel,11,"1. Sebuah tunas yang seakar dengan puteri raja negeri Selatan akan menggantikan orang itu dan bergerak maju melawan tentara raja negeri Utara.
2. Beberapa tahun kemudian, puteri raja negeri Selatan akan kembali dan akan menjadi lebih kuat dari padanya, sehingga kekuasaannya akan menjadi kekuasaan yang besar.
3. Sebuah tunas yang seakar dengan puteri itu menggantikan orang itu dan bergerak maju melawan tentara raja negeri Utara, yang telah mengerahkan sejumlah tentara besar, dan dengan banyak perlengkapan perang."
Daniel,12,"**Tema utama:** Penghagiaan dan pencerahan di akhir zaman

**Konteks:** pasal ini membahas tentang harapan dan semangat yang akan menjadi kekuatan bagi orang-orang di akhir zaman, meskipun ada tantangan dan kesibukan yang akan mereka temukan."
Efesus,1,"1. Pengkehidupan Kristus Yesus menjadi sasaran keahlian Allah untuk mengaruniakan orang-orang.
2. Allah memberikan kasih karunia dan damai sejahtera bagi semua orang yang percaya pada Jesus Kristus.
3. Allah memilih kita sebelum dunia menjadi anak-anak-Nya, sesuai dengan kerelaan kehendak-Nya.
4. Allah telah memilih kita sebelum dunia dijadikan, supaya kita tidak terjerumus oleh kekuatan dunia.
5. Allah telah menentukan kita dari semula oleh Jesus Kristus untuk menjadi anak-anak-Nya."
Efesus,2,"**Tema utama:** Pengorikan diri pada Allah dan hubungan kita dengan Allah.

**Konteks:** pasal ini membahas tentang kehidupan kita sebelum dan setelah kita bertemu dengan Allah melalui Jesus Kristus."
Efesus,3,"**Tema utama:** Pengkarya kasih karunia Allah

**Konteks:** pasal ini membahas tentang makna dan peran Allah dalam kehidupan manusia, serta tentang kepedulian dan tanggung jawab mereka terhadap satu sama lain."
Efesus,4,"**Tema utama:** Kehidupan dan kasih sayang dalam Islam

**Konteks:** pasal ini membahas tentang perilaku dan sikap yang perlu dilakukan oleh manusia untuk mencapai kesatuan dengan Allah."
Efesus,5,"Tema utama dari pasal Alkitab ini adalah tentang hubungan antara Allah dan manusia. Konteksnya membahas tentang pencerahan, keselamatan, dan hubungan yang kuat antara orang-orang dengan Tuhan."
Efesus,6,"**Tema utama:** Pengorikan pada perilaku dan tindakan yang dilakukan oleh orang-orang dalam Alkitab untuk mencapai tujuan dan keselamatan.

**Konteks:** pasal ini membahas tentang perilaku dan tindakan yang dilakukan oleh orang-orang dalam Alkitab untuk mencapai tujuan dan keselamatan."
Ester,1,"**Tema utama:** Pengkanangan kekayaan dan keindahan alam di Ahasyweros.

**Konteks:** pasal ini membahas tentang aturan minum dan perilaku yang diterapkan di Ahasyweros, termasuk ritual-ritual yang dilakukan untuk memastikan kelangsungan kekayaan dan keamanan."
Ester,2,"Tema utama dari pasal Alkitab ini adalah tentang tentang bagaimana Ester, anak saudara ayahnya Mordekhai, diadi dan diterima oleh Raja Ahasyweros. Konteksnya adalah tentang peristiwa-peristiwa yang terjadi sebelum dan setelah Ester diterima oleh Raja Ahasyweros."
Ester,3,"1. Sesudah peristiwa-peristiwa, Haman bin Hamedata dikarunia kebesaran oleh raja Ahasyweros.
2. Semua pegawai raja yang di pintu gerbang istana raja sujud kepada Haman, sedangkan Mordekhai tidak sujud.
3. Para pegawai raja yang di pintu gerbang istana raja berkata kepada Mordekhai: ""Mengapa engkau melanggar perintah raja?""
4. Haman melihat bahwa Mordekhai tidak berlutut dan sujud kepadanya, maka sangat panaslah hati Haman.
5. Haman mencari ikhtiar memunahkan semua orang Yahudi, termasuk bangsa Mordekhai, di seluruh kerajaan Ahasyweros."
Ester,4,"**Tema utama:** Pengkejadian dan hukuman bagi orang Yahudi di dalam istana raja.

**Konteks:** pasal ini membahas tentang bagaimana hukuman yang diterapkan kepada orang Yahudi di dalam istana raja, termasuk hukuman mati dan pembanasaan."
Ester,5,"**Tema utama:** Pengnuansa dan perilaku Haman dalam perjamuan dengan Ester.

**Konteks:**
* Ester adalah seorang ratu yang bertanggung jawab untuk mengatur perjamuan dengan raja.
* Haman adalah seorang tokoh yang berusaha untuk menghakimi Ester.
* Perjamuan ini melibatkan tindakan dan kata-kata yang menunjukkan kekuatan dan kelemahan antara Ester dan Haman."
Ester,6,"**Tema utama:** Pengnuansa tentang sejarah dan kekecekan

**Konteks:** pasal Alkitab yang disorotkan tentang Raja Ahasyweros, Mordekhai, dan Haman."
Ester,7,"Tema utama dari pasal Alkitab ini adalah tentang tindakan dan perilaku dari Haman, raja yang membunuh Ester. Konteksnya terkait dengan cerita tentang penjafan Ester dan penganiaya dan musuh yang ingin mendapatkan kasih raja."
Ester,8,"**Tema utama:** Pengambilan keputusan dan tindakan terhadap orang Yahudi.

**Konteks:** pasal ini membahas tentang bagaimana raja Ahasyweros mengambil keputusan untuk mengejar rancangan Haman bin Hamedata, orang Agag itu, serta rancangan lainnya yang akan mempengaruhi orang Yahudi di seluruh negara."
Ester,9,"**Tema utama:** Kejadian Purim dan simbolitasnya bagi orang Yahudi

**Konteks:** pasal Alkitab yang disorotkan tentang peristiwa Purim, di mana orang Yahudi diwarisi oleh Haman bin Hamedata dan kemudian terbunuh oleh para curah."
Ester,10,"**Tema utama:** Pengramalan tentang Raja Ahasyweros dan Mordekhai

**Konteks:**

1. Pengramalan tentang upeti dan kebijakan raja Ahasyweros terhadap negeri dan daerah pesisir.
2. Perita dan tindakan Mordekhai yang hebat serta pemberitaan yang seksama tentang kebesaran yang dikaruniakan kepada Raja Ahasyweros.
3. Biografi Mordekhai sebagai orang kedua di bawah Raja Ahasyweros dan hubungannya dengan banyak sanak saudaranya."
Ezra,1,Tema utama pasal Alkitab ini adalah tentang perintah Raja Koresh untuk membangun rumah bagi Allah di Yerusalem. Konteksnya adalah tentang pengangguhan orang-orang untuk membangun rumah bagi Allah di tanah Israel.
Ezra,2,"**Tema utama:** Pengmigrationsasi orang-orang propinsi Yehuda dari Babel ke Yerusalem

**Konteks:**
* Pengmigrationsasi orang-orang propinsi Yehuda dari Babel ke Yerusalem merupakan peristiwa penting dalam sejarah Israel.
* Pengmigrationsasi ini menunjukkan kemampuan orang-orang untuk bertahan dan membangun kehidupan mereka di tempat baru.
* Event ini juga menunjukkan kekuatan dan kekuatan Allah dalam melindungi dan melindungi orang-orang yang berbisik."
Ezra,3,"1. Pengconstruction mezbah Allah Israel dilakukan oleh para imam, para saudara-saudaranya, dan Zerubabel bin Sealtiel beserta saudara-saudaranya untuk mempersembahkan korban bakaran di atas mezbah.


2. Pengconstruction mezbah Allah Israel bertujuan untuk mempersiapkan korban bakaran untuk TUHAN, dan setiap hari, orang mempersembahkan persembahan sukarela kepada TUHAN.


3. Pengconstruction mezbah Allah Israel dilakukan dengan tujuan untuk mempersiapkan tempat bagi orang-orang untuk melakukan pekerjaan yang dilakukan oleh TUHAN."
Ezra,4,"1. Orang-orang yang pulang dari pembuangan itu membangun bait suci untuk TUHAN, Allah Israel.
2. Zerubabel, Yesua dan para kepala kaum keluarga orang Israel membangun rumah bagi Allah mereka.
3. Orang-orang Yehuda dan Benyamin menunda membangun rumah bagi Allah mereka karena mereka merasa terjebak dalam perang."
Ezra,5,"**Tema utama:** Perkembangan rumah Allah di Yerusalem

**Konteks:** pasal ini membahas tentang perkembangan rumah Allah di Yerusalem selama beberapa periode, termasuk pendiriannya oleh nabi-nabi Allah, pembangunan oleh Zerubabel dan Yesua, dan akhirnya oleh raja Darius."
Ezra,6,Tema utama dari pasal Alkitab tersebut adalah tentang perintah raja Darius untuk membangun rumah Allah di Yerusalem. Konteksnya adalah tentang perintah yang dikeluarkan oleh raja Darius untuk membangun rumah Allah di tempat naskah-naskah di Babel.
Ezra,7,"1. Ezra bin Seraya bin Azarya bin Hilkia berangkat dari Babel untuk meneliti Taurat TUHAN.
2. Ezra membawa perak dan emas sebagai persembahan sukarela kepada Allah Israel.
3. Ezra memberikan perintah kepada pemimpin-pemimpin dan hakim untuk menghakimi seluruh rakyat di daerah seberang sungai Efrat."
Ezra,8,"**Tema utama:** Pengkehidupan dan peran kaum keluarga dalam masyarakat Israel

**Konteks:** pasal ini membahas tentang perjalanan dan peran kaum keluarga dalam masyarakat Israel di zaman pemerintahan raja Artahsasta."
Ezra,9,"**Tema utama:** Kejahatan dan Kesalahan dalam Perjalanan Alkitab

**Konteks:** pasal ini membahas tentang perilaku dan tindakan orang-orang Israel yang melanggar perintah Allah dan menyebabkan kejahatan bagi diri mereka dan negara mereka."
Ezra,10,"**Tema utama:** Pengeluaran perempuan asing oleh para pemimpin Israel.

**Konteks:** pasal ini membahas tentang tindakan-tindakan yang dilakukan oleh para pemimpin Israel terhadap perempuan asing yang diperistri."
Filemon,1,"**Tema utama:** Kehidupan dan peran Jesus Kristus dalam hidup manusia.

**Konteks:** pasal ini membahas tentang kasih dan karunia yang diterima oleh Jesus Kristus, serta perannya dalam kehidupan manusia."
Filipi,1,"**Tema utama:** Kehidupan dan peran Jesus Kristus dalam hidup manusia.

**Konteks:** pasal ini membahas tentang kepercayaan pada Jesus Kristus sebagai solusi bagi kehidupan dan keselamatan."
Filipi,2,"**Tema utama:** Kehidupan dan pelayanan Kristus

**Konteks:** pasal ini membahas tentang mourir dan kembali hidup di dalam Christos, serta bagaimana orang-orang dapat memperoleh kekuatan dan keselamatan melalui nama-nama Jesus."
Filipi,3,"**Tema utama:** Pengaruh kepercayaan pada hal-hal lahiriah terhadap kehidupan seseorang.

**Konteks:** pasal ini membahas tentang orang-orang yang berfikiran dan berusaha untuk mencapai kebangkitan melalui kepercayaan pada Allah."
Filipi,4,"1. Pengkuasa-ku yang kukasihi dan kurindukan berdirilah dengan teguh di dalam Tuhan.
2. Euodia dan Sintikhe menunjukkan sikap yang tepat dan suci.
3. Kuminta kepadamu kepada Allah menunjukkan kesejahteraan dan kasih sayang.
4. Bersukacitalah senantiasa dalam Tuhan, menunjukkan sikap yang teratur dan terampil.
5. Allah sudah dekat dan menuntut ucapan syukur.
6. Jangan kuatir tentang apa pun, tetapi nyatakan keinginanmu kepada Allah.
7. Damai sejahtera Allah, menunjukkan kasih dan kesejahteraan.
8. Semua yang benar dan mulia, didengar dan diwariskan oleh Allah.
9. Allah menyertai kita dengan kekuatan dan semangat.
10. Kemanusiaan dan perhatian yang kita miliki, adalah bukti dari kekuatan Allah.
11. Aku telah belajar dan menerima apa yang telah saya dengar dan lihat padaku.
12. Kehidupan kita penuh dengan rahasia dan kelimpahan, namun Allah selalu mencintai kita.
13. Aku tahu kekuatan dan kemampanan yang ada di dalam diriku.
14. Namun, aku telah mengambil bagian dalam kesusahanku dan telah menerima manfaatnya.
15. Aku telah menerima semua yang perlu dari Allah, termasuk kasih dan keselamatan.
16. Aku berkelimpahan karena aku telah menerima kiriman yang harum.
17. Allah akan memenuhi semua kebutuhan kita, termasuk yang kita kaji.
18. Aku telah menerima semua yang perlu dari Allah, termasuk kasih dan keselamatan.
19. Allah akan memenuhi segala kebutuhan kita menurut kekayaan dan kemuliaan-Nya.
20. Berikan salamku kepada Allah dan Bapa kita.
21. Salam kepadamu dari saudara-saudara, yang bersama-sama dengan aku.
22. Salam kepadamu dari segala orang kudus, khususnya dari mereka yang di istana Kaisar.
23. Kasih karunia Tuhan menyertai rohmu!"
Galatia,1,"**Tema utama:** Pengkategorian Injil Kristal

**Konteks:** pasal ini membahas tentang Injil Kristal dan bagaimana ia diwarisi dan diwariskan dari orang lain."
Galatia,2,Tema utama dari pasal Alkitab ini adalah tentang tentang kepercayaan dan iman dalam hidup. Konteksnya membahas tentang orang-orang yang dianggap terpandang dan bagaimana mereka diwarisi oleh Allah.
Galatia,3,"1. Hai orang-orang Galatia yang bodoh, siapa yang telah mempesona kamu?
2. Hanya ini yang hendak kuketahui dari pada kamu: Adakah kamu telah menerima Roh karena melakukan hukum Taurat atau karena percaya kepada pemberitaan Injil?
3. Adakah kamu sebodoh itu? Kamu telah mulai dengan Roh, maukah kamu sekarang mengakhirinya di dalam daging?"
Galatia,4,"**Tema utama:** Kehidupan dan peran anak-anak dalam Islam.

**Konteks:** pasal ini membahas tentang pentingnya anak-anak dalam Islam dan bagaimana mereka dapat memperoleh kejayaan dan keselamatan di mata Allah."
Galatia,5,"1. Kristus telah memberi kekuatan dan keselamatan kepada orang-orang yang menyunatkan diri mereka.
2. Sesungguhnya, Allah tidak akan menyerah pada orang-orang yang menyunatkan diri mereka.
3. Semua hukum Taurat tercantum dalam satu firman, yaitu ""Kasihilah sesamamu manusia seperti dirimu sendiri!"".
4. Orang-orang yang hidup di luar kasih karunia dan mengharapkan kebenaran oleh hukum Taurat akan menanggung hukuman.
5. Allah menantikan kebenaran yang kita harapkan, dan itu dilakukan melalui kasih.
6. Allah hanya menyerahkan kebenaran yang bekerja dengan kasih.
7. Siapakah yang menghalangi kebenaran lagi, adalah orang-orang yang berusaha untuk membantai diri mereka dari kebenaran.
8. Jangan menurutinya lagi, karena itu bukan datang dari Dia.
9. Semua makanan yang terparuk telah terkhamirkan.
10. Allah yakin tentang kita, dan kita tidak memiliki pendirian lain dari pendirian ini.
11. Salib bukan batu sandungan, tetapi representasi dari pendirian kita.
12. Jangan membinasakan dirimu, karena itu bukan yang benar.
13. Jangan mempergunakan kemerdekaan kita sebagai kesempatan untuk kehidupan dosa.
14. Semua hukum Taurat tercantum dalam satu firman, yaitu: ""Kasihilah sesamamu manusia seperti dirimu sendiri!"".
15. Jangan saling menggigit dan menelan, karena itu akan menyebabkan kita saling membinasakan.
16. Maksudku ialah hiduplah oleh Roh, maka kamu tidak akan menuruti keinginan daging.
17. Perbuatan daging telah nyata, yaitu: percabulan, kecemaran, hawa nafsu,
18. Akan tetapi jikalau kamu memberi dirimu dipimpin oleh Roh, maka kamu tidak hidup di bawah hukum Taurat.
19. Perbuatan daging telah nyata, yaitu: percabulan, kecemaran, hawa nafsu,
20. penyembahan berhala, sihir, perseteruan, perselisihan, iri hati, amarah, kepentingan diri sendiri, percideraan, roh pemecah,
21. Kedengkian, kemabukan, pesta pora dan sebagainya. Terhadap semuanya itu kuperingatkan kamu--seperti yang telah kubuat dahulu--bahwa barangsiapa melakukan hal-hal yang demikian, ia tidak akan mendapat bagian dalam Kerajaan Allah.
22. Namun, buah Roh ialah: kasih, sukacita, damai sejahtera, kesabaran, kemurahan, kebaikan, kesetiaan,
23. Kelemahlembutan, penguasaan diri. Tidak ada hukum yang menentang hal-hal itu.
24. Barangsiapa menjadi milik Kristus Yesus, ia telah menyalibkan daging dengan segala hawa nafsu dan keinginannya.
25. Jikalau kita hidup oleh Roh, baiklah hidup kita juga dipimpin oleh Roh.
26. Janganlah kita gila hormat, janganlah kita saling menantang dan saling mendengki."
Galatia,6,"1. Pelanggaran adalah tindakan yang menyebabkan orang melakukan pelanggaran.
2. Penyalakan beban adalah tugas yang diberikan kepada orang untuk memenuhi hukum.
3. Padahal suatu tindakan berarti, itu bukan yang sebenarnya.
4. Setiap orang harus menilai diri sendiri dan tidak melihat keadaan orang lain.
5. Setiap orang akan menerima pengajaran yang diberikan.
6. Allah menerima pengajaran yang diberikan.
7. Allah tidak membagi apa yang telah ditabur.
8. Barangsiapa yang menabur dalam dagingnya akan menuai kebinasaan dari dagingnya.
9. Kita harus selalu berbuat baik, tetapi bukan saat sudah waktunya.
10. Kita harus berbuat baik kepada semua orang, tetapi terutama kepada kawan-kawan kita.
11. Huruf-huruf yang kutulis kepadamu dengan tanganku sendiri memiliki makna yang lebih besar.
12. Mereka yang berusaha memaksa kamu untuk bersunat, hanya dengan maksud untuk mencegah kamu dianiaya.
13. Mereka yang menyunatkan dirinyapun tidak memelihara hukum Taurat.
14. Aku sekali-kali tidak mau bermegah, karena dunia telah disalibkan bagiku.
15. Bersunat atau tidak bersunat, artinya sama, tetapi menjadi ciptaan baru.
16. Semua orang yang memberi dirinya dipimpin oleh patokan ini turunlah kiranya damai sejahtera dan rahmat atas mereka dan atas Israel milik Allah.
17. Tidak ada orang yang menyusahkan kita, karena pada tubuhku ada tanda-tanda milik Yesus.
18. Kami saudara-saudara, dan kasih karunia Tuhan kita Yesus Kristus menyertai Roh kita."
Habakuk,1,"1. Penglihatan nabi Habakuk berisi pesan tentang penindasan dan keadilan.
2. Bekerapan tentang hukum kehilangan kekuatan dan keadilan muncul di dalam pengorot.
3. Pengalaman Engkau menunjukkan bahwa keadilan dan keluhuran berasal dari padanya sendiri."
Habakuk,2,"**Tema utama:** Pengelolaan kepercayaan dan perilaku manusia.

**Konteks:** pasal ini membahas tentang kepercayaan dan perilaku manusia, dan bagaimana mereka mempengaruhi perilaku dan tindakan seseorang."
Habakuk,3,"1. Doa nabi Habakuk menyatakan bahwa Allah datang dari negeri Teman dan Yang Mahakudus dari pegunungan Paran.
2. TUHAN, melalui sentuhan-sentuhan, menyatakan bahwa hidup dan kematian adalah bagian dari lintasan tahun.
3. Engkau menunjukkan kekuatan dan kekekalan Allah dengan menunda waktu dan menunda peristiwa-peristiwa."
Hagai,1,"**Tema utama:** Pengkehidupan manusia dan hubungan dengan Allah

**Konteks:** pasal ini membahas tentang pesan-pesan dari Allah kepada bangsa Israel tentang membangun kembali rumah mereka dan menjabatkan pekerjaan-pekerjaan yang terkait dengan itu."
Hagai,2,"Tema utama pasal Alkitab ini adalah tentang tanda-tanda dan makna dari firman-firman TUHAN. Konteksnya terkait dengan peristiwa-peristiwa dalam sejarah, terutama tentang penangkatan dan pengorangan bangsa-bangsa."
Hakim-Hakim,1,"**Tema utama:** Pengambilan keputusan dan tindakan yang dilakukan oleh orang-orang dalam Alkitab.

**Konteks:** pasal ini membahas tentang perjalanan dan tindakan orang-orang dalam Alkitab, terutama tentang keputusan dan tindakan yang diambil mereka untuk mencapai tujuan mereka."
Hakim-Hakim,2,Tema utama dari pasal Alkitab ini adalah tentang perilaku dan tindakan orang-orang Israel terhadap TUHAN. Konteksnya adalah tentang perjanjian dan perilaku yang dilakukan oleh orang-orang Israel terhadap TUHAN.
Hakim-Hakim,3,"**Tema utama:** Pengobatan orang Israel untuk mencobai orang lain

**Konteks:** pasal ini membahas tentang perjalanan orang-orang Israel untuk mencobai orang lain dengan perantaraan mereka, terutama orang-orang Israel yang tidak mengenal perang Kanaan."
Hakim-Hakim,4,"Tema utama dari pasal Alkitab ini adalah tentang peristiwa-peristiwa tentang perjalanan Sisera dan Barak di Israel. Konteksnya meliputi peristiwa-peristiwa tentang pengangkuhan orang Israel oleh Yabin, Raja Kanaan, serta peristiwa-peristiwa tentang perjalanan Sisera dan Barak ke Kedesh."
Hakim-Hakim,5,"**Tema utama:** Pengkekuatan dan kekecekan Allah terhadap bangsa Israel.

**Konteks:** pasal ini membahas tentang peristiwa-peristiwa penting di dalam sejarah Israel, di mana Allah menunjukkan kekuatan dan kekecekannya terhadap bangsa Israel."
Hakim-Hakim,6,"**Tema utama:** Pengeluaran makanan dan pembanjir oleh orang Midian terhadap orang Israel

**Konteks:**
* Perjanjian antara TUHAN dan orang Israel.
* Orang Midian memanfaatkan kesempatan untuk melakukan pembanjir terhadap orang Israel.
* TUHAN menyerahkan orang Israel kepada orang Midian sebagai pedoman untuk perilaku yang sah."
Hakim-Hakim,7,"**Tema utama:** Pengakui dan menerima panggilan Tuhan

**Konteks:**
* Perjalanan orang Midian ke Israel.
* Perjanjian antara Gideon dan TUHAN tentang pengakui dan menerima panggilan.
* Pengakui dan menerima panggilan Tuhan sebagai bukti keselamatan."
Hakim-Hakim,8,"**Tema utama:** Kejahatan dan kekecewaan

**Konteks:** pasal Alkitab yang disorotkan tentang perjalanan dan kekecewaan orang-orang Israel dan Gideon."
Hakim-Hakim,9,"**Tema utama:** Kejahatan dan kekecekan

**Konteks:** pasal ini membahas tentang peristiwa-peristiwa yang terjadi di kota Sikhem, Israel, di mana Abimelekh bin Yerubaal memimpin pasukannya untuk membunuh semua ketujuh puluh anak Yerubaal."
Hakim-Hakim,10,"**Tema utama:** Pengakutkan dan pengorangan orang Israel di tanah Gilead.

**Konteks:** pasal ini menunjukkan bagaimana orang Israel terpengaruh oleh kekuatan dan kekecewaan Allah, serta bagaimana mereka berusaha untuk mempertahankan kebebasan mereka dari penjajaman."
Hakim-Hakim,11,"**Tema utama:** Pengorikan terhadap kekecewaan dan ketekunan orang Israel terhadap Yefta, seorang pahlawan yang gagah perkasa.

**Konteks:** pasal ini menunjukkan bahwa orang Israel sangat ketekunan dalam mempertahankan kekecewaan mereka terhadap Yefta, meskipun dia telah berusaha untuk membunuh mereka. Mereka berusaha untuk mencegah Yefta dari kembali, bahkan ketika dia sudah kembali dengan selamat."
Hakim-Hakim,12,"**Tema utama:** Pengeluaran nyawaku dan perjanjian dalam Alkitab

**Konteks:**
* Perjanjian antara orang Efraim dan Yefta
* Perjanjian antara orang Gilead dan suku Efraim
* Perjanjian antara orang Gilead dan suku Manasye
* Perjanjian antara orang Gilead dan suku Efraim"
Hakim-Hakim,13,"**Tema utama:** Pengorbanan dan kekecekan

**Konteks:** pasal ini membahas tentang pengorbanan orang Israel dan cerita tentang Manoah dan isternya."
Hakim-Hakim,14,"Tema utama dari pasal Alkitab ini adalah tentang cerita tentang Simson dan isteri Simson. Konteksnya adalah tentang pengalaman Simson di tempat Timna, di mana ia menemukan seorang gadis Filistin dan berusaha untuk mendapatkan perhatiannya."
Hakim-Hakim,15,"**Tema utama:** Kejahatan dan kekecewaan

**Konteks:** pasal ini membahas tentang peristiwa-peristiwa di mana Simson menghadapi tantangan dan kekecewaan, serta bagaimana dia berusaha mengatasi masalah tersebut."
Hakim-Hakim,16,"**Tema utama:** Kehidupan dan kemakian Simson di Gaza.

**Konteks:** pasal ini menunjukkan kehidupan Simson di Gaza, di mana dia menghadapi tantangan dan kekecewaan. Namun, ia tetap semangat dan berusaha untuk meraih tujuannya."
Hakim-Hakim,17,"Tema utama dari pasal Alkitab ini adalah tentang cerita tentang seorang Mikha dan orang-orang lain di Israel. Konteksnya adalah tentang hubungan antara orang-orang dan Allah, serta tentang tanggung jawab dan perilaku yang harus dilakukan oleh setiap orang."
Hakim-Hakim,18,"**Tema utama:** Pengambilan keputusan dan tanggung jawab

**Konteks:** pasal ini membahas tentang perjalanan dan tindakan yang dilakukan oleh orang-orang dari suku Dan untuk mendirikan negara mereka di wilayah Lais."
Hakim-Hakim,19,"**Tema utama:** Kehidupan Lewi di Israel

**Konteks:**
* Lewi adalah seorang pendatang yang tinggal di belakang pegunungan Efraim.
* Dia mengambil seorang gundik dari Betlehem-Yehuda dan pergi menyusul perempuan itu untuk membujuk dia dan membawanya kembali.
* Lewi menghadapi tantangan dan akhirnya mendapatkan izin untuk tinggal di rumah perempuan muda."
Hakim-Hakim,20,"**Tema utama:** Pertempuran antara orang Israel dan suku Benyamin

**Konteks:**
Pertempuran ini terjadi setelah orang Israel telah maju ke Mizpa dan menjebak banyak orang-orang dari suku Benyamin. Orang-orang Benyamin berusaha mempertahankan kelangsungan hidup mereka dengan menyerang orang Israel, tetapi akhirnya mereka terhentikan oleh orang Israel."
Hakim-Hakim,21,"**Tema utama:** Pengeluaran isteri di antara suku Israel

**Konteks:** pasal ini membahas tentang pengeluaran isteri di antara suku Israel, dan bagaimana orang-orang Israel berusaha mencari isteri untuk anak-anak perempuan mereka."
Hosea,1,"**Tema utama:** Pengkehidupan dan peran Hosea bin Beeri dalam sejarah Israel.

**Konteks:** pasal ini membahas tentang peristiwa-peristiwa penting dalam kehidupan dan peran Hosea bin Beeri, raja Israel pada zaman Uzia, Yotam, Ahas, dan Hizkia."
Hosea,2,"**Tema utama:** Pengeluaran diri dan hubungan dengan Tuhan

**Konteks:** pasal ini membahas tentang perilaku dan perilaku orang-orang yang dianggap sebagai hubungan dengan Tuhan, serta bagaimana mereka dapat mencapai keselamatan dan kebahagiaan."
Hosea,3,"**Tema utama:** Pengkhotani dan ketekunan hubungan antara Tuhan dan perempuan.

**Konteks:** pasal ini membahas tentang perilaku dan sikap yang tepat bagi seorang perempuan yang ingin mendapat perhatian dan penghargaan dari Tuhan."
Hosea,4,"**Tema utama:** Kejahatan dan kekecewaan di negeri Israel

**Konteks:** pasal ini membahas tentang kondisi sosial dan moral masyarakat Israel yang buruk, dengan banyak orang yang mengalami kesetiaan, pengenalan, dan kekerasan. Hal ini menimbulkan pertanyaan tentang tanggung jawab sosial dan peran Allah dalam masyarakat tersebut."
Hosea,5,"1. Peristiwa kamulah penghukuman di atas gunung Tabor menunjukkan bahwa Israel telah menjadi perangkap bagi Mizpa.
2. Aku ini akan menghajar mereka sekalian karena mereka telah menjebak diri mereka di lembah Sitim.
3. Efraim dan Israel telah menajiskan diri, namun mereka tidak mengenal TUHAN."
Hosea,6,"**Tema utama:** Pengikatan dengan Tuhan dan keselamatan

**Konteks:** pasal ini membahas tentang harapan dan harapan yang diterima oleh orang-orang di Israel, terutama di dalam masa-masa sulit, dan bagaimana mereka berusaha untuk mencapai keselamatan dan pengikatan dengan Tuhan."
Hosea,7,"1. Penipuan dan penyamakan menyebabkan kesalahan dan kejahatan di Israel.
2. Allah tidak tersemat dengan semua orang yang melakukan kejahatan.
3. Orang-orang yang berzinah dan bagaikan dapur perapian akan diusir oleh Allah."
Hosea,8,"1. Tiuplah sangkakala, Israel telah melangkahi perjanjian-Ku dan telah mendurhaka terhadap pengajaran-Ku.
2. Israel menolak yang baik, dan mereka mencintai korban sembelihan.
3. Israel telah melupakan Pembuatnya dan telah mendirikan istana, Yehuda telah memperbanyak kota-kota yang berkubu."
Hosea,9,"**Tema utama:** Kejahatan dan Kehidupan Israel

**Konteks:** pasal ini membahas tentang kondisi hidup orang-orang di Israel, termasuk pengorbanan, penangkapan, dan pembusukan."
Hosea,10,"**Tema utama:** Pengelolaan dan hukuman oleh TUHAN terhadap bangsa Israel.

**Konteks:** pasal ini membahas tentang bagaimana TUHAN menghindarkan Israel dari perang dan hukuman atas kesalahannya."
Hosea,11,"**Tema utama:** Pengiklanan dan pengorangan anak-Ku di Israel.

**Konteks:** pasal ini menunjukkan bahwa orang-orang yang terampil, seperti Efraim, berusaha untuk menarik anak-Ku untuk mengikuti Allah. Namun, mereka gagal karena mereka tidak mau insaf."
Hosea,12,"1. Efraim menjaga angin dan memperbanyak dusta dan pemusnahan untuk kepentingan Asyur.
2. TUHAN menghukum Yakub sesuai dengan tingkah lakunya dan memberi balasan kepadanya.
3. Efraim bergumul dengan Allah dan mengalami kegagahan.
4. Efraim bertemu dengan Dia di Betel dan dia berfirman kepadanya.
5. TUHAN, Allah semesta alam, berfirman kepadanya: ""Engkau ini harus berbalik kepada Allahmu""."
Hosea,13,"**Tema utama:** Kejahatan dan pengorbanan

**Konteks:** pasal ini membahas tentang orang-orang yang gagal memenuhi perintah Allah, dan akibatnya, mereka mengalami hukuman atau penangkapan oleh Allah."
Hosea,14,"**Tema utama:** Pengobatan dan penyembuhan dosa

**Konteks:** pasal ini membahas tentang dua orang yang berusaha mendapatkan keselamatan dan pengakuan dari Allah. Orang pertama berusaha dengan tindakan penyesalan dan pengampunan, sedangkan orang kedua berusaha dengan tindakan pemberontak dan usaha untuk mencapai keselamatan."
Ibrani,1,"**Tema utama:** Pengkehidupan dan peran Allah dalam kehidupan manusia.

**Konteks:** pasal ini membahas tentang Allah's pesan dan tindakan terhadap manusia, serta tentang bagaimana Allah mencintai dan melindungi manusia."
Ibrani,2,"**Tema utama:** Pengelolaan keselamatan dan kemakmuran

**Konteks:** pasal ini membahas tentang pesan-pesan dari Alkitab tentang kepentingan menjaga keselamatan dan kemakmuran, serta bagaimana Allah menyertai dan melibatkan manusia dalam proses tersebut."
Ibrani,3,"**Tema utama:** Pengorikan pada bagian-bagian dalam Alkitab yang membahas tentang hubungan antara manusia dan Allah.

**Konteks:** pasal ini membahas tentang bagaimana manusia dapat mencapai keselamatan dan kemakmuran melalui kepercayaan pada Jesus Christ."
Ibrani,4,"**Tema utama:** Pengakui dan menerima kenyataan yang kita miliki.

**Konteks:** pasal ini membahas tentang orang-orang yang akan memasuki tempat perhentian, dan bagaimana mereka dapat diterima oleh Allah."
Ibrani,5,"**Tema utama:** Pengorot dan tanggung jawab Allah terhadap manusia

**Konteks:** pasal ini membahas tentang peran dan tanggung jawab Allah terhadap manusia, serta tentang bagaimana Allah menyerahkan diri-Nya kepada manusia melalui sacrificed."
Ibrani,6,"**Tema utama:** Pengkanangan dan Penyaliban Janji

**Konteks:** pasal ini membahas tentang ajaran-ajaran tentang kehidupan setelah kematian dan tentang bagaimana manusia dapat memperoleh keselamatan melalui janji-janji Allah."
Ibrani,7,"1. Melkisedek adalah raja Salem dan imam Allah Yang Mahatinggi yang pergi menyongsong Abraham ketika Abraham kembali dari mengalahkan raja-raja.
2. Kepadanyapun Abraham memberikan sepersepuluh dari semuanya, termasuk anak-anak Lewi, yang mendapat tugas, menurut hukum Taurat, untuk memungut persepuluhan dari umat Israel.
3. Melkisedek memungut persepuluhan dari Abraham dan memberkati dia, meskipun ia bukan keturunan mereka, karena ia tetap menjadi imam sampai selama-lamanya."
Ibrani,8,"1. Alkitab menjelaskan tentang Imam Besar dan pengangku yang melayani Allah.
2. Alkitab membahas tentang pelayanan-pelayanan yang diterima oleh Allah.
3. Alkitab menjelaskan tentang perjanjian baru yang diterima oleh Allah setelah perjanjian pertama."
Ibrani,9,"1. Perjanjian pertama mempunyai peraturan untuk ibadah dan tempat kudus buatan tangan manusia.
2. Tempat yang kudus terdiri dari bagian depan dan bagian belakang tirai yang kedua.
3. Roh Kudus menyatakan bahwa jalan ke tempat yang kudus itu belum terbuka selama kemah pertama."
Ibrani,10,"**Tema utama:** Pengelolaan dosa dan keselamatan dalam Islam

**Konteks:** pasal ini membahas tentang hukum Taurat dan bagaimana hukum tersebut diterapkan dalam kehidupan manusia. Selain itu, ia membahas tentang pentingnya pengakuan dan penyesuaian diri dengan Allah."
Ibrani,11,"**Tema utama:** Iman dan kesaksian

**Konteks:** pasal ini membahas tentang berbagai topik terkait dengan iman, termasuk bahwa:

1. Iman adalah dasar dari segala sesuatu yang kita harapkan dan bukti dari segala sesuatu yang tidak kita lihat.
2. Kesaksian dari Allah adalah kekuatan dan kebenaran yang dapat membantu kita memahami dunia dan diri kita.
3. Allah telah menyediakan sesuatu yang lebih baik bagi kita, meskipun kita mungkin tidak selalu menyadari apa yang dilakukan."
Ibrani,12,"**Tema utama:** Pengorbanan dan penyesuaian diri

**Konteks:** pasal ini membahas tentang pengorbanan dan penyesuaian diri, serta bagaimana kita dapat mencapai kesempurnaan dengan mengikuti perintah Allah."
Ibrani,13,"**Tema utama:** Ketakutan dan tanggung jawab terhadap orang lain.

**Konteks:** pasal ini mengingatkan kita bahwa kita semua memiliki tanggung jawab untuk memberi tumpangan kepada orang lain dan untuk menunjukkan kasih dan hormat kepada mereka."
Imamat,1,"**Tema utama:** Pengobatan dan Penyalasan korban bakaran

**Konteks:** pasal ini membahas tentang ritual pemujaan dan sacrificedan dalam agama-agama, termasuk ritual-ritual Rabin dan Islam."
Imamat,2,"**Tema utama:** Persembahan korban sajian

**Konteks:** pasal ini membahas tentang bagaimana korban sajian harus dipersembahkan kepada TUHAN dengan benar dan tepat."
Imamat,3,"**Tema utama:** Pengobatan dan pemujaan dalam kehidupan

**Konteks:** pasal Alkitab tersebut membahas tentang ritual-ritual yang dilakukan oleh orang-orang untuk mencapai keselamatan dan perlindungan dari Allah."
Imamat,4,"**Tema utama:** Penghapus dosa dan permintaan seekor lambu jantan

**Konteks:** pasal ini membahas tentang ritual penghapus dosa dan permintaan seekor lambu jantan dari pemuka yang melakukan dosa."
Imamat,5,"**Tema utama:** Pengelolaan dosa dan kesalahan

**Konteks:** pasal ini membahas tentang tanggung jawab dan hukuman yang diberikan kepada orang yang melakukan dosa atau kesalahan, serta bagaimana orang-orang dapat memperoleh pengampunan dari Allah."
Imamat,6,Tema utama pasal Alkitab ini adalah tentang hukum tentang korban penghapus dosa dan penghapus salah. Konteksnya membahas tentang perilaku dan tindakan yang harus dilakukan oleh orang-orang saat mereka melakukan tindakan penghapus dosa atau penghapus salah.
Imamat,7,"**Tema utama:** Pengkanangan dan pemujaan korban pada tempat-tempat suci

**Konteks:** pasal Alkitab ini membahas tentang hukum tentang pengkanangan dan pemujaan korban pada tempat-tempat suci, termasuk korban penebus salah, keselamatan, dan bakaran."
Imamat,8,"**Tema utama:** Pengobatan dan pentahbisan dalam kehidupan

**Konteks:** pasal ini membahas tentang ritual pengobatan dan pentahbisan, di mana Musa memberikan perintah kepada Harun dan anak-anaknya untuk melakukan berbagai tindakan, termasuk pencahayaan, pemutukan, dan pengobatan."
Imamat,9,"Tema utama dari pasal Alkitab ini adalah tentang perintah Musa kepada Harun tentang seekor lambu, domba, dan korban keselamatan bagi bangsa Israel. Konteksnya terkait dengan ritual penghapus dosa dan bakaran, serta tanggung jawab yang diberikan kepada bangsa Israel untuk mengikuti perintah TUHAN."
Imamat,10,"Tema utama dari pasal Alkitab ini adalah tentang sacrifices dan pengorangan orang-orang yang ingin mendapat keselamatan dari TUHAN. Konteksnya adalah tentang orang-orang yang menerima sacrificed dan pengorangan dari TUHAN, serta bagaimana mereka melakukan sacrificio dan pengorangan tersebut."
Imamat,11,"**Tema utama:** Pengenalan tentang makanan yang boleh dimakan dan yang tidak boleh dimakan.

**Konteks:** pasal ini membahas tentang makanan yang dapat dimakan oleh orang-orang di dalam air dan di dalam lautan. Selain makanan, pasal ini juga membahas tentang makanan yang dapat dimakan oleh burung-burung dan segala makhluk hidup lainnya di dalam air."
Imamat,12,Tema utama pasal Alkitab ini adalah tentang menstrual dan kelahiran anak. Konteksnya adalah tentang bagaimana orang-orang harus mengikuti hukum tentang menstrual dan kelahiran anak.
Imamat,13,Tema utama dari pasal Alkitab tersebut adalah tentang bagaimana seorang yang mengalami penyakit kusta harus diwariskan dan diakui oleh imam. Konteksnya adalah bahwa Allah memberikan perintah kepada Musa dan Harun tentang bagaimana seorang yang mengalami penyakit kusta harus diwariskan dan diakui oleh imam.
Imamat,14,"**Tema utama:** Pengelolaan penyakit kusta

**Konteks:**
Pasal ini membahas hukum tentang bagaimana seorang yang mengalami penyakit kusta harus dihandle oleh orang-orang suci, termasuk bagaimana dan apa yang harus dilakukan sebelum dan sesudah pentahirannya."
Imamat,15,"**Tema utama:** Pengeluaran Saja dan Kenajisan

**Konteks:** pasal ini membahas tentang bagaimana orang-orang harus berakui dan berpakaian dengan benar saat mereka mengeluarkan lelehan atau tertumpah maninya. Selain itu, ia membahas tentang bagaimana orang-orang harus mengikuti hukum dan tindakan yang tercantum dalam Alkitab."
Imamat,16,"**Tema utama:** Pengeluaran dan penangkuhan korban penghapus dosa

**Konteks:** pasal Alkitab yang diparsi adalah tentang peristiwa pengeluaran dan penangkuhan korban penghapus dosa oleh orang Israel."
Imamat,17,"Tema utama dari pasal Alkitab ini adalah tentang ritual sacrifice dan pengorangan orang-orang Israel untuk mencapai keselamatan dan keselamatan mereka. Konteksnya adalah tentang perintah-perintah TUHAN kepada Musa, yang berisiInstructions tentang ritual sacrifice bagi orang-orang Israel."
Imamat,18,"Tema utama pasal Alkitab ini adalah tentang tanggung jawab dan perilaku yang harus dilakukan oleh orang-orang terhadap Allah. Konteksnya membahas tentang perilaku yang harus dilakukan orang-orang saat mereka melakukan sesuatupun dari perintah Allah, serta tentang tanggung jawab mereka terhadap Allah."
Imamat,19,"**Tema utama:** Pengelolaan dan kesejahteraan orang-orang di Israel

**Konteks:** pasal ini membahas tentang tanggung jawab dan perilaku yang harus dilakukan oleh orang-orang di Israel, terutama tentang hubungan mereka dengan Allah."
Imamat,20,"Tema utama dari pasal Alkitab tersebut adalah tentang tanggung jawab dan perilaku manusia, terutama tentang tindakan yang dilakukan oleh orang-orang saat mereka menerima perintah dari Tuhan. Konteksnya terkait dengan hukum dan ketetapan-ketetapan yang berlaku di masyarakat."
Imamat,21,"Tema utama dari pasal Alkitab tersebut adalah tentang perilaku dan tanggung jawab orang-orang dalam hubungannya dengan Allah. Konteksnya membahas tentang kekudusan, perilaku yang tepat, dan tanggung jawab yang harus dilakukan oleh setiap individu dalam hubungannya dengan Allah."
Imamat,22,"**Tema utama:** Pengeluaran dan penangguhan persembahan-persembahan kudus bagi orang Israel.

**Konteks:** pasal ini membahas tentang tanggung jawab orang-orang untuk mengikuti perintah Allah dan mempersendakan persembahan-persembahan kudus yang diterima oleh Allah."
Imamat,23,"**Tema utama:** Pengordonan pekerjaan dan waktu yang ditetapkan oleh TUHAN bagi orang Israel.

**Konteks:** pasal ini membahas tentang hari-hari raya dan waktu yang ditetapkan oleh TUHAN bagi orang Israel, termasuk hari perhentian penuh, hari pertemuan kudus, dan hari-hari raya perkumpulan."
Imamat,24,Tema utama dari pasal Alkitab tersebut adalah tentang perintah-perintah yang diberikan oleh TUHAN kepada Musa untuk mengatur dan menjaga lampu-lampu di Kemah Pertemuan. Konteksnya adalah untuk memastikan keterlibatan orang-orang di sekitar Musa dalam menjaga keamanan dan keamanan hukum.
Imamat,25,Tema utama dari pasal Alkitab tersebut adalah tentang hukum penebusan dan pengudalan tanah di tanah Israel. Konteksnya membahas tentang tanggung jawab orang-orang Israel untuk memberikan hasil tanah kepada kaumnya dan untuk memastikan kesejahteraan mereka.
Imamat,26,"**Tema utama:** Perjanjian-perjanjian dengan Allah

**Konteks:** pasal ini membahas tentang perintah-perjanjian yang diberikan oleh Allah kepada Israel di gunung Sinai, serta bagaimana mereka harus dijalankan oleh orang-orang Israel."
Imamat,27,Tema utama pasal Alkitab ini adalah tentang nilai dan persembahan yang diterima oleh orang-orang di antara manusia dan hewan untuk kepentingan TUHAN. Konteksnya terkait dengan perintah-perintah yang diberikan oleh TUHAN kepada Musa di gunung Sinai untuk disampaikan kepada orang Israel.
Kejadian,1,"Tema utama dari pasal Alkitab ini adalah tentangcreation dan pencipta. Konteksnya membahas tentangCreator yang menciptakan langit dan bumi, serta bagaimana Allah menciptakan berbagai benda-benda dan makhluk hidup lainnya."
Kejadian,2,"**Tema utama:** PengCreation Manusia

**Konteks:** pasal ini membahas tentang bagaimana Allah menciptakan manusia dan memberikan kepadanya tugas dan tanggung jawab untuk hidup di bumi."
Kejadian,3,"1. Adapun ular adalah yang paling cerdik dari segala binatang di darat yang dijadikan oleh TUHAN Allah.
2. Perempuan itu mendapat informasi dari ular bahwa buah pohon itu boleh dimakan, tetapi tentang buah pohon yang ada di tengah-tengah taman, Allah berfirman: Jangan kamu makan ataupun raba buah itu, nanti kamu mati.
3. Perempuan itu mengambil dari buahnya dan memberikannya kepada suaminya yang bersama-sama dengan dia, dan suaminyapun memakannya."
Kejadian,4,"**Tema utama:** Kehidupan dan kematian Kain

**Konteks:** pasal ini membahas tentang perjalanan dan sacrificed Kain, serta dampaknya terhadap orang lain."
Kejadian,5,"**Tema utama:** Pengcreation manusia

**Konteks:** pasal ini membahas tentang sejarah manusia dan bagaimana Allah menciptakan manusia dan memberikan nama mereka."
Kejadian,6,"1. Orang-orang manusia bertambah banyak jumlahnya di muka bumi, dan anak-anak perempuan manusia itu cantik-cantik.
2. Allah menciptakan manusia di bumi dan menjadikan mereka untuk hidup yang sempurna.
3. Allah menghapuskan manusia dari muka bumi dan menilik bumi itu."
Kejadian,7,"1. Alkitab memberi perintah kepada Nuh untuk masuk ke dalam bahtera dan seisi rumahnya.
2. Alkitab memberi perintah kepada Nuh untuk mengambil tujuh pasang, jantan dan betinanya.
3. Alkitab memberi perintah kepada Nuh untuk menjaga hidup keturunannya di seluruh bumi.
4. Alkitab memberi perintah kepada Nuh untuk menurunkan hujan ke atas bumi.
5. Alkitab memberi perintah kepada Nuh untuk melakukan segala yang diperintahkan oleh TUHAN."
Kejadian,8,"**Tema utama:** Pengurangan air di bumi

**Konteks:** pasal ini membahas tentang peristiwa-peristiwa di dalam Alkitab yang menunjukkan pengurangan air di bumi, termasuk peristiwa-peristiwa seperti penundaan air di bahtera, penangkapan air oleh burung, dan pengeringan air di bumi."
Kejadian,9,"**Tema utama:** Penghewanan dan kepentingan manusia dalam kehidupan

**Konteks:** pasal ini membahas tentang perintah Allah untuk Nuh dan anak-anaknya untuk hidup dengan penuh kasih dan pujian."
Kejadian,10,"1. Keturunan Sem, Ham, dan Yafet melibatkan kelahiran anak-anak lelaki untuk anak-anak Nuh.
2. Keturunan Yafet meliputi Gomer, Magog, Madai, Yawan, Tubal, Mesekh, dan Tiras.
3. Keturunan Gomer mencakup Askenas, Rifat, dan Togarma."
Kejadian,11,"1. Adapun seluruh bumi dengan satu bahasanya dan satu logatnya.
2. Mereka pergi ke sebelah timur dan menjumpai tanah datar di tanah Sinear.
3. Mereka membangun sebuah kota dan memberi nama mereka."
Kejadian,12,"**Tema utama:** Pengkehidupan dan kejayaan Abram di Mesir

**Konteks:** pasal ini membahas tentang perjalanan dan kehidupan Abram di Mesir, serta hubungannya dengan Sarai, isterinya."
Kejadian,13,"1. Abram dan Lot berbisik ke Tanah Negeb dan menemukan tempat yang disebut Mezbah.
2. Abram memiliki banyak harta, termasuk banyak ternak, perak, dan emas.
3. Abram dan Lot menghadapi perkelahian antara mereka di negeri Mesir."
Kejadian,14,"Tema utama dari pasal Alkitab ini adalah tentang peristiwa-peristiwa tentang Raja-Raja Sodom dan Adma di zaman Amrafel. Konteksnya adalah tentang perang dan pengobatan yang dilakukan oleh Raja-Raja Sodom dan Adma terhadap orang-orang lain di wilayah-wilayah seperti Zoar, Asyterot, Ham, dan Sywe."
Kejadian,15,"1. Alkitab memberi informasi tentang perjalanan Abram danfirman TUHAN kepadanya.
2. Alkitab membahas tentang keturunan dan pengangguhan.
3. Alkitab menjelaskan tentang pengangguhan dan penangangan yang diterima oleh Abraham."
Kejadian,16,"**Tema utama:** Pengorotasi dan kekecewaan dalam hubungan Sarai dan Abram.

**Konteks:** pasal ini membahas tentang bagaimana Sarai berusaha untuk mendapatkan anak dari Abram, meskipun dia tahu bahwa hubungan mereka akan berakhir."
Kejadian,17,"Tema utama dari pasal Alkitab ini adalah tentang perjalanan dan pengorotan Abraham, serta hubungannya dengan keturunannya. Konteksnya membahas tentang perjanjian, keturunan, dan tanggung jawab yang diberikan oleh Allah kepada Abraham."
Kejadian,18,"**Tema utama:** Perjanjian antara Abraham dan TUHAN tentang keselamatan dan kejayaan.

**Konteks:** Perjanjian ini menunjukkan bahwa TUHAN telah memilih Abraham dan akan melindungi dia dan semua keturunannya dari bahaya dan kekecewaan."
Kejadian,19,"**Tema:** Kehidupan dan Kejahatan

**Konteks:** pasal Alkitab tentang dua malaikat yang tiba di Sodom menunjukkan cerita tentang kehidupan dan kejahatan yang menyertai para pencinta Allah."
Kejadian,20,"**Tema utama:** Pengeluaran orang yang telah menjadi isteri

**Konteks:**
Pasal ini membahas tentang seorang anak yang menjadi isteri Abraham dan bagaimana Allah menghormati dan melindungi dia."
Kejadian,21,"1. TUHAN memperhatikan Sara dan melakukan kepada Sara seperti yang dijanjikan-Nya.
2. Maka mengandunglah Sara, lalu ia melahirkan seorang anak laki-laki bagi Abraham dalam masa tuanya.
3. Abraham menamai anaknya yang baru lahir itu Ishak, yang dilahirkan baginya."
Kejadian,22,Tema utama dari pasal Alkitab ini adalah tentang perjalanan Abraham dan Ishak untuk mencari seekor makanan. Konteksnya terkait dengan perintah Allah untuk Abraham untuk menyembelih anak-anaknya.
Kejadian,23,"**Tema utama:** Pengorotasi dan kuburan isteri

**Konteks:**
* Alkitab tentang perjalanan Abraham dan Sara.
* Perjalanan Abraham ke Kiryat-Arba dan Hebron.
* Perjanjian antara Abraham dan bani Het."
Kejadian,24,"**Tema utama:** Pengorotasi kasih dan setia terhadap Tuhan

**Konteks:** Pengorotasi kasih dan setia terhadap Tuhan adalah topik yang penting dalam Alkitab, terutama dalam cerita tentang Abraham dan Ishak."
Kejadian,25,Tema utama pasal Alkitab ini adalah tentang keturunan Abraham dan anak-anaknya. Konteksnya adalah tentang perjalanan Abraham dan anak-anaknya dari tanah Ur ke tanah Asyur.
Kejadian,26,"**Tema utama:** Pengkehidupan dan kejayaan Ishak di Gerar

**Konteks:**
* Ishak adalah seorang penyamak yang hidup di Gerar.
* Ia menerima perintah dari TUHAN untuk tinggal di Gerar dan menjadi kaya.
* Ishak memiliki banyak keturunan dan menjadi pemimpin besar bagi bangsa Filistin."
Kejadian,27,"**Tema utama:** Pengorotan hidup dan kepadamu

**Konteks:**

Pasal ini membahas tentang mourir dan pengorotan hidup seorang anak sulung, Esau, dan bagaimana dia diwarisi oleh Yakub, anak bungsunya."
Kejadian,28,"Tema utama dari pasal Alkitab ini adalah tentang perjalanan Yakub dan pengorotannya di tempat-tempat tersembunyi di bumi. Konteksnya membahas tentang hubungan antara Allah, Abraham, dan Yakub, serta tentang tanggung jawab dan ketaatan Allah terhadap manusia."
Kejadian,29,"Tema utama dari pasal Alkitab ini adalah tentang hubungan antara Yakub dan Laban. Konteksnya membahas tentang anak-anak yang lahir dari hubungan mereka, serta hubungan antara Laban dan Yakub."
Kejadian,30,"**Tema utama:** Pengorikan terhadap hubungan antara Rahel dan Yakub dalam Alkitab.

**Konteks:**
* Perjalanan Rahel dan Yakub.
* Peraları yang terjadi selama perjalanan.
* Kehidupan Yakub setelah perjalanan."
Kejadian,31,"**Tema utama:** Kehidupan dan kejayaan Laban

**Konteks:**

Laban adalah seorang pencipta yang penuh semangat dan penuh kasih sayang. Ia memiliki banyak anak dan terampil dengan berbagai pekerjaan. Namun, Laban mengalami beberapa tantangan, termasuk pencurian tercuriga dan hubungan yang terjebak."
Kejadian,32,"**Tema utama:** Pengkehidupan Yakub dan hubungannya dengan Esau.

**Konteks:** pasal ini menunjukkan perjalanan Yakub dan hubungannya dengan Esau, termasuk peristiwa-peristiwa yang terjadi di tempat-tempat penting, seperti Mahanaim, Laban, dan Pniel."
Kejadian,33,"1. Yakubpun mendistribusikan sebagian anak-anak kepada Lea dan Rahel, sedangkan sebagian lainnya diberikan kepada kedua budak perempuan.


2. Ia menempatkan budak-budak perempuan dan anak-anak mereka di muka, Lea dan anak-anaknya di belakang mereka, dan Rahel beserta Yusuf di belakang sekali.


3. Yakub menjalan di depan mereka dan sujud sampai ke tanah tujuh kali, hingga ia sampai ke dekat kakaknya itu."
Kejadian,34,"Tema utama dari pasal Alkitab ini adalah tentang perilaku dan sikap anak-anak Yakub terhadap Sikhem, anak Hemor, dan orang-orang lainnya di negeri Israel. Konteksnya terkait dengan tindakan Sikhem yang mencemari Dina dan menjebak anak-anaknya."
Kejadian,35,"Tema utama dari pasal Alkitab ini adalah tentang perjalanan dan pengorangan Yakub, anak-anaknya, dan peristiwa-peristiwa penting yang terjadi di tengah perjalanan mereka. Konteksnya membahas tentang hubungan antara Allah, anak-anak, dan peristiwa-peristiwa yang terjadi di perjalanan mereka."
Kejadian,36,"**Tema utama:** Keturunan dan keturunan bangsa

**Konteks:** pasal Alkitab ini membahas tentang keturunan dan keturunan bangsa, serta hubungan antara keluarga dan negara."
Kejadian,37,"**Tema utama:** Kehidupan dan kejayaan Yusuf

**Konteks:** pasal Alkitab yang disorotkan menunjukkan perjalanan dan kejayaan Yusuf, seorang tokoh yang penuh semangat dan penuh semangat."
Kejadian,38,"**Tema utama:** Kehidupan dan kematian seorang perempuan dalam perjalanan ke Kezib.

**Konteks:** pasal ini menunjukkan perjalanan seorang perempuan dari keadaan terjebak di rumah ke tempat tersembunyi di Kezib. Perempuan tersebut mengandung anak-anak lain dan berusaha untuk menemukan kembali anak tersembunyinya."
Kejadian,39,"**Tema utama:** Pengorotasi dan kasih sayang

**Konteks:** pasal ini membahas tentang Yusuf, seorang pencipta, dan bagaimana dia memperoleh kasih sayang dari Tuhan. Selain itu, ia juga membahas tentang hubungan antara Yusuf dan Tuhan, serta bagaimana Tuhan menyertai Yusuf dan memberi kasih sayang pada dia."
Kejadian,40,"**Tema utama:** Pengogolan mimpi dan makna mimpi dalam cerita Alkitab.

**Konteks:**
* Peristiwa yang terjadi sebelum cerita, juru minuman dan rotinya membuat kesalahan terhadap tuannya, Raja Mesir.
* Yusuf menahan dua pegawai istana Firaun di rumah kepala pengawal raja, dan mereka memiliki mimpi tentang hari-hari tersembunyi.
* Yusuf mencintai piala Firaun dan mencintai kembali piala itu setelah dia kembali."
Kejadian,41,"**Tema utama:** Pengogolan dan penangkuhan semisal dalam kehidupan Firaun.

**Konteks:**

* Firaun mengalami dua mimpi tentang semisal yang akan terjadi di tanah Mesir.
* Mimpi pertama menunjukkan tujuh tahun kelimpahan, sedangkan mimpi kedua menunjukkan tujuh tahun kelaparan.
* Semisal-semisal ini menginspirasi Firaun untuk melakukan tindakan yang akan mengubah sejarah Mesir."
Kejadian,42,"**Tema utama:** Pengambilan keputusan dan perilaku yang mempengaruhi kelangsungan hidup dan keselamatan orang lain.

**Konteks:** pasal ini membahas tentang perjalanan dan tindakan yang dilakukan oleh Yakub, Yusuf, dan Benyamin untuk menyelami dan melindungi anak-anak Israel di Mesir."
Kejadian,43,"**Tema utama:** Kehidupan dan kejayaan keluarga

**Konteks:** pasal ini membahas tentang kepercayaan dan kepedulian orang-orang terhadap Allah, serta tentang tanggung jawab dan kepedulian terhadap orang lain."
Kejadian,44,"**Tema utama:** Pengelolaan harta dan tanggung jawab

**Konteks:** pasal ini membahas tentang bagaimana kepala rumah dan pialaku menentukan siapa yang akan menjadi budak tuanku dan siapa yang akan menjadi budak lainnya."
Kejadian,45,"Tema utama dari pasal Alkitab ini adalah tentang perjalanan dan keselamatan Yusuf, anak Israel, ke tanah Mesir. Konteksnya adalah ketika Yusuf kembali ke tanah Mesir setelah dua tahun terpenang."
Kejadian,46,"**Tema utama:** Pengkehidupan dan peran Israel di Mesir

**Konteks:** pasal ini membahas tentang perjalanan dan peran Israel di Mesir, serta tentang keturunan dan asal-asal mereka."
Kejadian,47,"**Tema utama:** Perjanjian antara Yusuf dan Firaun tentang tanah di Mesir.

**Konteks:** Perjanjian ini menunjukkan bahwa Yusuf telah membeli tanah di Mesir untuk Firaun dan bahwa Firaun akan memberikan sebagian besar dari hasil penjualan tanah tersebut kepada Yusuf."
Kejadian,48,"1. Sesudah itu, dua anak Yusuf, Manasye dan Efraim datang untuk mengobati orang sakit.
2. Israel mengumpulkan kekuatannya dan duduklah di tempatnya di tanah Kanaan.
3. Yusuf mendekatkan Efraim dan Manasye kepadanya, dan mereka termasyhur oleh karena mereka."
Kejadian,49,"**Tema utama:** Pengorotasi dan kekecekan anak-anak Yakub

**Konteks:** pasal ini membahas tentang pengorotasi anak-anak Yakub dan pesan-pesan terakhir mereka kepada anak-anaknya."
Kejadian,50,"Tema utama dari pasal Alkitab ini adalah tentang perjalanan dan penguburan seorang anak bernama Yusuf di tanah Mesir. Konteksnya terkait dengan cerita tentang Yusuf dan ayahnya, serta tentang perjanjian antara Allah dan Yusuf."
Keluaran,1,"**Tema utama:** Pengurangan jumlah penduduk Israel di Mesir

**Konteks:** pasal ini membahas tentang peristiwa-peristiwa yang terjadi setelah peristiwa penangkapan dan kematian Yusuf, serta tentang tindakan-tindakan yang diambil oleh para penyamak Israel untuk mempertahankan kelestarian mereka di Mesir."
Keluaran,2,"**Tema utama:** Perjanjian antara Israel dan Mesir

**Konteks:** pasal ini membahas tentang peristiwa-peristiwa yang terjadi di antara orang Israel dan Mesir selama perjalanan Musa ke tanah Midian."
Keluaran,3,Tema utama dari pasal Alkitab ini adalah tentang perjalanan Musa ke Mesir dan peristiwa-peristiwa yang terjadi di sana. Konteksnya adalah tentang pengkejadian Musa kepada Raja Mesir untuk membawa orang Israel keluar dari Mesir.
Keluaran,4,"**Tema utama:** Pengeluaran tanda-tanda mujizat

**Konteks:** pasal Alkitab yang disorotkan membahas tentang pengalaman Musa dengan TUHAN, termasuk peristiwa-peristiwa yang terjadi di dalam perjalanan Musa ke Mesir, serta pesan-pesan yang disampaikan TUHAN kepada Musa."
Keluaran,5,"**Tema utama:** Perjanjian antara Musa dan Firaun tentang permisi perjalanan ke padang gurun.

**Konteks:** Perjanjian ini menunjukkan bahwa Allah memiliki rencana dan tujuan tersendiri untuk setiap orang, dan bahwa perjalanan ke padang gurun bukan sesuatu yang dapat diovert."
Keluaran,6,"**Tema utama:** Pengberikanan perintah Allah kepada Musa

**Konteks:**
* Allah berfirman kepada Musa tentang tugasnya untuk membantu orang Israel.
* Allah menjelaskan bahwa Musa harus mencintai dan melayani orang Israel.
* Allah memberi perintah kepada Musa untuk membawa orang Israel keluar dari Mesir."
Keluaran,7,"Tema utama dari pasal Alkitab ini adalah tentang perintah TUHAN kepada Musa dan Harun untuk membantu orang-orang Israel pergi dari negerinya. Konteksnya terkait dengan peristiwa-peristiwa di dalam Alkitab, seperti orang-orang Israel yang ingin pergi ke tanah Mesir dan peristiwa-peristiwa tentang pengorangan orang-orang Israel."
Keluaran,8,"**Tema utama:** Perjanjian antara TUHAN dan Musa tentang pikat dan perbedaan antara umat-Ku dan bangsamu.

**Konteks:** pasal ini membahas tentang tindakan dan perilaku yang harus dilakukan oleh Musa dan Harun untuk memenuhi permintaan TUHAN tentang pikat dan perbedaan antara umat-Ku dan bangsamu."
Keluaran,9,"**Tema utama:** Pengeluaran tuah dan keputusan Firaun

**Konteks:**

Pasal ini membahas tentang keputusan Firaun tentang membongkar orang Israel dari tanahnya. Selain itu, pasal ini membahas tentang tanggung jawab Allah terhadap orang Israel dan keputusan Firaun untuk melindungi mereka dari penyakit sampar."
Keluaran,10,"**Tema utama:** Pengeluaran belang dan belang lainnya untuk menjangkau tempat yang belum terisi oleh hujan es.

**Konteks:** pasal ini membahas tentang perjalanan Musa dan Harun ke Mesir untuk mendapatkan makanan dan air bagi masyarakat mereka. Mereka menghadapi tantangan untuk mencapai tempat yang jauh dari rumah mereka, tetapi mereka tetap semangat dan akhirnya mencapai tujuan mereka."
Keluaran,11,"1. TUHAN memberi perintah kepada Musa untuk meninggalkan Firaun dan Mesir.
2. Bangsa itu dianjurkan untuk meminta barang-barang emas dan perak kepada tetangganya.
3. Musa memberi perintah kepada orang Mesir untuk bermurah hati terhadap bangsa itu.
4. TUHAN memberi perintah kepada Musa untuk meninggalkan Firaun dengan marah yang bernyala-nyala.
5. Semua anak sulung di tanah Mesir akan mati, termasuk anak sulung Firaun dan budak perempuan.
6. TUHAN menciptakan peristiwa hebat di seluruh tanah Mesir, yang belum pernah terjadi sebelumnya.
7. Orang Israel tidak boleh menggonggong atau mengutuk, karena TUHAN menciptakan perbedaan antara orang Mesir dan orang Israel.
8. Semua pegawa Musa akan datang kepadaku dan sujud kepadaku, dan mereka akan berkata: Keluarlah, engkau dan seluruh rakyat yang mengikut engkau.
9. TUHAN memberi perintah kepada Musa untuk tidak mendengarkannya, sehingga mujizat-mujizatnya bertambah banyak di tanah Mesir.
10. Musa dan Harun telah melakukan segala mujizat ini di depan Firaun, tetapi TUHAN mengeraskan hati Firaun, sehingga tidak membletarkan orang Israel pergi dari negerinya."
Keluaran,12,"**Tema utama:** Paskah dan hukum dalam masyarakat Israel

**Konteks:** pasal ini membahas tentang ritual Paskah dan hukum yang diterapkan oleh TUHAN terhadap bangsa Israel."
Keluaran,13,"Tema utama dari pasal Alkitab ini adalah tentang perintah-perintah Allah kepada bangsa Israel untuk melakukan ibadah dan observasi yang tepat. Konteksnya membahas tentang hubungan antara Allah dan bangsa Israel, serta tentang tanggung jawab mereka untuk mengikuti perintah-perintah Allah."
Keluaran,14,Tema utama pasal Alkitab ini adalah tentang perjalanan orang Israel dan Firaun untuk mencapai tempat tersembunyi di laut. Konteksnya terkait dengan keinginan orang Israel untuk kembali ke tanah perbudakan mereka dan menjebak orang Mesir untuk membantu mereka.
Keluaran,15,"**Tema utama:** Pengorikan terhadap kekuatan dan ketekunan Allah dalam melindungi orang-orang dari penyakit dan musuh.

**Konteks:** pasal ini membahas tentang pengalaman Musa bersama orang Israel di Laut Teberau, di mana Allah melindungi mereka dari penyakit dan musuh dengan kekuatan dan ketekunan yang luar biasa."
Keluaran,16,"**Tema utama:** Pengeluaran roti oleh bangsa Israel di antara Elim dan Gunung Sinai.

**Konteks:** pasal ini menunjukkan bahwa Allah telah menyediakan makanan bagi bangsa Israel di antara Elim dan Gunung Sinai. Namun, karena mereka menolak perintah Allah, Allah menurunkan hujan roti untuk membunuh semua jemaah Israel."
Keluaran,17,"**Tema utama:** Penghagiaan dan kejayaan bangsa Israel

**Konteks:** pasal Alkitab ini membahas tentang perjalanan Musa ke Israel dan peristiwa-peristiwa yang terjadi di sana."
Keluaran,18,"**Tema utama:** Pengiklanan keselamatan dan tanggung jawab orang Israel terhadap Allah.

**Konteks:** pasal ini membahas tentang peristiwa-peristiwa yang terjadi di antara Musa dan Yitro, serta bagaimana mereka terkait dengan keselamatan dan tanggung jawab orang Israel terhadap Allah."
Keluaran,19,"1. Penganggu Israel keluar dari tanah Mesir pada hari ketiga setelah mereka meninggalkan tanah.
2. Allah berseru dari gunung Sinai kepada Musa, dan Musa menyampaikan jawabnya kepada TUHAN.
3. TUHAN menurunkan Musa dari gunung Sinai dan menjembatani mereka di kaki gunung itu."
Keluaran,20,Tema utama pasal Alkitab ini adalah tentang perintah-perintah Allah untuk bangsa Israel. Konteksnya adalah tentang perilaku dan sikap orang-orang yang mencintai Allah.
Keluaran,21,"**Tema utama:** Hukum tentang hubungan antara orang dan Tuhan, dan tentang tanggung jawab dan hukuman bagi orang yang membunuh orang lain.

**Konteks:** pasal ini membahas tentang tanggung jawab dan hukuman yang diberikan kepada orang yang membunuh orang lain, serta tentang bagaimana hukum tersebut diterapkan di berbagai situasi."
Keluaran,22,"Tema utama dari pasal Alkitab tersebut adalah tentang tanggung jawab dan hukuman bagi orang yang melakukan seekor, pencurian, atau membunuh orang lain. Konteksnya meliputi hukum, agama, dan kesejahteraan."
Keluaran,23,"**Tema utama:** Pengelolaan dan perilaku manusia

**Konteks:** pasal ini membahas tentang perilaku dan tanggung jawab manusia, terutama tentang membantu orang lain, memberi bantuan, dan menghormati hak orang lain."
Keluaran,24,"**Tema utama:** Pengkehidupan Musa di Gunung Sinai

**Konteks:** pasal ini membahas tentang perjalanan Musa ke Gunung Sinai dan pesan-pesan yang diberikan kepadanya oleh Allah."
Keluaran,25,"**Tema utama:** Pengurukan dan penamaan benda-benda suci di dalam tabut

**Konteks:** pasal ini membahas tentang perintah Allah kepada Musa untuk membuat berbagai benda-benda suci untuk digunakan dalam kegiatan persembahan."
Keluaran,26,"**Tema utama:** Pengelolaan dan penunjang Kemah Suci

**Konteks:** pasal ini membahas tentang bagaimana orang-orang dapat menjaga dan mempertahankan Kemah Suci, sebuah tempat suci di gunung, dengan menjaga kebersihan, keterlibatan masyarakat, dan pengelolaan yang tepat."
Keluaran,27,"1. Pengbuat mezbah dari kayu penaga, dengan tiga hasta tingginya, adalah proses yang rumit.
2. Menggambar kuali-kualinya tempat menaruh abunya, sodok-sodok, dan bokor-bokor penyiraman, garpu-garpunya dan perbaraan-perbaraannya, adalah proses yang rumit.
3. Membuat pelataran Kemah Suci, dengan panjang, lebar, dan tingginya, adalah proses yang rumit.
4. Menggambar jala-jala tembaga pada keempat ujungnya, dan pada setiap jala, kaubuat empat gelang tembaga, adalah proses yang rumit.
5. Mengasok jala-jala itu di bawah jalur mezbah, mulai dari sebelah bawah, sehingga jala-jala itu sampai setengah tinggi mezbah itu, adalah proses yang rumit.
6. Membuat kayu-kayu pengusung untuk mezbah itu, dan kayu-kayu pengusung dari kayu penaga dan menyalutnya dengan tembaga, adalah proses yang rumit."
Keluaran,28,"**Tema utama:** Pengkālian pakaian dan peralatan untuk seorang imam bagi-Ku

**Konteks:** pasal ini membahas tentang pembuatan pakaian dan peralatan yang harus dibuat oleh para pencipta untuk seorang imam bagi-Ku, termasuk pakaian yang dipakai oleh Harun, abangmu, anak-anaknya, dan peralatan seperti pakaian efod, pakaian yang dipakai pada bagian depan dan belakang, serta accessories."
Keluaran,29,"**Tema utama:** Pengobatan dan pentahbisan dalam kehidupan orang Israel

**Konteks:** pasal ini membahas tentang ritual pengobatan dan pentahbisan yang dilakukan oleh orang Israel di depan pintu Kemah Pertemuan. Ritual ini merupakan bagian dari ritual yang dilakukan selama 7 hari untuk memperingati dan mengobati dosa orang Israel."
Keluaran,30,"**Tema utama:** Pengobatan dan penangkaan oleh Tuhan terhadap orang-orang Israel

**Konteks:** pasal ini membahas tentang perintah-perintah Tuhan tentang pengobatan dan penangkaan orang-orang Israel, termasuk tindakan-tindakan yang harus dilakukan oleh mereka untuk memenuhi perintah tersebut."
Keluaran,31,"**Tema utama:** Pengurukan keahlian dan pengetahuan bagi orang-orang ahli

**Konteks:** pasal Alkitab ini membahas tentang perintah-perintah Allah kepada Musa, yang berisi keahlian dan pengetahuan yang harus dimiliki oleh setiap orang ahli."
Keluaran,32,"**Tema utama:** Pengakui dan menuntun bangsa keluar dari tanah Mesir.

**Konteks:**
* Pengakui dan menuntun bangsa keluar dari tanah Mesir merupakan peristiwa penting dalam sejarah Israel.
* Allah menunjukkan kepeduliannya terhadap bangsa Israel dengan mengutuk mereka keluar dari tanah Mesir.
* Pengakui dan menuntun bangsa menunjukkan kekuatan dan ketekunan Allah."
Keluaran,33,Tema utama pasal Alkitab ini adalah tentang tanggung jawab dan ketaatan yang diberikan kepada orang-orang di Israel oleh TUHAN. Konteksnya membahas tentang tanggung jawab yang diberikan kepada Musa untuk memimpin bangsa Israel keluar dari tanah Mesir dan kemudian kembali ke tanahnya.
Keluaran,34,"**Tema utama:** Perjanjian antara TUHAN dan Musa

**Konteks:** pasal ini membahas tentang perjanjian yang dibuat antara TUHAN dan Musa, serta tentang tanggung jawab dan perilaku yang harus dilakukan oleh Musa terhadap orang Israel."
Keluaran,35,"**Tema utama:** Pengurutan pekerjaan dan tanggung jawab orang-orang di antara Israel.

**Konteks:** pasal ini membahas tentang perintah Musa kepada segenap jemaah Israel untuk melakukan berbagai pekerjaan, termasuk pekerjaan mendirikan, penyembuhan, dan pakaian."
Keluaran,36,"**Tema utama:** Pengurukan pekerjaan dan tanggung jawab bagi orang-orang ahli di tempat kudus.

**Konteks:** pasal ini membahas tentang perintah Musa kepada Bezaleel dan Aholiab untuk membangun tempat kudus dan bagaimana orang-orang ahli dapat melakukan pekerjaan sesuai dengan perintahnya."
Keluaran,37,"1. Tabut terbuat dari kayu penaga dan disalut dengan emas.
2. Perkakas yang dipasang pada meja itu terbuat dari emas.
3. Perkakas yang dipasang pada meja itu terdiri dari 7 lampu."
Keluaran,38,"**Tema utama:** Pengilasan Mesbah dalam Alkitab

**Konteks:** pasal ini membahas tentang pembuatan dan desain mezbah, yang merupakan bagian dari bangunan Kemah Pertemuan, yang dibangun oleh Musa di bawah pimpinan Itamar."
Keluaran,39,"**Tema utama:** Kemah Suci dan tugas-tugas yang diberikan kepada orang Israel.

**Konteks:** pasal ini membahas tentang pembuatan pakaian dan peralatan yang dipakai oleh orang Israel untuk tujuan tertentu, termasuk pakaian jabatan, pakaian untuk imam Harun, dan pakaian anak-anak."
Keluaran,40,"**Tema utama:** Pengurukan dan penamaan tempat suci di Alkitab.

**Konteks:** pasal ini membahas tentang pengurukan dan penamaan tempat suci di dalam Kemah Suci, tempat pertama yang didirikan oleh Musa di dalam Alkitab."
Kidung Agung,1,"1. Kidung agung dari Salomo mencintai aku dengan kecupan.
2. Harum bau minyakmu, bagaikan minyak yang tercurah namamu, oleh sebab itu gadis-gadis cinta kepadamu.
3. Bagiku kekasihku bagaikan sebungkus mur, tersisip di antara buah dadaku."
Kidung Agung,2,"1. Bunga-bunga di antara duri-duri dan gadis-gadis menunjukkan hubungan yang kuat dan indah.
2. Perasaan cinta dan kesejahteraan menjadi topik utama yang diwarisi di antara para pemuda.
3. Kehidupan dan hubungan menjadi topik yang diwarisi di antara para perempuan."
Kidung Agung,3,"1. Tema utama dari pasal Alkitab ini adalah tentang keinginan dan terobati diri.
2. Konteks dari pasal ini adalah tentang perjalanan dan mencari diri.
3. Tema utama dari pasal ini adalah tentang hubungan dan cinta.
4. Konteks dari pasal ini adalah tentang pengalaman seorang anak yang ditinggalkan dan terniat.
5. Tema utama dari pasal ini adalah tentang perilaku dan perilaku yang harus ditanggu.
6. Konteks dari pasal ini adalah tentang makna dan simbolitas.
7. Tema utama dari pasal ini adalah tentang kekuatan dan ketekunan.
8. Konteks dari pasal ini adalah tentang kekuatan dan keDecorated.
9. Tema utama dari pasal ini adalah tentang makna dan simbolitas.
10. Tema utama dari pasal ini adalah tentang hubungan dan cinta.
11. Tema utama dari pasal ini adalah tentang hubungan dan cinta."
Kidung Agung,4,"1. Pengalaman pencintai di balik telekungmu menunjukkan kekuatan dan ketekunan.
2. Sebuah cerita tentang anak-anak yang menjelajahi dunia.
3. Sebuah kisah tentang pencerapan dan pengorangan makanan.
4. Sebuah cerita tentang kekuatan dan ketekunan.
5. Sebuah cerita tentang dua anak yang menjelajahi dunia.
6. Sebuah cerita tentang keinginan untuk mencapai tujuan.
7. Sebuah cerita tentang kekuatan dan ketekunan.
8. Sebuah cerita tentang perjalanan ke gunung Libanon.
9. Sebuah cerita tentang pengalaman pendebakan hati.
10. Sebuah cerita tentang hubungan cinta dan semerah.
11. Sebuah cerita tentang penyuncak makanan dan air.
12. Sebuah cerita tentang penangkapan dan pengorangan tanaman.
13. Sebuah cerita tentang berbagai jenis tanaman.
14. Sebuah cerita tentang berbagai jenis tanaman.
15. Sebuah cerita tentang sumber air.
16. Sebuah cerita tentang kekuatan dan ketekunan."
Kidung Agung,5,"**Tema utama:** Penghagiaan dan kekecewaan

**Konteks:** pasal Alkitab ini membahas tentang pengalaman seorang wanita yang merasa bahagia dan terkejut di antara wanita lainnya, serta tentang pengalamannya dengan Tuhan."
Kidung Agung,6,"1. Perginya kekasihmu di antara wanita, dan jurusan manakah kekasihmu pergi untuk mencarinya.
2. Kekasihku telah turun ke dalam tanaman, dan memetik bunga bakung untuk menggembalakan domba.
3. Aku kepunyaan kekasihku, dan kepunyaanku kekasihku yang menggembalakan domba di tengah-tengah bunga bakung.
4. Permaisuri ada enam puluh, selir delapan puluh, dan dara-dara tak terbilang banyaknya.
5. Siapakah dia yang muncul laksana fajar merekah, indah bagaikan bulan purnama, bercahaya bagaikan surya, dahsyat seperti bala tentara dengan panji-panjinya?
6. Ke kebun kenari aku turun melihat kuntum-kuntum di lembah, dan melihat apakah pohon anggur berkuncup dan pohon-pohon delima berbunga.
7. Bagaikan belahan buah delima pelipismu di balik telekungmu.
8. Permaisuri ada enam puluh, selir delapan puluh, dan dara-dara tak terbilang banyaknya.
9. Kembalilah, kembalilah, ya gadis Sulam, kembalilah, kembalilah, supaya kami dapat melihat engkau!
10. ""Siapakah dia yang muncul laksana fajar merekah, indah bagaikan bulan purnama, bercahaya bagaikan surya, dahsyat seperti bala tentara dengan panji-panjinya?""
11. Ke kebun kenari aku turun melihat kuntum-kuntum di lembah, dan melihat apakah pohon anggur berkuncup dan pohon-pohon delima berbunga.
12. Tak sadar diri aku; kerinduanku menempatkan aku di atas kereta orang bangsawan.
13. Kembalilah, kembalilah, ya gadis Sulam, kembalilah, kembalilah, supaya kami dapat melihat engkau!"
Kidung Agung,7,"1. Pengalaman manusia dengan sandal-sandal dan karya tangan seniman menunjukkan bahwa keindahan bukan hanya tentang bentuk fisik, tetapi juga tentang sikap dan perilaku.
2. Pusar dan perut yang penuh dengan makanan menunjukkan bahwa makanan dapat menjadi kekuatan dan inspirasi.
3. Dua anak kembar menunjukkan bahwa hubungan dan keterlibatan antara orang-orang dapat menjadi kekuatan dan inspirasi.
4. Leher dan matamu yang menyamak menunjukkan kekuatan dan ketekunan.
5. Kepalamu seperti bukit Karmel menunjukkan bahwa keindahan dan kekuatan dapat menjadi kekuatan dan inspirasi.
6. Betapa cantik, betapa jelita engkau menunjukkan bahwa keindahan dan kecocokan dapat menjadi kekuatan dan inspirasi.
7. Sosok tubuh menunjukkan bahwa hubungan dan keterlibatan antara orang-orang dapat menjadi kekuatan dan inspirasi.
8. Kata-katamu menunjukkan bahwa keinginan dan harapan dapat menjadi kekuatan dan inspirasi.
9. Kata-katamu menunjukkan bahwa hubungan dan keterlibatan antara orang-orang dapat menjadi kekuatan dan inspirasi.
10. Kepunyaan kekasihku menunjukkan bahwa hubungan dan keterlibatan antara orang-orang dapat menjadi kekuatan dan inspirasi.
11. Mari, kita pergi ke padang, bermalam di antara bunga-bunga pacar! menunjukkan bahwa hubungan dan keterlibatan antara orang-orang dapat menjadi kekuatan dan inspirasi.
12. Mari, kita pergi pagi-pagi ke kebun anggur dan melihat apakah pohon anggur sudah berkuncup, apakah sudah mekar bunganya, apakah pohon-pohon delima sudah berbunga! menunjukkan bahwa hubungan dan keterlibatan antara orang-orang dapat menjadi kekuatan dan inspirasi.
13. Semerbak bau buah dudaim menunjukkan bahwa hubungan dan keterlibatan antara orang-orang dapat menjadi kekuatan dan inspirasi."
Kidung Agung,8,"1. Pengkaman diri dan hubungan dengan ibu adalah topik utama.
2. Pengasapan makanan dan pembelajaran adalah konteks utama.
3. Kehidupan dan hubungan adalah topik utama yang dicampur.
4. Perasının cinta dan hubungan adalah topik utama.
5. Pengkehidupan dan kelahiran adalah topik utama.
6. Kekecewaan dan hubungan adalah topik utama.
7. Kehidupan dan hubungan adalah topik utama.
8. Perencanaan dan tindakan untuk saudara perempuan adalah topik utama.
9. Kehidupan dan hubungan adalah topik utama.
10. Kehidupan dan hubungan adalah topik utama.
11. Pengasapan makanan dan hubungan adalah topik utama.
12. Kehidupan dan hubungan adalah topik utama.
13. Kehidupan dan hubungan adalah topik utama.
14. Ketaatan dan perilaku adalah topik utama."
Kisah Para Rasul,1,"**Tema utama:** Pengkarya dan penangkuhan oleh Roh Kudus terhadap kehidupan Jesus.

**Konteks:** pasal ini membahas tentang peristiwa-peristiwa di kehidupan Jesus, termasuk pengkarya, penangkuhan, dan pelayanan Roh Kudus."
Kisah Para Rasul,2,"**Tema utama:** Pengkehidupan dan peran Jesus di antara orang-orang Israel.

**Konteks:** pasal ini membahas tentang hari-hari terakhir dan peristiwa-peristiwa terakhir sebelum Yesus datang."
Kisah Para Rasul,3,"**Tema utama:** Penghagiaan dan keselamatan melalui kepercayaan pada Jesus Kristus.

**Konteks:** pasal ini membahas tentang perjalanan dan pengorotan orang-orang yang mengikuti Petrus dan Yohanes ke Bait Allah, serta cerita tentang Hamba-Nya yang diterima oleh Jesus."
Kisah Para Rasul,4,"**Tema utama:** Pengkhotbah tentang kepercayaan dan keselamatan

**Konteks:** pasal ini membahas tentang peristiwa-peristiwa yang terjadi di Yerusalem selama hari-hari terakhir, di mana banyak orang yang mendengar ajaran dari imam-imam dan kepala pengawal Bait Allah serta orang-orang Saduki."
Kisah Para Rasul,5,"**Tema utama:** Pengakui dan menindaklanjut pada apa yang telah dilakukan.

**Konteks:** pasal ini membahas tentang peristiwa-peristiwa di dalam Perjanjian Alkitab tentang orang-orang yang mengakui dan menindaklanjut pada apa yang telah dilakukan oleh orang lain."
Kisah Para Rasul,6,"1. Timbullah sungut-sungut di antara orang-orang Yahudi terhadap orang-orang Ibrani karena pembagian kepada janda-janda mereka diabaikan.
2. Kedua belas rasul itu memanggil semua murid berkumpul dan berkata: ""Kami tidak merasa puas, karena kami melalaikan Firman Allah untuk melayani meja"".
3. Mereka memilih tujuh orang dari antaramu, yang terkenal baik, dan yang penuh Roh dan hikmat, untuk tugas yang diberikan."
Kisah Para Rasul,7,"**Tema utama:** Kejadian dan Roh Kudus

**Konteks:** pasal ini membahas tentang perjalanan Abraham, Ishak, Yakub, dan Yusuf, serta sejarah penangkapan mereka oleh Raja Mesir."
Kisah Para Rasul,8,"**Tema utama:** Penghagiaan dan keselamatan jiwa

**Konteks:** pasal ini membahas tentang peristiwa-peristiwa yang terjadi di kota Samaria, di mana orang-orang percaya pada Injil dan menerima Roh Kudus dari Allah."
Kisah Para Rasul,9,"**Tema utama:** Pengkarya dan keselamatan orang-orang dalam perjalanan ke Damsyik.

**Konteks:** Pengkarya dan keselamatan orang-orang dalam perjalanan ke Damsyik, termasuk peristiwa-peristiwa seperti cahaya yang memancar dari langit, suara yang berbicara kepadanya, dan peristiwa-peristiwa lainnya yang menunjukkan keselamatannya."
Kisah Para Rasul,10,"**Tema utama:** Pengkehidupan dan panggilan Roh Kudus

**Konteks:** pasal ini membahas tentang seorang perwira pasukan Italia bernama Kornelius dan cerita tentang bagaimana Allah mengundangnya untuk menjadi pen Ptolemy, seorang malaikat yang akan datang untuk menganggu orang-orang di Yope."
Kisah Para Rasul,11,"**Tema utama:** Pengkehidupan dan peran Jesus Kristus di Yudea.

**Konteks:** pasal ini membahas tentang peristiwa-peristiwa yang terjadi di Yudea, di mana Jesus Kristus muncul dan menjadi pemimpin bagi banyak orang."
Kisah Para Rasul,12,"**Tema utama:** Pengakutungan dan penolakan oleh Herodes terhadap orang-orang suci.

**Konteks:** pasal ini menunjukkan bahwa Herodes sangat keras dan tidak suka menerima masukan atau permintaan dari orang-orang suci. Ia berusaha membunuh Yakobus dan saudara Yohanes, serta menyuruh menahan Petrus dan memenjarakannya di bawah penjagaan empat regu. Selain itu, Herodes juga menyuruh membunuh semua orang yang berusaha menuntut perêncio dan keselamatannya."
Kisah Para Rasul,13,"**Tema utama:** Pengakui dan menuntun orang lain kepada Allah.

**Konteks:**

* Pasal ini membahas tentang peristiwa-peristiwa di Antiokhia, di mana Barnabas dan Saulus pergi untuk beribadah kepada Tuhan dan berpuasa.
* Allah memberi perintah kepada Barnabas dan Saulus untuk membawa orang lain kepada jalan Tuhan.
* Mereka menghadapi tantangan dan pertimbangan, tetapi mereka tetap bertekad dan menuntun orang lain kepada Allah."
Kisah Para Rasul,14,"Tema utama dari pasal Alkitab ini adalah tentang pengketakan dan pemberitaan dua rasul, Paulus dan Barnabas, oleh orang-orang Yahudi di kota Antiokhia. Konteksnya adalah tentang pengkhotani dan pengorangan para rasul untuk menyamak orang-orang lain dan menuntun mereka kepada Allah."
Kisah Para Rasul,15,"**Tema utama:** Pengkehidupan dan peran Allah dalam hidup manusia

**Konteks:** pasal ini membahas tentang pengalaman dua orang, Yudas dan Silas, yang diterima oleh Allah di Antiokhia. Mereka menjadi WITNESS yang penting dalam sejarah, dan mereka menunjukkan bahwa Allah dapat memilih siapa pun dari antara manusia untuk menerimaNya."
Kisah Para Rasul,16,"**Tema utama:** Pengkejadian dan pengorangan orang-orang Yahudi di daerah Asia.

**Konteks:** pasal ini membahas tentang perjalanan Paulus dan Silas ke daerah Asia, di mana mereka menghadapi tantangan dan tantangan dari orang-orang Yahudi."
Kisah Para Rasul,17,"**Tema utama:** Penghajaran Alkitab

**Konteks:**
* Alkitab menunjukkan perjalanan Paulus dan Silas melalui Amfipolis dan Apolonia, dan mereka menemukan rumah ibadat orang Yahudi di Tesalonika.
* Mereka membahas bagian-bagian dari Kitab Suci dan Mesias harus menderita dan bangkit dari antara orang mati.
* Orang-orang Yahudi menjadi iri hati dan mengadakan keributan, mengacau kota mereka."
Kisah Para Rasul,18,"**Tema utama:** Penghagiaan dan keselamatan orang-orang Yahudi di Korintus.

**Konteks:** pasal ini membahas tentang perjalanan dan pengaruh Paulus di Korintus, serta bagaimana orang-orang Yahudi di Akhaya menerima pengajaran dari dia."
Kisah Para Rasul,19,"**Tema utama:** Pengakui Roh Kudus dan Perjanjian dengan Allah

**Konteks:** pasal ini membahas tentang peristiwa-peristiwa di Korintus di mana para murid menerima Roh Kudus dan kemudian berakui pada diri mereka sebagai anak-anak Jesus."
Kisah Para Rasul,20,"**Tema utama:** Penghagiaan dan keselamatan jiwa

**Konteks:** pasal ini membahas tentang perjalanan Paulus dan murid-muridnya di berbagai tempat, termasuk Makedonia, Yunani, Siria, Troas, Filipi, Asos, Miletus, Efesus, Yerusalem, Miletus, dan Efesus."
Kisah Para Rasul,21,"**Tema utama:** Pengkehidupan dan peran Roh Kudus di antara bangsa-bangsa lain

**Konteks:** pasal ini membahas tentang perjalanan Roh Kudus dan pengaruhnya pada bangsa-bangsa lain. Selain itu, ia juga membahas tentang tindakan-tindakan yang dilakukan oleh Roh Kudus untuk memastikan keselamatan dan kesejahteraan masyarakat."
Kisah Para Rasul,22,"**Tema utama:** Penghajaran dan Penyalasan Rahasia

**Konteks:** pasal ini membahas tentang peristiwa-peristiwa yang terjadi di Damasyik, di mana para saudara-saudara dan bapa-bapa menerima pesan dari Allah."
Kisah Para Rasul,23,"**Tema utama:** Penghajaran dan pengorangan orang-orang dalam Mahkamah Agama

**Konteks:**
* Penghajaran orang-orang dalam Mahkamah agama merupakan peristiwa penting dalam sejarahnya.
* Orang-orang yang terlibat dalam penghajaran menunjukkan sikap yang berbeda dan beragam.
* Penghajaran menimbulkan pertanyaan tentang kebenaran dan ketakutan."
Kisah Para Rasul,24,"Tema utama pasal Alkitab ini adalah tentang kepercayaan dan kepadamu yang akan datang kepada orang-orang Yahudi. Konteksnya membahas tentang peristiwa-peristiwa yang terjadi di Yerusalem, termasuk penangkapan Feliks oleh pasukan Lisias, penghakimannya, dan permintaannya untuk uang dari Paulus."
Kisah Para Rasul,25,"**Tema utama:** Pengnuansa pesan Alkitab tentang Festus dan peristiwa-peristiwa terkait.

**Konteks:**
* Peristiwa-peristiwa di Alkitab menunjukkan bahwa Festus berusaha melindungi dan melindungi orang-orang Yahudi dari rencana membunuh Paulus.
* pesan Alkitab menekankan pentingnya tindakan yang dilakukan Festus untuk mencegah peristiwa buruk.
* Peristiwa terakhir menunjukkan bahwa Festus berusaha menunjukkan kesetiaannya terhadap orang-orang Yahudi dengan memberi perintah yang ketat."
Kisah Para Rasul,26,"Tema utama dari pasal Alkitab ini adalah tentang kepercayaan dan pengorangan diri. Konteksnya membahas tentang pengalaman Agripa, seorang penyamak yang menerima perintah dari Paulus untuk menjadi pelayan dan saksi tentang apa yang telah dia lihat."
Kisah Para Rasul,27,"**Tema utama:** Pelayaran ke Italia

**Konteks:**
* Paulus dan beberapa orang tahanan lain dikirim untuk berlayar ke Italia.
* Mereka menghadapi tantangan dan kesukaran selama perjalanan.
* Mereka akhirnya mencapai pelabuhan yang akan mereka selamparkan ke Asia."
Kisah Para Rasul,28,"**Tema utama:** Kejadian dan Pencerahan

**Konteks:** pasal ini membahas tentang pengalaman Paulus di Malta, di mana ia bertemu dengan orang-orang yang menjadikannya semangat dan membantunya untuk menerima keselamatannya dari Allah."
Kolose,1,"**Tema utama:** Pengkehidupan dan peran Jesus Kristus di dalam Alkitab.

**Konteks:** pasal ini membahas tentang pentingnya kehidupan dan peran Jesus Kristus di dalam Alkitab, serta bagaimana dia dapat membantu orang-orang yang percaya pada Allah."
Kolose,2,"1. Alkitab memberi penjelasan tentang perjuangan dan manfaat hidup yang diperoleh oleh orang-orang yang belum mengenal Allah.
2. Alkitab menjelaskan bahwa hidup kita terikat pada Allah dan bahwa kita harus hidup sesuai dengan perintah-perintah Allah.
3. Alkitab memberi penjelasan tentang pentingnya hubungan dan hubungan yang terikat pada Allah."
Kolose,3,"1. Pencarian perkara di atas adalah tentang hubungan antara kehidupan kita dan Kristus.
2. Perjalanan hidup kita tersembunyi bersama dengan Kristus di dalam Allah.
3. Allah adalah pemberi kehidupan dan keselamatan bagi kita."
Kolose,4,"1. Alkitab memberi perintah untuk orang-orang untuk berlaku adil dan jujur terhadap hambamu.
2. Alkitab memberi perintah untuk bertekunlah dalam doa dan menjaga menjaga-jagaannya saat berdoa.
3. Alkitab memberi perintah untuk berdoa jugalah untuk menuntut jawaban dari Allah.
4. Alkitab memberi perintah untuk hidup dengan penuh hikmat terhadap orang-orang luar.
5. Alkitab memberi perintah untuk hidup dengan penuh kasih dan jangan hambar.
6. Alkitab memberi perintah untuk bersemayai pada Allah dan bersemayai pada kata-kata yang diberikan.
7. Alkitab memberi perintah untuk diberitahukan kepadamu oleh Tikhikus.
8. Alkitab memberi perintah untuk mengetahui tentang ihwal kita dan untuk menghibur hatimu.
9. Alkitab memberi perintah untuk pemberitahukan kepadamu semua hal yang terjadi di sini.
10. Alkitab memberi perintah untuk bersemayai pada Allah dan untuk menerima pesan.
11. Alkitab memberi perintah untuk menjadi penghibur bagiku.
12. Alkitab memberi perintah untuk berdiri teguh dan penuh dengan segala hal yang dikehendaki Allah.
13. Alkitab memberi perintah untuk memberi kesaksian tentang Allah.
14. Alkitab memberi perintah untuk bersemayai pada Allah dan untuk menerima belenggu.
15. Alkitab memberi perintah untuk berusaha untuk menindaklanjut pesan yang diterima.
16. Alkitab memberi perintah untuk berusaha untuk menindaklanjut pesan yang diterima di jemaat Laodikia.
17. Alkitab memberi perintah untuk melayani Allah dengan penuh kasih.
18. Alkitab memberi perintah untuk hidup dengan penuh kasih dan jangan hambar."
Lukas,1,"1. Pengumpulan berita tentang peristiwa-peristiwa yang telah terjadi di antara kita adalah tugas yang dilakukan oleh Zakharia, imam yang bernama Zakharia dari rombongan Abia.


2. Zakharia melakukan tugas keimaman di hadapan Tuhan, dan ketika diundi, ia berkata: ""Jangan takut, hai Zakharia, sebab doamu telah dikabulkan dan Elisabet, isterimu, akan melahirkan seorang anak laki-laki bagimu dan haruslah engkau menamai dia Yohanes.""


3. Maria, ister Zakharia, mengandung dan selama lima bulan, ia tidak menampakkan diri, dan ketika selesai jangka waktu tugas jabatannya, ia pulang ke rumah."
Lukas,2,"**Tema utama:** Pengenalan dan makna dari nama-nama dalam Alkitab

**Konteks:**

Nama-nama dalam Alkitab memiliki makna dan simbolisme yang menandakan sejarah, makna, dan pesan dari kehidupan Jesus. Tujuan dari penamaan tersebut adalah untuk membantu orang-orang memahami makna dan tujuan hidup mereka, serta untuk mendorong mereka untuk hidup dengan tujuan dan semangat yang terEjemplos dalam kehidupan Jesus."
Lukas,3,"**Tema utama:** Pengkehidupan dan tugas Jesus Christ

**Konteks:**
* Pengkehidupan Jesus Christ sebagai seorang anak Abraham.
* Perjalanan dan tugas Jesus Christ di dalam Alkitab."
Lukas,4,"**Tema utama:** Pengkehidupan dan peran Jesus di Yudea

**Konteks:** pasal ini membahas tentang pengalaman Jesus di Yudea, termasuk peristiwa-peristiwa seperti pengkejadian Iblis, pencerapannya oleh Iblis, dan peristiwa-peristiwa lainnya yang menunjukkan peran penting Jesus di Yudea."
Lukas,5,"**Tema utama:** Pengkehidupan dan tanggung jawab Jesus

**Konteks:** pasal ini membahas tentang pengalaman Jesus di pantai Genesaret, di mana He melihat dua perahu di tepi pantai dan menyuruh Simon untuk menolakkan perahunya sedikit jauh dari pantai."
Lukas,6,"**Tema utama:** Pengakuan dan tanggung jawab terhadap Allah

**Konteks:**

* Pasal ini membahas tentang berbagai pengalaman Jesus tentang pengakuan, tanggung jawab, dan hubungan dengan Allah.
* Konteks ini menunjukkan bahwa Jesus mengajarkan tentang pengakuan, tanggung jawab, dan hubungan dengan Allah.
* Konteks ini juga menunjukkan bahwa Jesus mengajarkan tentang bagaimana orang dapat memperoleh keselamatan dan hubungan dengan Allah."
Lukas,7,"1. Perwira menemukan hamba keras dan meminta bantuan kepada Yesus.
2. Perwira memberi pernyataan yang menguntungkan orang-orang tua-tua Yahudi.
3. Perwira mencintai dan menyembuhkan hamba itu."
Lukas,8,Tema utama dari pasal Alkitab tersebut adalah tentang cerita tentang Jesús dan anak-anaknya. Konteksnya adalah tentang bagaimana Jesús berusaha menarik perhatian anak-anaknya dengan cerita-cerita dan tindakan-tindakannya.
Lukas,9,"**Tema utama:** Pengikutan dan tanggung jawab terhadap Allah

**Konteks:**
* Perjalanan dan pelayanan Jesus
* Perjanjian dan hukum Allah
* Kehidupan dan sacrificed Jesus
* Peraların yang mengikuti dan melayani Jesus"
Lukas,10,"**Tema utama:** Pengkehidupan dan tanggung jawab manusia

**Konteks:** pasal ini membahas tentang perilaku dan tanggung jawab orang-orang dalam perjalanan, serta tentang hubungan antara orang-orang yang membantu dan orang-orang yang menerima bantuan."
Lukas,11,"**Tema utama:** Kehidupan dan peran Allah dalam hidup manusia

**Konteks:** pasal ini membahas tentang mourir dan pengakutnya, dan bagaimana Allah menyertai dan mengaju orang-orang yang berusaha untuk mencapai keselamatannya."
Lukas,12,"**Tema utama:** Kehidupan dan pengorangan diri

**Konteks:** pasal ini membahas tentang berbagai topik tentang kehidupan dan pengorangan diri, termasuk hubungan antara kehidupan, pengorangan, dan nilai."
Lukas,13,"**Tema utama:** Penghajaran dan Penyamak Allah

**Konteks:** pasal ini membahas tentang dua orang yang mengalami nasib yang berbeda, yaitu orang-orang Galilea dan orang-orang yang diam di Yerusalem."
Lukas,14,"**Tema utama:** Pengkehidupan dan tanggung jawab Jesus terhadap orang-orang miskin.

**Konteks:** pasal ini membahas tentang tindakan dan perilaku Jesus terhadap orang-orang miskin, serta bagaimana dia mengajarkan mereka tentang tanggung jawab dan hubungan mereka dengan Allah."
Lukas,15,"Tema utama dari pasal Alkitab ini adalah tentang tentang sukacita dan kepenalan yang diterima oleh orang-orang yang berdosa. Konteksnya membahas tentang orang-orang yang menerima makanan dan layanan dari Jesus, serta tentang orang-orang yang menerima harta dan keselamatan dari Allah."
Lukas,16,"**Tema utama:** Kehidupan dan tindakan manusia

**Konteks:** pasal ini membahas tentang perilaku dan tindakan yang dilakukan oleh manusia, terutama tentang kepatuhan terhadap Allah dan hubungan dengan orang lain."
Lukas,17,"**Tema utama:** Penyamak dan pengorangan dalam kehidupan

**Konteks:** pasal ini membahas tentang perilaku dan tindakan yang dapat dilakukan oleh orang-orang untuk mencapai keselamatan dan kebahagiaan."
Lukas,18,"**Tema utama:** Perjanjian antara manusia dan Allah

**Konteks:** pasal ini membahas tentang dua orang yang berusaha mendapatkan hidup yang kekal: seorang anak kecil dan seorang penyamak."
Lukas,19,"1. Yesus memasuki kota Yerikho dan berjalan terus melintasi kota itu.
2. Zakheus, kepala pemungut cukai, berusaha melihat orang apakah Yesus itu, tetapi ia gagal.
3. Semua orang yang melihat hal itu bersungut-sungut, mengatakan bahwa ia menumpang di rumah orang berdosa.
4. Zakheus berdiri dan berkata kepada Tuhan: ""Tuhan, setengah dari milikku akan kuberikan kepada orang miskin dan sekiranya ada sesuatu yang kuperas dari seseorang akan kukembalikan empat kali lipat."""
Lukas,20,"**Tema utama:** Pengambilan keputusan dan perilaku manusia

**Konteks:** pasal ini membahas tentang pengalaman Jesus dengan para imam dan ahli Taurat, dan bagaimana mereka berusaha untuk memahami dan menjelaskan makna perumpamaan mereka."
Lukas,21,"**Tema utama:** Pengorikan dan penangkatan dari peristiwa-peristiwa dalam Alkitab tentang penyalakan dan penangkatan.

**Konteks:**
* Peristiwa-peristiwa tersebut menunjukkan bahwa Allah adalah kekuatan yang besar dan dapat mengatasi semua tantangan.
* Orang-orang yang berakui dan berdoa akan memperoleh keselamatan dan hidup yang penuh dengan kasih dan cahaya.
* Allah adalah pencipta dan penolong, dan semua orang akan akhirnya mendapat keselamatannya."
Lukas,22,"**Tema utama:** Pengakui dan menuntut pundi-pundi

**Konteks:**

* Hari raya Roti Tidak Beragi, yang disebut Paskah, dekat.
* Imam-imam kepala dan ahli-ahli Taurat mencari jalan untuk membunuh Yesus.
* Maka masuklah Iblis ke dalam Yudas, seorang dari kedua belas murid itu."
Lukas,23,"**Tema utama:** Pengkhotani dan penangkuhan orang-orang yang menyesatkan bangsa.

**Konteks:** pasal ini membahas tentang peristiwa-peristiwa di Yudea di mana orang-orang yang menyesatkan bangsa dan melarang pajak kepada Kaisar dicintai dan diwarisi oleh Jesus."
Lukas,24,"**Tema utama:** Penghajaran Alkitab

**Konteks:** Penghajaran Alkitab tentang peristiwa-peristiwa penting di dalam kehidupan Jesus dan para penyamaknya."
Maleakhi,1,"**Tema utama:** Pengorikan terhadap kekuatan dan ketekunan Allah dalam melindungi dan melindungi orang-orang.

**Konteks:** pasal ini membahas tentang berbagai peristiwa di dalam Alkitab, di mana Allah menunjukkan kekuatan dan ketekunannya melalui sentuhan, pengorangan, dan perintah kepada orang-orang."
Maleakhi,2,"1. Perjanjian-Ku dengan Lewi adalah kunci untuk menjaga kesejahteraan dan keselamatan umat.
2. Allah menyerahkan kutuk kepada orang yang tidak mendengarkan perintah dan menghormati nama-Ku.
3. Allah menghormati dan mematahkan lengan dan melemparkan kotoran ke mukamu.
4. Perjanjian-Ku dengan Lewi harus tetap terpegang, karena perjanjian-Ku lainnya akan terpengaruh.
5. Perjanjian-Ku dengan Lewi adalah kehidupan dan sejahtera, sedangkan perjanjian-Ku lainnya menimbulkan ancaman.
6. Allah tidak menerima perilaku yang tidak selaras dengan kebenaran, dan kecurangan dan peluang yang tersembunyi diwariskan.
7. Guru-guru yang memelihara pengetahuan dan mengajarkan pengajaran dari mulutnya, mendapat dukungan dari Allah.
8. Allah memanfaatkan perilaku yang tersembunyi dari para pencipta untuk mencapai tujuannya.
9. Akupun akan menciptakan orang yang rendah dan rendah bagi seluruh umat, yang akan terhindari dari Allah.
10. Allah menciptakan kita karena dia ingin kita bersama-sama, dan kita berkhianat satu sama lain untuk mencapai tujuan yang bersama.
11. Allah menciptakan Yehuda karena dia berusaha untuk memenuhi kebutuhan Allah, dan dia menjadi suami anak perempuan yang termuci.
12. Allah melenyapkan dari kemah-kemah Yakub karena dia berusaha untuk memenuhi kebutuhan Allah.
13. Allah menutupi mezbah TUHAN dengan air mata, dengan tangisan dan rintihan, karena dia tidak lagi berpaling kepada persembahan.
14. Allah bertanya: ""Oleh karena apa?"" Oleh sebab dia tidak setia pada isteri, padahal dia telah terkhianat.
15. Allah menjadikan daging dan roh manusia, dan kesatuan itu adalah keturunan ilahi.
16. Allah menyerahkan perceraian, karena dia berusaha untuk memenuhi kebutuhan Allah.
17. Orang-orang yang berbuat jahat adalah baik di mata TUHAN, dan Allah berkenan pada mereka."
Maleakhi,3,"**Tema utama:** Penghakimi dan keselamatan

**Konteks:** pasal ini membahas tentang mourir dan penghakimi, serta bagaimana orang-orang dapat bertahan hidup dan mencintai Allah."
Maleakhi,4,"**Tema utama:** Penghajaran dan Penyalasan Rahasia

**Konteks:** pasal ini membahas tentang peristiwa-peristiwa yang akan terjadi di hari-hari setelah hari itu, termasuk penghajaran, penyalasan rahasia, dan hukuman bagi orang-orang yang melakukan fasik atau perilaku yang tidak benar."
Markus,1,"**Tema utama:** Pengkehidupan dan peran Jesus Kristus di dalam Injil

**Konteks:** pasal ini membahas tentang perjalanan dan peran Jesus Kristus di dalam Injil, termasuk peristiwa-peristiwa yang terjadi di dalam perjalanan, hubungan dengan orang-orang penting, dan pesan-pesan yang disampaikan oleh Jesus."
Markus,2,"Tema utama dari pasal Alkitab ini adalah tentang tindakan dan perilaku manusia, terutama tentang dosa dan pengampunannya. Konteksnya membahas tentang orang-orang yang berusaha mencapai keselamatan dan pengampunan melalui tindakan-tindakan yang tepat."
Markus,3,"Tema utama dari pasal Alkitab ini adalah tentang pengorangan dan penghenapan orang-orang yang berusaha untuk membunuh Jesus. Konteksnya terkait dengan peristiwa-peristiwa di dalam Alkitab, seperti hari Sabat, pengorangan orang-orang Farisi dan Herodian, dan peristiwa-peristiwa di Yerusalem."
Markus,4,"**Tema utama:** Pengenalan dan penerapan pesan-pesan Alkitab dalam kehidupan sehari-hari.

**Konteks:** pasal ini membahas tentang perumpamaan Jesus dan bagaimana pesan-pesan tersebut dapat diterapkan dalam kehidupan modern."
Markus,5,"**Tema utama:** Pengobatan dan penangkaan oleh orang-orang yang kerasukan.

**Konteks:** pasal ini membahas tentang seorang anak yang hampir mati dan bagaimana orang-orang yang telah melihatnya berusaha membantunya."
Markus,6,"**Tema utama:** Pengkehidupan dan peran Jesus di dalam Alkitab

**Konteks:**

Alkitab menunjukkan bahwa Jesus memiliki peran penting di dalam hidup manusia, termasuk memberi kekuatan dan semangat kepada paramurid, serta melindungi mereka dari bahaya."
Markus,7,Tema utama dari pasal Alkitab tersebut adalah tentang perilaku dan perilaku orang-orang yang berpegang pada adat istiadat nenek moyang mereka. Konteksnya membahas tentang tindakan-tindakan yang dilakukan oleh orang-orang Farisi dan ahli Taurat untuk memenuhi kebutuhan dan adat istiadat mereka.
Markus,8,"**Tema utama:** Pengelolaan makanan dan kesejahteraan orang-orang di tempat yang sunyi.

**Konteks:** pasal ini membahas tentang bagaimana Jesus memberikan makanan dan kesejahteraan kepada orang-orang di tempat yang sunyi, serta bagaimana orang-orang dapat memperoleh makanan dan kesejahteraan mereka."
Markus,9,"**Tema utama:** Kehidupan dan kemakian Jesus

**Konteks:** pasal ini membahas tentang pengalaman Jesus dengan anak-anaknya di Kapernaum, di mana Jesus menjelaskan bahwa dia akan menjadi anak manusia dan akan membunuh orang-orang yang telah mencintai dia."
Markus,10,"**Tema utama:** Pengorikan dan hubungan antara kehidupan orang-orang yang terjebak di dalam Kerajaan Allah dan kehidupan mereka setelah kematian.

**Konteks:**
* Perjalanan dari Yudea ke Yerusalem.
* Perjalanan dari Yerusalem ke Mari.
* Perjalanan dari Mari ke Yerikho."
Markus,11,"**Tema utama:** Pengkehidupan dan tugas Jesus di Yerusalem

**Konteks:** pasal ini membahas tentang pengalaman Jesus dan murid-murid-Nya di Yerusalem, termasuk peristiwa-peristiwa terakhir, pengakuan Jesus, dan pesan-pesan terakhir."
Markus,12,"**Tema utama:** Pengambilan keputusan dan perilaku manusia

**Konteks:** pasal Alkitab tentang peristiwa-peristiwa di dalam perumpamaan Jesus, di mana Jesús berbicara kepada orang-orang dan memberikan perintah atau aturan."
Markus,13,"**Tema utama:** Pengkehidupan dan kemakian Jesus

**Konteks:** pasal Alkitab yang disorotkan tentang kehidupan dan kemakian Jesus."
Markus,14,"**Tema utama:** Pengkapan dan penangkapan Yesus oleh Yudas Iskariot

**Konteks:**

* Hari raya Paskah dan hari raya Roti Tidak Beragi.
* Yudas Iskariot berusaha menyerahkan Yesus kepada imam-imam kepala.
* Yudas menemukan minyak narwastu dan berusaha menyerahkannya kepada Yesus."
Markus,15,"**Tema utama:** Pengkanangan dan penangkuhan Yesus oleh imam-imam kepala

**Konteks:**
* Alkitab menunjukkan peristiwa-peristiwa tentang pengkanangan dan penangkuhan Yesus oleh imam-imam kepala.
* Konteks ini menunjukkan bahwa orang-orang yang bertanggung jawab untuk mengelola hidup dan kematian Yesus memiliki tanggung jawab besar.
* Alfabet ini menunjukkan perkembangan kepercayaan dan kepercayaan pada Jesus."
Markus,16,"**Tema utama:** Pengkehidupan dan pesan Jesus di dalam Alkitab

**Konteks:** pasal ini membahas tentang peristiwa-peristiwa penting dalam kehidupan dan pesan Jesus, termasuk pengkejadian, kelahiran, dan pengikapan orang-orang yang percaya."
Matius,1,"**Tema utama:** Keturunan dan kelahiran Yesus Kristus

**Konteks:** pasal ini membahas tentang keturunan dari Abraham hingga Daud, dari Daud hingga pembuangan ke Babel, dan dari pembuangan ke Babel hingga Kristus."
Matius,2,"**Tema utama:** Penghagiaan dan kekecewaan di antara orang-orang majus

**Konteks:** pasal ini membahas tentang peristiwa-peristiwa penting di Betlehem, Yerusalem, dan Mesir yang terkait dengan kelahiran Anak Jesus dan penghagiaan yang diterima oleh orang-orang majus."
Matius,3,"**Tema utama:** Pengkehidupan dan pembaptisan Jesus di Yordan.

**Konteks:** pasal ini menunjukkan peristiwa-peristiwa penting di Yordan, termasuk pengkejadian, pembaptisan, dan peristiwa-peristiwa setelah pembaptisan."
Matius,4,"**Tema utama:** Penghajaran dan Penginjangan dalam Alkitab

**Konteks:** pasal ini membahas tentang peristiwa-peristiwa di kehidupan Jesus dan bagaimana mereka terkait dengan penghajaran dan penginjangan."
Matius,5,"**Tema utama:** Pengakui dan menindaklanjut pada apa yang telah dilakukan

**Konteks:** pasal ini membahas tentang perilaku manusia dan bagaimana orang dapat menerima dan menerapkan prinsip-prinsip Islam tentang akui dan menindaklanjut pada apa yang telah dilakukan."
Matius,6,"**Tema utama:** Pengelolaan harta dan kehidupan setelah kematian

**Konteks:** pasal ini membahas tentang mourir dan bagaimana orang dapat memperoleh upah dari Allah setelah kematian."
Matius,7,"**Tema utama:** Penghakiman dan kepadamu

**Konteks:** pasal ini membahas tentang perilaku manusia dan bagaimana orang dapat mengetahui diri mereka melalui penghakiman dan kepadamu."
Matius,8,"**Tema utama:** Penghagiaan dan keselamatan jiwa

**Konteks:** pasal ini membahas tentang pengalaman Jesus di Kapernaum, di mana dia menerima dua permintaan dari orang-orang yang sedang mengalami sakit: pertama, seorang yang sakit kusta dan kedua, seorang yang terbaring di rumah karena sakit demam."
Matius,9,"**Tema utama:** Pengkehidupan dan keselamatan manusia

**Konteks:** pasal ini membahas tentang pengalaman Jesus di rumah kepala rumah ibadat, di mana dia menyembah dan menyelamat seorang perempuan baru saja meninggal."
Matius,10,"**Tema utama:** Pengakut dan pengorangan orang-orang dalam Alkitab.

**Konteks:** pasal ini membahas tentang dua belas murid dan dua belas rasul, serta tentang pengakut dan pengorangan orang-orang dalam Alkitab."
Matius,11,"**Tema utama:** Pengkehidupan dan peran Jesus di dalam Kota Santa Yudas

**Konteks:** pasal ini membahas tentang pengalaman Jesus di Kota Santa Yudas, di mana dia mengajarkan dan memberitakan Injil kepada para muridnya."
Matius,12,"**Tema utama:** Kekekuatan dan tanda-tanda dari Allah

**Konteks:** pasal Alkitab yang disorotkan menunjukkan bahwa Allah memiliki tanda-tanda yang dapat dilihat dan dipahami oleh manusia, dan bahwa orang-orang yang memenuhi syarat tersebut akan mendapat manfaat darinya."
Matius,13,"**Tema utama:** Perumpamaan tentang Lalang di Ladang

**Konteks:** Perumpamaan ini membahas tentang tentang hubungan antara Allah dan manusia, dan bagaimana Allah menggunakan peristiwa-peristiwa untuk mengajarkan dan merumpamaan orang-orang."
Matius,14,"Tema utama dari pasal Alkitab ini adalah tentang peristiwa-peristiwa tentang Herodes dan anak-anaknya. Konteksnya adalah tentang peristiwa-peristiwa yang terjadi di masa itu, serta tentang bagaimana Herodes berusaha untuk membunuh anak-anaknya."
Matius,15,"**Tema utama:** Pengeluaran makanan dan kesejahteraan orang-orang yang terEjemplos dalam Alkitab.

**Konteks:** pasal ini membahas tentang perilaku dan perilaku orang-orang yang melanggarkan adat istiadat nenek moyang, termasuk perilaku yang bersifat negatif seperti tidak mentahuk makanan, tidak berwangi, dan tidak membantu orang lain."
Matius,16,"**Tema utama:** Pengeluaran makanan dan kesejahteraan orang-orang Farisi dan Saduki.

**Konteks:** pasal ini membahas tentang orang-orang Farisi dan Saduki yang berusaha mencobai Yesus dengan meminta tanda dari sorga. Namun, jawaban Yesus menunjukkan bahwa tanda-tanda yang diberikan tidak menunjukkan bahwa Allah telah datang."
Matius,17,"**Tema utama:** Pengkehidupan dan keselamatan anak-anak Jesus

**Konteks:** pasal ini membahas tentang peristiwa-peristiwa di kehidupan Jesus dan bagaimana mereka mempengaruhi kehidupan para murid-murid."
Matius,18,"**Tema utama:** Pengorikan diri pada Allah dan menerima manfaat dari pengorikan diri.

**Konteks:** pasal ini membahas tentang orang-orang kecil yang percaya pada-Ku dan bagaimana mereka memperoleh manfaat dari pengorikan diri mereka."
Matius,19,"Tema utama pasal Alkitab ini adalah tentang tentang hubungan antara manusia dan Allah, dan bagaimana Allah dapat menghakimi orang-orang yang meninggalkan rumah mereka untuk mengikuti jalan Allah. Konteksnya adalah tentang orang-orang yang menceraikan isterinya dan bagaimana Allah menghakimi mereka."
Matius,20,"Tema utama dari pasal Alkitab tersebut adalah tentang tentang pengorangan dan distribusi upah pada masyarakat. Konteksnya membahas tentang penghapusan pekerja-pekerja dan penganggurnya di pasar, serta pengeringan upah kepada orang lain."
Matius,21,"**Tema utama:** Pengakui dan percaya pada Jesus

**Konteks:** pasal ini membahas tentang pengalaman Jesus dengan para murid-murid-Nya di Yerusalem. Jesus memberi pesan kepada dua orang murid-Nya untuk menemukan seekor keledai betina tertambat dan anaknya ada dekatnya. Selain itu, Jesus juga memberi pesan kepada para penyamak untuk berbuat seperti yang ditugaskan mereka."
Matius,22,"**Tema utama:** Pengelolaan dan pengangguhan orang-orang yang terundang untuk perjamuan kawin.

**Konteks:** pasal ini membahas tentang bagaimana orang-orang yang terundang untuk perjamuan kawin dapat diwibawa oleh Raja, dan bagaimana mereka dapat diwibawa dengan baik."
Matius,23,"**Tema utama:** Ketakutan dan tanggung jawab terhadap hukuman yang diterima.

**Konteks:** pasal ini membahas tentang perilaku dan sikap yang diharapkan dari para pemimpin-pemimpin dalam hubungan mereka dengan orang lain, serta bagaimana mereka dapat mencapai kesejahteraan dan keselamatan mereka."
Matius,24,"**Tema utama:** Penghajaran Mesias dan kedatangan Anak Manusia

**Konteks:**
* Peruluş Mesias dan kedatangan Anak Manusia di dalam Alkitab.
* Penghajaran Mesias sebagai tanda dan penghajaran hari baru.
* Kata-kata dan peristiwa dalam Alkitab yang menginterpretasi tentang kedatangan Anak Manusia."
Matius,25,"**Tema utama:** Pengelolaan dan tanggung jawab

**Konteks:** pasal ini membahas tentang orang-orang yang menerima dan memberikan uang, serta bagaimana mereka harus memanfaatkan uang yang mereka menerima dengan tepat."
Matius,26,"1. **Tema utama:** Pengkapan dan penangkuhan orang-orang yang menyerahkan Yesus.
2. **Konteks:** Pengkapan oleh imam-imam kepala dan tua-tua bangsa Yahudi untuk menyerahkan Yesus kepada orang-orang miskin.
3. **Tema sub:** Kehidupan Jesus dan pesan-pesan yang tercantum dalam Alkitab."
Matius,27,"**Tema utama:** Pengelolaan dan penangkuhan uang perak oleh para imam kepala dan tua-tua bangsa Yahudi.

**Konteks:**
* Perjanjian antara Allah dan para imam kepala dan tua-tua bangsa Yahudi.
* Pengelolaan uang perak oleh para imam kepala dan tua-tua bangsa Yahudi.
* Kehidupan Jesus Barabas dan cerita tentang pengelolaan uang perak."
Matius,28,"**Tema utama:** Penghagiaan dan keselamatan jiwa

**Konteks:** pasal ini membahas tentang peristiwa-peristiwa yang terjadi di Kota Ibrani, di mana para penyamak menemukan keselamatan dan kekuatan melalui Jesus Christ."
Mazmur,1,"**Tema utama:** Kehidupan yang terEjemplos dalam Alkitab

**Konteks:** pasal ini membahas tentang orang-orang yang kesuka dan berusaha mengikuti nasihat orang lain, serta tentang orang-orang yang hidup dengan tujuan dan semangat yang terEjemplos dalam Alkitab."
Mazmur,2,"1. Ringkasnya, pasal ini membahas tentang sebab-siaran rusuh bangsa-bangsa dan mengapa suku-suku bangsa mereka-reka perkara yang sia-sia.
2. Ringkasnya, pasal ini membahas tentang bagaimana para pembesar bermufakat bersama-sama melawan TUHAN dan yang diurapi-Nya.
3. Ringkasnya, pasal ini membahas tentang tindakan yang dilakukan oleh TUHAN untuk mengobati bangsa-bangsa.
4. Ringkasnya, pasal ini membahas tentang bagaimana Tuhan mengolok-olok bangsa-bangsa.
5. Ringkasnya, pasal ini membahas tentang bagaimana dua orang saling mengobati satu sama lain dengan keras dan amarah.
6. Ringkasnya, pasal ini membahas tentang bagaimana dua orang, Raja-Raja Sion, berusaha untuk mengobati satu sama lain.
7. Ringkasnya, pasal ini membahas tentang bagaimana TUHAN berbicara kepadaku dan mengatakan bahwa aku telah Kuperanakkan pada hari ini.
8. Ringkasnya, pasal ini membahas tentang bagaimana TUHAN memberi kepadamu kepada bangsa-bangsa.
9. Ringkasnya, pasal ini membahas tentang bagaimana TUHAN meremukkan bangsa-bangsa dengan gada besi.
10. Ringkasnya, pasal ini membahas tentang bagaimana dua orang, Raja-Raja, bertindak bijaksana dan terimalah pengajaran.
11. Ringkasnya, pasal ini membahas tentang bagaimana orang-orang yang berlindung pada-Nya berusaha untuk mencegah bahwa mereka termuka.
12. Ringkasnya, pasal ini membahas tentang bagaimana dua orang berusaha untuk mencegah bahwa dua orang termuka."
Mazmur,3,"**Tema utama:** Pengorikan diri pada Allah

**Konteks:**
* Mazmur Daud menghadapi tantangan dan pengangguhan dari Absalom.
* Dia merasa terjebak dalam situasickeye dan terasing oleh orang lain.
* Allah menjadi pelindungnya dan menyelamatkannya dari bahaya."
Mazmur,4,"**Tema utama:** Pengorikan diri kepada Allah

**Konteks:**
1. Pengorikan diri kepada Allah saat kamu berseru.
2. Kemuliaan dan hubungan yang terlarang.
3. Pengchoosekan dan tanggung jawab Allah.
4. Jangan berbuat dosa dan diamlah.
5. Persembahkanlah korban yang benar.
6. Keberadaaan Allah sebagai penyamak.
7. Pengorikan cahaya wajah-mu untuk Allah.
8. Pengorikan diri untuk Allah dan tidurlah."
Mazmur,5,"1. Permintaan peluit, baik dari pemimpin biduan maupun orang lain, harus diwarisi dengan suara yang terauang.
2. Permohonan tolong dan permintaan bantuan harus dilakukan dengan suara yang terpancar dan termuat.
3. Peraları dan penangguhan yang dilakukan harus dilakukan dengan suara yang teratur dan terpancar.
4. Orang-orang yang melakukan kejahatan harus diwarisi dengan suara yang keras dan terpancar.
5. Pembual harus diwarisi dengan suara yang kuat dan terpancar.
6. Orang-orang yang berkata bohong harus diwarisi dengan suara yang teratur dan terpancar.
7. Orang-orang yang mengasihi nama-Mu harus diwarisi dengan suara yang keras dan terpancar.
8. Peraları dan penangguhan harus dilakukan dengan suara yang teratur dan terpancar.
9. Perkataan yang tidak jujur dan kerongkongan yang berlebihan harus diwarisi dengan suara yang teratur dan terpancar.
10. Orang-orang yang bersinar dengan kesalahan mereka harus diwarisi dengan suara yang kuat dan terpancar.
11. Permintaan peluit dan permintaan bantuan harus dilakukan dengan suara yang kuat dan terpancar.
12. Orang-orang yang bersinar dengan kesalahan mereka harus diwarisi dengan suara yang teratur dan terpancar.
13. Peraları dan penangguhan harus dilakukan dengan suara yang kuat dan terpancar."
Mazmur,6,"**Tema utama:** Pengorbanan dan permintaan keselamatan

**Konteks:** pasal ini membahas tentang permintaan pengorbanan dan keselamatan dari Tuhan kepada pemimpin biduan, serta tentang penolakan orang untuk memenuhi permintaan tersebut."
Mazmur,7,"**Tema utama:** Pengeluaran keahlian dan ketekunan dalam hidup manusia.

**Konteks:** pasal ini membahas tentang perilaku manusia yang selaras dengan keahlian dan ketekunan yang diperolehnya. Selain itu, ia juga membahas tentang bagaimana manusia dapat bertahan hidup dengan keahlian dan ketekunan yang diperolehnya."
Mazmur,8,"**Tema utama:** Pengorikan terhadap kekuatan dan kejayaan Allah.

**Konteks:** pasal ini membahas tentang bagaimana Allah menciptakan dan mengorotkan semua sesuatu di dalam dunia, termasuk manusia, dengan kekuatan dan kejayaan."
Mazmur,9,"**Tema utama:** Penghakiman dan keselamatan

**Konteks:** pasal ini membahas tentang orang-orang yang terinjak dan perlindungan mereka yang diberikan oleh Allah."
Mazmur,10,"1. Engkau berdiri jauh-jauh dari Allah karena dia menyembunyikan diri-Mu dan terjebak dalam waktu-waktu kesesakan.


2. Orang fasik terjebak dalam tipu daya yang mereka rancangkan karena mereka memuji keinginan hatinya dan loba mengutuki dan menista TUHAN.


3. Orang fasik memuji keinginan hatinya dan loba mengutuki dan menista TUHAN, menunjukkan bahwa dia terjebak dalam tipu daya."
Mazmur,11,"**Tema utama:** Pengakurasi dan kejayaan dalam kehidupan

**Konteks:** pasal Alkitab ini membahas tentang bagaimana orang benar dapat mencapai tujuannya melalui akurasi dan kejayaan dalam hidup mereka."
Mazmur,12,"**Tema utama:** Pengorbanan dan keselamatan bagi orang-orang lemah.

**Konteks:** pasal ini membahas tentang penindasan terhadap orang-orang lemah dan bagaimana TUHAN memberikan keselamatan bagi mereka."
Mazmur,13,"**Tema utama:** Pengorikan diri dan tindakan yang dilakukan oleh manusia terhadap Allah.

**Konteks:** pasal ini membahas tentang waktu yang tersisa dan tindakan yang harus dilakukan oleh pemimpin biduan, penyamak, dan musuh untuk mencapai keselamatan."
Mazmur,14,"**Tema utama:** Kejahatan dan pencerapan

**Konteks:** pasal ini membahas tentang orang-orang yang melakukan kejahatan dan bagaimana Allah menyertai mereka di tempat yang tepat."
Mazmur,15,"**Tema utama:** Kejujuran dan ketakutan terhadap Allah

**Konteks:** pasal ini membahas tentang perilaku manusia yang berlaku dengan penuh pujian kepada Allah, termasuk penolakan terhadap fitnah, jahat terhadap temannya, dan penolakan terhadap permintaan suap."
Mazmur,16,"1. Miktam tentang penolakan Daud kepada Allah.
2. Konstek tentang pengorangan dan kesejahteraan orang-orang.
3. Pengkuasa dan kesopanan orang-orang kudus.
4. Konstek tentang perilaku dan tindakan yang disengungkan dari Allah.
5. Konstek tentang bagian waris dan pialaku yang diundikan.
6. Pengkuasa dan kesopanan yang dimiliki pusakaku.
7. Konstek tentang hubungan antara Allah dan diri.
8. Konstek tentang kekecekan dan kekuatan Allah.
9. Konstek tentang penderitaan dan semangat.
10. Konstek tentang kekecekan dan pembaruan.
11. Konstek tentang perjalanan dan dukungan Allah."
Mazmur,17,"**Tema utama:** Ketakutan dan pengorangan diri

**Konteks:** pasal ini membahas tentang pengalaman seorang manusia yang mengalami berbagai tantangan dan ujian, tetapi tetap tetap mengikuti jalan yang telah ditetapkan olehnya."
Mazmur,18,"**Tema utama:** Pengorikan terhadap kekuatan dan ketekunan Allah dalam melindungi dan menyelamat bangsa.

**Konteks:** pasal ini membahas tentang pengalaman Daud, seorang pemimpin biduan, tentang kekuatan Allah dalam melindungi dan menyelamatnya dari musuh dan ancaman."
Mazmur,19,"1. Pengkehidupan manusia ternutrisi oleh Allah melalui sentuhan-sentuhan.
2. Pengberita dan pengkomunikasi informasi melalui suara, cahaya, dan gerakan.
3. Pengkehidupan manusia terjaga dan ternutrisi oleh Allah.
4. Pengkejadian dan penyalasan informasi melalui gemerlap dan perkataan.
5. Pengkejadian orang-orang yang keluar dari tempat, dan pengkomunikasi melalui gerakan dan suara.
6. Pengkejadian orang-orang yang terEjemplos, dan pengkomunikasi melalui cahaya dan suara.
7. Pengkehidupan manusia terjaga dan ternutrisi oleh Allah.
8. Pengkejadian dan penyalasan perintah-perintah Allah.
9. Ketakutan dan keselamatan orang-orang yang berpegang padanya.
10. Ketakutan dan hukum-hukum Allah yang benar dan adil.
11. Ketakutan dan keindahan dari Allah dibandingkan dengan harta-harta lainnya.
12. Pengkebebasan dari kesesatan dan pelanggaran besar.
13. Pengorot dan penghambatan orang-orang yang kurang ajar.
14. Pengkejadian dan penyalasan ucapan-ucaku, dan hubungan dengan Allah."
Mazmur,20,"**Tema utama:** Pengorikan dan penyesuaian diri terhadap Allah.

**Konteks:** pasal ini membahas tentang bagaimana pemimpin biduan harus berfikiran dan bermeditasi agar dapat menerima dukungan dari Allah dan mencapai kemenangan."
Mazmur,21,"**Tema utama:** Kekekuatan dan kekuatan Allah dalam melindungi dan menyelamat orang-orang.

**Konteks:** pasal ini membahas tentang kekuatan Allah dalam melindungi pemimpin biduan, melindungi orang-orang dari musuh, dan menyelamat orang-orang dari kekecewaan dan kematian."
Mazmur,22,"**Tema utama:** Pengeluaran diri dan keselamatan

**Konteks:** pasal ini membahas tentang pengalaman seorang pemimpin biduan yang terus berusaha untuk mendapatkan keselamatannya, meskipun Engkau tidak memberi jawaban."
Mazmur,23,"**Tema utama:** Pengiklanan kasih dan keselamatan di dalam hidup

**Konteks:** pasal ini membahas tentang pengalaman seorang manusia yang merasa aman dan terjaga oleh Tuhan di dalam hidupnya."
Mazmur,24,"**Tema utama:** Pengkarya dan kejayaan

**Konteks:** pasal Alkitab ini membahas tentang berbagai topik, termasuk pengorot, pengelekan, dan penghajaran, yang mencerminkan semangat dan kekuatan Allah."
Mazmur,25,"**Tema utama:** Pengorikan pada kepercayaan dan kesejahteraan orang-orang.

**Konteks:** pasal ini membahas tentang kepercayaan, hubungan antara orang dan Allah, dan tanggung jawab yang terkait dengan hidup yang terwibawa."
Mazmur,26,"**Tema utama:** Kehidupan dalam ketulusan dan hubungan dengan Tuhan.

**Konteks:** pasal ini membahas tentang perilaku dan sikap yang menunjukkan bahwa seseorang hidup dalam ketulusan dan memiliki hubungan yang kuat dengan Tuhan."
Mazmur,27,"**Tema utama:** Ketakutan dan keselamatan jiwa

**Konteks:** pasal Alkitab ini membahas tentang pengalaman seorang manusia yang merasa terjaga dan tersekut oleh TUHAN, serta tentang kekuatan dan ketakutannya dalam menghadapi ancaman."
Mazmur,28,"1. Pengkaman diri terhadap TUHAN dapat menyebabkan diri menjadi seperti orang yang turun ke dalam liang kubur.
2. Permintaan tolong dan bantuan harus dilakukan dengan cara yang tepat dan dengan hati-hati.
3. Berikan perhatian dan perhatian penuh kepada orang lain, dan jangan menyeret mereka dengan orang lain yang melakukan kejahatan.
4. Pastikan perilaku dan tindakan orang-orang benar dan sesuai dengan aturan.
5. Tidak mengindahkan pekerjaan dan perbuatan tangan-Nya dapat mengakibatkan penjatapan dan penolakan.
6. Terpujilah kepada TUHAN karena telah mendengar suara permohonanku.
7. Perisaiku dan kekuatan TUHAN dapat memberikan kepercayaan dan keamanan kepada orang-orang.
8. TUHAN adalah kekuatan umat-Nya dan benteng keselamatan bagi orang yang diurapi-Nya.
9. Berikan perhatian dan perhatian penuh kepada orang lain, dan jangan menyeret mereka dengan orang lain yang melakukan kejahatan.
10. Pastikan perilaku dan tindakan orang benar dan sesuai dengan aturan."
Mazmur,29,"**Tema utama:** Ketaatan Allah terhadap alam

**Konteks:** pasal ini membahas tentang kekuatan Allah, yang menunjukkan kekuatannya melalui berbagai cara, termasuk melalui alam."
Mazmur,30,"1. Mazmur ini membahas tentang pentahbisan Bait Suci dan hubungan antara Engkau dan Allah.
2. Mazmur ini membahas tentang permintaan tolong dan bantuan dari Allah.
3. Mazmur ini membahas tentang pengorotasi dan pembaruan diri seseorang yang terjebak di dunia orang mati.
4. Mazmur ini membahas tentang sungapan dan persembahan syukur kepada Allah.
5. Mazmur ini membahas tentang kehidupan yang murah hati dan hubungan antara Allah dan manusia.
6. Mazmur ini membahas tentang pencerungan dan keselamatan yang diberikan oleh Allah.
7. Mazmur ini membahas tentang tempat dan waktu pencerungan diri.
8. Mazmur ini membahas tentang permintaan penangkuhan dan hubungan dengan Allah.
9. Mazmur ini membahas tentang permintaan keselamatan dan hubungan dengan Allah.
10. Mazmur ini membahas tentang permintaan penangkuhan dan hubungan dengan Allah.
11. Mazmur ini membahas tentang perubahan perilaku dan hubungan dengan Allah.
12. Mazmur ini membahas tentang sungapan dan hubungan dengan Allah."
Mazmur,31,"Tema utama pasal Alkitab ini adalah tentang perlindungan dan keselamatan. Konteksnya membahas tentang pemimpin biduan, sentengkan telinga-mu kepadaku, serta perlindungan tempat perlindung dan kubu pertahanan."
Mazmur,32,"1. Pengampunan pelanggaran dan dosa tersembunyi menunjukkan bahwa manusia tidak sempurna.
2. Kesalahannya dan penipu menunjukkan bahwa kehidupan kita tidak sempurna.
3. Pengorot tulang-tulang menunjukkan bahwa kita sering merasa lelah dan terjebak dalam kesibukan.
4. Pengeringan tangan-Mu menunjukkan bahwa kita sering merasa panas dan tersedar.
5. Kuberitahukan dan kesalahanku menunjukkan bahwa kita harus bertanggung jawab atas apa yang kita lakukan.
6. Permintaan saleh kepada Allah menunjukkan bahwa kita harus selalu berusaha untuk mencapai keselamatan.
7. Persembunyian bagiku menunjukkan bahwa kita harus peduli dan melindungi orang lain.
8. Menyatakan kepadamu jalan menunjukkan bahwa kita harus mengikuti kebenaran dan terniat.
9. Jangan seperti kuda atau bagal, karena kita harus tetap fokus dan terampil.
10. Banyak kesakitan diderita orang fasik, tetapi orang percaya kepada TUHAN menunjukkan bahwa kita harus tetap berfikiran dan berusaha mencapai tujuan kita.
11. Bersukacitalah dalam TUHAN dan bersorak-soraklah menunjukkan bahwa kita harus hidup dengan penuh semangat dan penuh kasih.
12. Bersorak-sorailah, hai orang-orang benar, menunjukkan bahwa kita harus selalu berusaha untuk mencapai kebenaran dan kebenaran."
Mazmur,33,"**Tema utama:** Kemajuan dan Kehidupan setelah kematian

**Konteks:** pasal ini membahas tentang harapan dan semangat yang mendorong orang-orang untuk terus hidup dan mencapai tujuan mereka setelah kematian."
Mazmur,34,"1. Pengakui dirimu dari dosa dan puji-pujian kepada TUHAN.
2. Berikan perhatian pada orang-orang yang rendah hati dan bersukacita.
3. Berikan perhatian pada hubungan antara orang dan TUHAN.
4. Berikan perhatian pada hubungan antara orang dan TUHAN.
5. Berikan perhatian pada pandangan dan perilaku yang baik.
6. Berikan perhatian pada orang yang terindas dan menyelamatkannya.
7. Berikan perhatian pada keselamatan dan perlindungan orang-orang benar.
8. Berikan perhatian pada orang-orang yang berakui diri mereka dari dosa.
9. Berikan perhatian pada orang-orang yang berusaha menghindari TUHAN.
10. Berikan perhatian pada orang-orang yang mencari TUHAN dan tidak pernah menyerah.
11. Berikan perhatian pada perasaan dan perilaku anak-anak.
12. Berikan perhatian pada orang-orang yang mengingini hidup dan enjoyasi yang baik.
13. Berikan perhatian pada perilaku jahat dan ucapan-ucapan yang menipu.
14. Berikan perhatian pada perilaku jahat dan tindakan baik.
15. Berikan perhatian pada orang-orang yang benar dan menuntut tolong.
16. Berikan perhatian pada wajah TUHAN dan tindakannya.
17. Berikan perhatian pada hubungan antara orang dan TUHAN.
18. Berikan perhatian pada orang-orang yang benar dan menyelamatkannya dari kesesakan.
19. Berikan perhatian pada hubungan antara orang dan TUHAN.
20. Berikan perhatian pada semua orang dan proteksi mereka dari hukuman.
21. Berikan perhatian pada tindakan yang dapat membunuh orang fasik.
22. Berikan perhatian pada hubungan antara orang dan TUHAN dan hukuman yang diberikan.
23. Berikan perhatian pada tindakan yang dapat menyelamat orang-orang yang terindas dari hukuman."
Mazmur,35,"1. Perlawanan orang yang berperang melawan orang yang berperang melawan aku.
2. Pengarahan dan penangkapan orang-orang yang mengejar aku.
3. Pengorbanan diri untuk keselamatan dan perlindungan.
4. Perasaan dan hukuman yang diterima oleh orang-orang yang merancang kecelakaanku.
5. Pengeluaran diri untuk menunda dan menyelamat orang-orang yang sedang terjebak."
Mazmur,36,"**Tema utama:** Pengelolaan biduan dan perilaku manusia

**Konteks:** pasal Alkitab ini membahas tentang perilaku manusia, terutama tentang dosa, keadilan, dan perilaku yang dapat mengubah orang."
Mazmur,37,"**Tema utama:** Pengelolaan hidup dan perilaku yang tepat.

**Konteks:** pasal ini membahas tentang perilaku yang tepat dan bagaimana orang dapat mencapai tujuan mereka dengan menjaga kesejahteraan dan keamanan."
Mazmur,38,"**Tema utama:** Kejahatan dan Kespasan

**Konteks:** pasal Alkitab ini membahas tentang orang-orang yang mengalami kejahatan dan kespasan, serta upaya mereka untuk mencari solusi."
Mazmur,39,"**Tema utama:** Pengelolaan diri dan hidup yang terikat.

**Konteks:** pasal ini membahas tentang pengalaman hidup manusia yang penuh dengan penderitaan dan tantangan, tetapi tetap berusaha bertahan dan mencapai tujuannya."
Mazmur,40,"**Tema utama:** Pengorikan pada kekuatan dan keselamatan Allah dalam melindungi dan melindungi diri dari malapeta.

**Konteks:** pasal ini membahas tentang pengalaman seorang pemimpin biduan yang mengalami peristiwa-peristiwa yang menunjukkan kekuatan dan keselamatan Allah."
Mazmur,41,"**Tema utama:** Pengorangan dan keselamatan orang lemah di dalam.

**Konteks:** pasal ini membahas tentang orang-orang yang terpengaruh oleh Allah, termasuk pemimpin biduan, musuh, dan orang-orang lainnya. Allah melindungi dan memelihara mereka dari bahaya, dan mereka diwariskan oleh Allah di akhir hari."
Mazmur,42,"1. Merindukan Engkau adalah proses yang mewakili pencerungan diri dan hubungan dengan Allah.
2. Allah adalah sumber kehidupan dan dapat diwariskan kepada orang-orang.
3. Air mataku menjadi makanan yang dapat diwariskan kepada orang-orang.
4. Jiwaku yang gundah-gulana menunjukkan semangat dan hubungan yang kuat dengan Allah.
5. Engkau tertekan karena Allah adalah kekuatan yang menyelamat dan melindungi.
6. Allah adalah tempat yang dapat diwariskan kepada orang-orang.
7. Samudera raya menunjukkan kekuatan Allah dan merindukan orang-orang.
8. Allah memerintahkan kasih setia pada siang hari dan malam hari.
9. Jiwaku yang melupakan Engkau menunjukkan keinginan untuk hidup di bawah impitan musuh.
10. Tikaman maut mencela diri dan menunjukkan keinginan untuk hidup di bawah impitan musuh.
11. Engkau tertekan karena Allah adalah kekuatan yang menyelamat dan melindungi.
12. Allah adalah tempat yang dapat diwariskan kepada orang-orang."
Mazmur,43,"**Tema utama:** Pengakuan dosa dan permintaan perdalan

**Konteks:** pasal ini membahas tentang dua orang yang mengalami pengkaman dan penolakan: orang penipu dan orang curang. Orang penipu berusaha menghakimi orang lain, sedangkan orang curang berusaha menghindari tanggung jawab. Selain itu, kedua orang juga mengalami penderitaan di bawah impitan musuh."
Mazmur,44,"**Tema utama:** Pengorbanan dan ketekunan dalam hidup manusia.

**Konteks:** pasal ini membahas tentang pengalaman seorang pemimpin biduan yang terus berusaha untuk mendorong orang-orang untuk hidup dengan penuh semangat dan ketekunan, meskipun menghadapi tantangan dan kehancuran."
Mazmur,45,"**Tema utama:** Pengorikan terhadap perilaku dan nilai yang tersembunyi di dalam diri manusia.

**Konteks:** pasal Alkitab ini membahas tentang perilaku manusia, terutama tentang nilai-nilai yang penting dan perilaku yang dapat membantu seseorang mencapai tujuannya."
Mazmur,46,"**Tema utama:** Pengyakunan dan keselamatan di dalam Allah

**Konteks:** pasal Alkitab ini membahas tentang kekuatan Allah sebagai penolong dalam hidup manusia, serta keselamatan mereka di dalam Kota Allah."
Mazmur,47,"**Tema utama:** Pengkekuatan Allah sebagai Raja

**Konteks:** pasal ini membahas tentang peran dan kewirausahaan Allah sebagai Raja atas semua bangsa-bangsa."
Mazmur,48,"**Tema utama:** Penghagiaan dan keselamatan di kota Allah

**Konteks:** pasal Alkitab ini membahas tentang pengalaman orang-orang di kota Allah, di mana mereka merasa nyaman dan terjaga oleh Allah."
Mazmur,49,"**Tema utama:** Pengyakunan dan ketakutan terhadap kematian

**Konteks:** pasal Alkitab ini membahas tentang kepercayaan dan ketakutan terhadap kematian, serta bagaimana orang-orang dapat menghadapi kematian dengan tenang dan tanpa terjebak dalam kesedihan."
Mazmur,50,"**Tema utama:** Pengorikan terhadap Allah dan keselamatan

**Konteks:** pasal-sesal Alkitab yang membahas tentang pengorikan, keselamatan, dan hubungan dengan Allah."
Mazmur,51,"**Tema utama:** Pengobatan dan pembaruan diri

**Konteks:** pasal Alkitab ini membahas tentang pengalaman seorang pemimpin biduan yang mengalami pengobatan dan pembaruan."
Mazmur,52,"1. Pengkejahatan Daud terhadap orang-orang yang dikasihi Allah sepanjang hari.
2. Pengkaman penghancuran dan penipu.
3. Ketakutan dan pencintai yang lebih dari yang baik.
4. Pengakui semua pernyataan yang mengacaukan.
5. Pengobatan Engkau dari dalam negeri orang-orang hidup.
6. Orang-orang benar akan melihatnya dan menjadi takut.
7. Orang yang tidak menjadikan Allah tempat pengungsiannya, percaya akan kekayaannya yang melimpah.
8. Aku ini seperti pohon zaitun yang menghijau di dalam rumah Allah.
9. Aku hendak bersyukur kepada-Mu selama-lamanya.
10. Aku percaya akan kasih setia Allah untuk seterusnya dan selamanya."
Mazmur,53,"**Tema utama:** Pengeluaran dosa dan hukuman bagi orang-orang yang melakukan kejahatan.

**Konteks:** pasal ini membahas tentang orang-orang yang melakukan kejahatan dan hukuman yang diterima oleh Allah."
Mazmur,54,"**Tema utama:** Pengelolaan biduan

**Konteks:** pasal ini membahas tentang dua orang yang mengawali biduan, yaitu Saul dan Daud, serta dua orang yang menjembatani biduan, yaitu Zifi dan orang-orang yang anguh dan sombong."
Mazmur,55,"**Tema utama:** Pengeluaran diri dan keselamatan

**Konteks:** pasal ini membahas tentang orang yang berusaha melindungi diri dari ancaman dan bagaimana mereka dapat menemukan keselamatan."
Mazmur,56,"**Tema utama:** Pengeluaran diri manusia terhadap Allah

**Konteks:** pasal Alkitab ini membahas tentang orang-orang yang berusaha untuk mencapai keselamatannya melalui berbagai cara, termasuk pengorbanan, penolakan, dan percaya pada Allah."
Mazmur,57,"**Tema utama:** Pengorikan diri kepada Allah

**Konteks:**
* Pengorikan diri kepada Allah saat menghadapi tantangan dan penderitaan.
* Berikan dukungan dan kekuatan melalui sentuhan-sentuhan dari Allah.
* Berikan kasih dan pujian kepada Allah."
Mazmur,58,"1. Pengambilan keputusan yang adil terhadap anak-anak manusia adalah topik utama.
2. Kejahatan dan tindakan yang dilakukan orang harus tersesuaikan dengan niat dan perilaku.
3. Penyamak dan penyingapan orang-orang fasik menunjukkan perilaku yang tidak benar.
4. Pertimbangan tentang suara dan perilaku adalah topik penting dalam hubungan manusia.
5. Penyingapan suara dan pembacaan mantera menunjukkan ketidaksetujuan dan kekecewaan.
6. Penghapusan dan penyalakan gigi menunjukkan perilaku yang tidak benar.
7. Pertimbangan tentang hilang dan layu menunjukkan perilaku yang tidak tepat.
8. Pertimbangan tentang lendir dan perempuan yang tidak melihat matahari menunjukkan perilaku yang tidak benar.
9. Pertimbangan tentang api dan pembalasan menunjukkan perilaku yang tidak benar.
10. Pengambilan keputusan yang tepat dan perilaku yang tepat menunjukkan perilaku yang benar.
11. Orang benar akan mendapat pahala karena tindakannya.
12. Pengkategorikan perilaku berdasarkan perilaku dan tindakan menunjukkan topik penting dalam kehidupan."
Mazmur,59,"**Tema utama:** Pengorikan diri pada Allah sebagai kekuatan dan penolong yang dapat membantu orang-orang dalam hidup mereka.

**Konteks:** pasal ini membahas tentang kekuatan Allah, pengorikan diri pada Allah, dan bagaimana Allah dapat membantu orang-orang dalam hidup mereka."
Mazmur,60,"1. Pengkejadian para pemimpin biduan terhambat oleh peristiwa-peristiwa yang terjadi.
2. Pengbolosan bumi dan perbaikinya retak-retak menunjukkan kekuatan Allah.
3. Allah menyediakan makanan dan air bagi para umat-Mu.
4. Orang-orang yang takut kepada-Mu mendapat perlindungan dengan panji-panji.
5. Allah memberi keselamatan dengan tangan kanan-Mu dan jawaban yang diberikan.
6. Allah menyertai tindakan-tindakan yang dilakukan oleh para malaik.
7. Punya-Ku dan punya-Ku Manasye, Efraim ialah pelindung kepala-Ku, Yehuda ialah tongkat kerajaan-Ku.
8. Moab ialah tempat pembasuhan-Ku, kepada Edom Aku melemparkan kasut-Ku karena Filistea Aku bersorak-sorai.
9. Siapakah yang akan membawa aku ke kota yang berkubu? Siapakah yang menuntun aku ke Edom?
10. Allah tidak menyertai tindakan-tindakan yang dilakukan oleh para malaik.
11. Berikanlah pertolongan terhadap lawan, sebab sia-sia penyelamatan dari manusia.
12. Dengan Allah akan kita lakukan perbuatan-perbuatan gagah perkasa, sebab Ia sendiri akan menginjak-injak para lawan kita."
Mazmur,61,"**Tema utama:** Pengorikan diri kepada Allah

**Konteks:** pasal Alkitab ini membahas tentang orang-orang yang berorang dan berusaha mencapai keselamatannya melalui berbagai cara, termasuk melalui permainan, sungguh, dan menumpang kemah-Mu."
Mazmur,62,"**Tema utama:** Pengelolaan biduan

**Konteks:** pasal Alkitab ini membahas tentang mourir dan kepercayaan pada Allah, serta tentang bagaimana manusia dapat memperoleh keselamatan dan kemuliaannya melalui pengorbanan dan perilaku yang benar."
Mazmur,63,"**Tema utama:** Pengkhotongan dan kemakian Allah

**Konteks:** pasal Alkitab ini membahas tentang keinginan dan harapan orang-orang untuk menemukan keselamatan dan kemakian melalui hubungan dengan Allah."
Mazmur,64,"**Tema utama:** Pengyakunan dan tindakan yang dilakukan oleh orang-orang dalam Alkitab.

**Konteks:** pasal ini membahas tentang perilaku dan tindakan yang dilakukan oleh para pemimpin biduan, orang-orang jahat, dan orang-orang lainnya dalam menghadapi tantangan dan ujian yang mereka alami."
Mazmur,65,"1. Pengkehidupan manusia diwarisi oleh Allah dan harus diwariskan kembali.
2. Allah menerima semua permintaan orang-orang yang berdoalah.
3. Allah menghapus pelanggaran dan memperbarui diri kita.
4. Allah memilih dan mengorot orang-orang yang akan menjadi kenyang.
5. Allah menjawab permintaan kita dengan tindakan-tindakan yang indah.
6. Allah menciptakan alam dengan kekuatan dan indah.
7. Allah menyelamatkan orang-orang dari banjir.
8. Allah menciptakan tempat terbitnya pagi dan petang Kaubuat.
9. Allah menyediakan makanan dan air bagi orang-orang yang hidup di bumi.
10. Allah mengairi alur bajak dan membasahi tanah.
11. Allah menanamkan tanaman dan menebakkannya.
12. Allah menciptakan tanah-tanah yang indah.
13. Allah menciptakan hewan dan flora yang indah."
Mazmur,66,"1. Pengketakan nama-nama Allah dalam mazmurkanlah kemuliaan dan puji-pujian.
2. Kata-kata tentang kekuatan Allah dan musuh-musuhnya mendorong kita untuk menyembah dan memujikan-mu.
3. Pengkapan kekuatan Allah dalam mengantarkan pekerjaan-pekerjaan kepada manusia."
Mazmur,67,"**Tema utama:** Pengkehidupan dan keselamatan manusia

**Konteks:** pasal ini membahas tentang berbagai topik, termasuk pengkehidupan, keselamatan, dan hubungan manusia dengan Allah."
Mazmur,68,"**Tema utama:** Pengorikan terhadap kekuatan dan keselamatan Allah dalam kehidupan manusia.

**Konteks:** pasal ini membahas tentang berbagai topik terkait pengorikan terhadap kekuatan dan keselamatan Allah, termasuk pengorikan terhadap musuh-musuh, orang-orang fasik binasa, orang-orang benar bersukacita, dan tindakan-tindakan Allah yang menunjukkan kekuatan dan keselamatan."
Mazmur,69,"**Tema utama:** Pengorikan diri pada Allah dan keselamatannya.

**Konteks:** pasal ini membahas tentang orang-orang yang berusaha mencari dan menuntut keselamatan dari Allah, dan bagaimana Allah menjawab permintaan mereka."
Mazmur,70,"**Tema utama:** Pengorbanan dan permintaan keselamatan

**Konteks:** pasal ini membahas tentang permintaan pengorbanan dan permintaan keselamatan dari manusia kepada Allah."
Mazmur,71,"**Tema utama:** Pengorikan diri pada Allah dan menerima kebenaran.

**Konteks:** pasal ini membahas tentang perilaku dan tindakan yang dapat dilakukan oleh orang untuk mendapatkan keselamatan dan keadilan dari Allah."
Mazmur,72,"1. Hukum-hukum yang diberikan oleh Allah kepada raja dan keadilan bagi putera raja.
2. Pengelolaan keadilan dan hukum bagi umat-Mu yang tertindas.
3. Pengeringatan gunung-gunung dan bukit untuk membawa damai dan kebenaran.
4. Penghapusan pemeras-pemeras dan perlindungan bagi orang-orang miskin.
5. Pengulangan umurnya selama matahari dan bulan.
6. Simbol hujan yang turun ke atas padang rumput.
7. Penghagiaan dan kesejahteraan yang terus berkembang.
8. Pengkemahukan dari laut ke laut, sungai, dan pegunungan.
9. Pertempuran dan pengorot nyawa orang-orang miskin.
10. Persembahan dan upeti dari raja-raja.
11. Kesederhanaan dan hambatan bagi semua bangsa.
12. Pengorot dan perlindungan bagi orang-orang miskin.
13. Pengorot dan menyelamat nyawa orang-orang lemah.
14. Penebus nyawa dari penindasan dan kekerasan.
15. Persembahan emas Syeba dan pemberkatan senantiasa.
16. Pengorot tanaman dan buah di negeri.
17. Keberadaannya selama-lamanya, dan pangkatnya yang dikenal.
18. Terpujilah Allah, dan terpujilah nama-Nya.
19. Kemuliaan-Nya memenuhi seluruh bumi.
20. Sekianlah doa-doa Daud bin Isai."
Mazmur,73,"**Tema utama:** Kehidupan setelah kematian

**Konteks:** pasal ini membahas tentang orang-orang yang berkalang di tempat kuil, yang menunjukkan bahwa mereka hidup dengan penuh semangat dan tanpa terjebak dalam kesibukan."
Mazmur,74,"1. Nyanyian pengajaran Asaf menuntut penjelasan tentang mengapa Allah menunda seterusnya dan menunda murka-Mu terhadap kambing domba gembalaan-Mu.


2. Ingatlah tentang umat-Mu yang telah Kauperoleh pada zaman purbakala, yang menjadi bangsa milik-Mu sendiri.


3. Ringankan langkah-Mu ke tempat yang rusak terus-menerus, dan semua-galanya telah dimusnahkan musuh di tempat kudus."
Mazmur,75,"**Tema utama:** Penghakimihan Allah

**Konteks:** pasal ini membahas tentang hakimihan Allah, terutama pada saat-saat Allah menetapkan waktunya, mengokohkan tiang-tiang, dan memberi perintah kepada orang-orang fasik."
Mazmur,76,"**Tema utama:** Penghewanan dan Penjenangan dalam Alkitab

**Konteks:** pasal Alkitab ini membahas tentang peristiwa-peristiwa yang terjadi di berbagai tempat di Israel, termasuk penghewanan, penjenangan, dan penangkatan."
Mazmur,77,"**Tema utama:** Penghagiaan dan ketekunan dalam hidup

**Konteks:** pasal Alkitab ini membahas tentang pengalaman seorang pemimpin biduan yang menghadapi tantangan dan ketekunan, namun tetap berusaha mencapai tujuannya."
Mazmur,78,"**Tema utama:** Ketakutan dan pengorbanan terhadap Allah

**Konteks:** pasal ini membahas tentang orang-orang yang terus berbuat dosa dan tidak percaya kepada Allah, dan bagaimana Allah berusaha menarik mereka kembali ke jalan yang benar dengan berbagai cara, termasuk melalui peristiwa-peristiwa dan sentuhan-sentuhan."
Mazmur,79,"**Tema utama:** Pengkhotani dan pembanjir darah dalam Alkitab

**Konteks:** pasal ini membahas tentang peristiwa-peristiwa yang terjadi di tanah Israel, termasuk pengkhotani, pembanjir darah, dan pembanjir pangkuan tetangga."
Mazmur,80,"**Tema utama:** Pengorikan diri kepada Allah

**Konteks:** pasal ini membahas tentang panggilan dan keselamatan bagi orang-orang yang berbisikan, serta tentang hubungan dengan Allah."
Mazmur,81,"1. Pengketakan lagu tentang Allah sebagai kekuatan dan penuntun.
2. Pengkuatan rebana, gambus, dan bulan baru sebagai simbol penuntun.
3. Pengkapan tanggal dan hari sebagai tanda-tanda ketetapan.
4. Pengkapan hukum dari Allah Yakub sebagai penjelasan tentang ketetapan.
5. Pengkapan pesan tentang escuchar dan menyembah kepada Allah.
6. Pengkuatan dua kali ""Aku telah mengangkat beban"" sebagai penjelasan tentang penuntun.
7. Pengkuatan pengalaman engkau sebagai simbol penuntun.
8. Pengkapan dua kali ""Aku telah menguji engkau dekat air Meriba"" sebagai penjelasan tentang penuntun.
9. Pengkuatan dua kali ""Akulah TUHAN, Allahmu"" sebagai penjelasan tentang penuntun.
10. Pengkuatan dua kali ""Janganlah ada di antaramu Allah lain"" sebagai penjelasan tentang penuntun.
11. Pengkuatan dua kali ""Tuhan akan menuntun engkau keluar dari tanah Mesir"" sebagai penjelasan tentang penuntun.
12. Pengkuatan dua kali ""Tuhan akan membuatnya penuh"" sebagai penjelasan tentang penuntun.
13. Pengkuatan dua kali ""Sekiranya umat-Ku mendengarkan Aku!"" sebagai penjelasan tentang penuntun.
14. Pengkuatan dua kali ""Orang-orang yang membenci TUHAN akan tunduk menjilat kepada-Nya"" sebagai penjelasan tentang penuntun.
15. Pengkuatan dua kali ""Makanan gandum yang terbaik dan dengan madu dari gunung batu Aku akan mengenyangkannya"" sebagai penjelasan tentang penuntun."
Mazmur,82,"**Tema utama:** Pengorot terhadap keadilan dan kesejahteraan bagi orang-orang yang lemah.

**Konteks:** pasal ini membahas tentang orang-orang yang miskin dan lemah, dan bagaimana Allah menyertai mereka dan memberi mereka peluang untuk hidup dengan keadilan dan kesejahteraan."
Mazmur,83,"1. Mazmur Asaf berisi nyanyian yang menyorotkan diri pada Engkau dan menuntut agar Engkau tidak terdiam diri dan berpangku tangan.
2. Sebệc sesungguhnya musuh-musuh ribut dan mencintai Engkau menunjukkan bahwa mereka berusaha untuk menghakimi Engkau.
3. Perjanjian yang dibuat dengan para pemuka menunjukkan bahwa mereka berusaha untuk mengubah sikap orang-orang yang Kaulindungi."
Mazmur,84,"1. Pengketakan biduan dilakukan di tempat yang tersembunyi, dan pemimpin biduan bertanggung jawab untuk memastikan keselamatannya.
2. Jiwaku hancur karena merindukan pelataran-pelataran Allah, menunjukkan bahwa kita harus bermeditasi dan menyertai Allah.
3. Pengorot burung pipit dan burung layang-layang menunjukkan bahwa Allah adalah tempat yang penuh kasih dan tempat untuk mencintai dan mencintai Allah.
4. Orang-orang yang diam di rumah-Mu terus-menerus memuji-muji Engkau menunjukkan bahwa kita harus selalu berusaha untuk mencapai tujuan yang lebih tinggi.
5. Orang-orang kekuatannya di dalam Engkau menunjukkan bahwa kita harus berusaha mencapai tujuan kita dengan kekuatan dan semangat.
6. Melintasi lembah Baka menjadi tempat yang bermata air menunjukkan bahwa Allah adalah kekuatan yang dapat menyelamat kita dari kesulitan dan penyakit.
7. Perisai kami menunjukkan bahwa Allah adalah kekuatan yang dapat membantu kita mencapai tujuan kita.
8. Ya TUHAN, Allah semesta alam, memberikan doaku dan pasang telinga, menunjukkan bahwa Allah adalah kekuatan yang dapat membantu kita mencapai tujuan kita.
9. Lihatlah perisai kami, dan jangan terjebak di tempat yang penuh dengan orang-orang yang tidak memiliki semangat.
10. Perisai kami menunjukkan bahwa Allah adalah sumber kekuatan dan kasih yang dapat membantu kita mencapai tujuan kita.
11. Allah adalah matahari dan perisai, dan kasih dan kemuliaan Ia memberikan.
12. Allah adalah Allah yang penuh dengan kasih dan Mercy, dan Ia tidak pernah menghindarkan orang yang percaya pada-Nya.
13. Ya TUHAN semesta alam, berbahagialah manusia yang percaya kepada-Mu, menunjukkan bahwa Allah adalah kekuatan yang dapat membantu kita mencapai tujuan kita."
Mazmur,85,"1. Pengobatan biduan telah dihapuskan dari tanah-Mu oleh Allah.
2. Allah telah mengampuni kesalahan umat-Mu dan menutupi dosa mereka.
3. Allah telah meredakan murka-Mu yang menyala-nyala."
Mazmur,86,"1. Doa Daud berkedipaskan pada Allah untuk menjawab pertanyaan tentang kesengitannya.
2. Peliharalah nyawaku yang percaya kepada-Mu, dan Allah menyelamat mereka dari hamba-Mu.
3. Engkau adalah Allahku, dan Allah mencintai dan merayakan aku sepanjang hari.
4. Buatlah jiwa hamba-Mu bersukacita, karena kepada-Mu, Allah menangkat jiwaku.
5. Engkau, ya Tuhan, adalah Allah yang mengampuni dan berlimpah kasih setia bagi semua orang yang berseru kepada-Mu.
6. Pasanglah telinga kepada doaku, dan perhatikan suara permohonanku.
7. Aku berseru kepada-Mu karena Engkau menjawab aku.
8. Tidak ada seperti Engkau di antara para Allah, dan tidak ada seperti apa yang Kaubuat.
9. Segala bangsa yang Kaujadikan akan datang sujud menyembah di hadapan-Mu, dan akan memuliakan nama-Mu.
10. Engkau besar dan melakukan keajaiban-keajaiban, dan Engkau sendiri saja Allah.
11. Tunjukkanlah kepadaku jalan-Mu, dan aku hidup menurut kebenaran-Mu.
12. Aku hendak bersyukur kepada-Mu, Allahku, dengan segenap hatiku, dan memuliakan nama-Mu untuk selama-lamanya.
13. Karena kasih setia-Mu besar atas aku, dan Engkau telah melepaskan nyawaku dari dunia orang mati yang paling bawah.
14. Ya Allah, orang-orang yang angkuh telah bangkit menyerang aku, dan gerombolan orang-orang yang sombong ingin mencabut nyawaku, dan tidak mempedulikan Engkau.
15. Engkau, ya Tuhan, panjang sabar dan berlimpah kasih dan setia.
16. Berpalinglah kepadaku dan kasihanilah aku, berilah kekuatan-Mu kepada hamba-Mu, dan selamatkanlah anak laki-laki hamba-Mu perempuan!
17. Lakukanlah kepadaku suatu tanda kebaikan, supaya orang-orang yang membenci aku melihat dengan malu, bahwa Engkau, ya TUHAN, telah menolong dan menghiburkan aku."
Mazmur,87,"**Tema utama:** Pengenalan tentang tempat-tempat penting dalam Alkitab.

**Konteks:** pasal ini membahas tentang beberapa tempat penting di Alkitab, seperti kota-kota, pintu gerbang, dan tempat-tempat yang menjadi tempat kelahiran atau pengorangan orang-orang penting."
Mazmur,88,"**Tema utama:** Pengorbanan dan Kehidupan setelah kematian

**Konteks:** pasal ini membahas tentang pengalaman seorang penyamak yang menjalani pengorbanan dan hidup setelah kematian."
Mazmur,89,"**Tema utama:** Kepercayaan dan kesetiaan terhadap Allah

**Konteks:** pasal ini membahas tentang kepercayaan dan kesetiaan terhadap Allah, dan bagaimana mereka mempengaruhi kehidupan seseorang."
Mazmur,90,"**Tema utama:** Pengorikan dan penyesuaian diri manusia terhadap Allah.

**Konteks:** pasal ini membahas tentang pengalaman Allah dengan Musa, termasuk doa, pengorikan, dan penyesuaian diri manusia."
Mazmur,91,"**Tema utama:** Pengobatan dan keselamatan jiwa

**Konteks:** pasal ini membahas tentang orang yang menghadapi tantangan dan penderitaan, namun tetap tetap berwibawa dan mencintai Allah."
Mazmur,92,"**Tema utama:** Pengorikan pada perilaku dan perilaku manusia.

**Konteks:** pasal ini membahas tentang perilaku manusia, terutama tentang perilaku yang dilakukan oleh orang-orang yang melakukan kejahatan dan orang-orang yang melakukan pekerjaan yang besar."
Mazmur,93,"**Tema utama:** Penghenapan oleh Allah

**Konteks:**

1. Penghenapan oleh Allah menunjukkan kekuatan dan kekekalannya.
2. Penghenapan takhta-Mu menunjukkan kekeringan dan kekecewaan.
3. Penghenapan air menunjukkan kekuatan Allah dan kemampuannya untuk mengatasi tantangan.
4. Penghenapan suara air menunjukkan kekuatan Allah dan kekepingannya.
5. Penghenapan peraturan-Mu menunjukkan kekuatan Allah dan kepatuhannya."
Mazmur,94,"**Tema utama:** Pengelolaan dan hukuman orang-orang yang melakukan kejahatan.

**Konteks:** pasal ini membahas tentang tanggung jawab dan hukuman yang diberikan oleh Allah kepada orang-orang yang melakukan kejahatan, serta tentang bagaimana Allah akan membalas kepada mereka setelah mereka meninggal."
Mazmur,95,"**Tema utama:** Ketaatan Allah terhadap alam

**Konteks:** pasal ini membahas tentang hubungan antara manusia dan Allah, serta peran Allah dalam menjaga dan melindungi alam."
Mazmur,96,"**Tema utama:** Kejadian dan kewahasan bagi bangsa-bangsa

**Konteks:** pasal Alkitab ini membahas tentang kekuatan dan kewahasan Allah, serta perannya dalam melindungi dan menghakimi bangsa-bangsa."
Mazmur,97,"1. Tema utama pasal Alkitab ini adalah tentang kekuatan dan kejayaan Tuhan.
2. Konteksnya membahas tentang hukum dan keadilan yang melampaui semua orang.
3. Tema ini membahas tentang kekuatan dan ketekunan Tuhan dalam melindungi orang-orang dari musuh."
Mazmur,98,"**Tema utama:** Kejanjarian Allah terhadap keselamatan bangsa-bangsa.

**Konteks:** pasal ini membahas tentang tindakan-tindakan Allah yang menunjukkan keselamatan bagi bangsa-bangsa, serta panggilan bagi orang-orang untuk bersemayam dengan Allah."
Mazmur,99,"**Tema utama:** Pengkarya Allah terhadap bangsa-bangsa

**Konteks:** pasal ini membahas tentang kekuatan Allah, besarnya Allah, dan tanggung jawab manusia untuk menyembah kepada Allah."
Mazmur,100,"**Tema utama:** Ketaatan dan kesejahteraan bagi manusia

**Konteks:** pasal ini membahas tentang mourir dan kehidupan setelah kematian, serta bagaimana manusia dapat memperoleh keselamatan dan kesejahteraan melalui hubungan dengan Tuhan."
Mazmur,101,"1. Mazmur Daud berkelanjutan tentang kasih setia dan hukum.
2. Penghagiaan dan kesejahteraan hidup yang tidak tercela.
3. Ketaatan diri pada rumah dan perilaku yang puas.
4. Ketakutan dan kekecewaan akibat perilaku yang tidak benar.
5. Pengkaman dan penolakan orang yang tidak benar.
6. Pengorot terhadap orang-orang yang hidup dengan cara yang teratur.
7. Ketakutan dan penghakapan orang yang berbicara dusta.
8. Pengulangan dan hukuman orang fasik dan penjahili."
Mazmur,102,Tema utama dari pasal Alkitab ini adalah tentang pengorangan dan penuntangan orang-orang yang terjebak di dalam hidup yang penuh dengan tantangan dan kekecewaan. Konteksnya membahas tentang kekuatan dan ketekunan Allah dalam membantu orang-orang melewati masa sulit dan mencapai tujuan mereka.
Mazmur,103,"1. Alkitab memberi pengajaran tentang hubungan manusia dengan Tuhan.
2. Alkitab mengingatkan kita untuk hidup dengan penuh kasih dan manfaat.
3. Alkitab mengajarkan tentang kekuatan dan mercy Tuhan dalam menyelamat kita dari dosa."
Mazmur,104,"Tema utama dari pasal Alkitab tersebut adalah tentang **Creation** dan **Kehidupan** di dalam bumi. Konteksnya membahas tentang bagaimana Allah menciptakan dan menyelenggarakan kehidupan di bumi, serta bagaimana kehidupan terus berakibat pada manusia."
Mazmur,105,"**Tema utama:** Kejadian dan Penjenangan Allah

**Konteks:** pasal ini membahas tentang perjalanan dan pengalaman orang-orang pilihan, termasuk Abraham, Yakub, dan Ishak, di bawah Allah."
Mazmur,106,"**Tema utama:** Ketaatan dan Mercy

**Konteks:** pasal ini membahas tentang orang-orang yang telah menerima keselamatan dan perlindungan dari Allah, serta tentang bagaimana mereka dapat memperoleh kembali keselamatan mereka."
Mazmur,107,"**Tema utama:** Pengorikan terhadap kekuatan dan kasih setia Allah.

**Konteks:** pasal ini membahas tentang orang-orang yang mendapat kekuatan dan kasih setia dari Allah, serta bagaimana mereka dapat memperoleh kekuatan tersebut."
Mazmur,108,"**Tema utama:** Pengorikan diri pada Allah dan mencintai-Nya.

**Konteks:** pasal ini membahas tentang berbagai topik, termasuk mourir, membangun kehidupan, mencintai Allah, dan mencintai orang lain."
Mazmur,109,"**Tema utama:** Pengorangan dan penolakan dosa

**Konteks:** pasal ini membahas tentang orang-orang yang berusaha untuk mengobati dosa mereka dengan berbagai cara, termasuk penolakan, pengutuk, dan penyalakan."
Mazmur,110,"**Tema utama:** Pengorikan diri untuk tujuan yang lebih besar.

**Konteks:**

1. Mazmur Daud mendorong orang untuk tetap di sisi yang teratur dan jangan menyerah pada tantangan.
2. Tongkat kekuatan menunjukkan bahwa Allah memiliki kekuatan yang besar dan dapat mempengaruhi musuh-musuh.
3. Kata-kata ini mendorong orang untuk hidup dengan penuh semangat dan berusaha mencapai tujuannya.
4. Allah menunjukkan bahwa Ia tidak akan menyerah dan akan selalu berusaha untuk menyelamatkan orang-orang yang membutuhkannya.
5. Kata-kata ini menunjukkan bahwa Allah menyertai orang-orang yang menjadi raja-raja.
6. Allah menunjukkan bahwa Ia meremukkan orang-orang yang menjadi kepala di negeri luas.
7. Kata-kata ini mengingatkan kita bahwa Allah dapat membantu kita mencapai tujuan kita dengan sedikit usaha."
Mazmur,111,"**Tema utama:** Ketaatan dan Keadilan dalam Alkitab

**Konteks:** pasal ini membahas tentang berbagai topik terkait dengan ketaatan dan keadilan, termasuk pengakuan kepada Tuhan, layanan, keadilan sosial, dan tanggung jawab yang terkait dengan pekerjaan."
Mazmur,112,"**Tema utama:** Kehidupan dan perilaku manusia

**Konteks:** pasal ini membahas tentang berbagai topik, termasuk kepercayaan, perilaku, dan hubungan antara orang lain."
Mazmur,113,"**Tema utama:** Pengkarya dan Penjenangan Nama TUHAN

**Konteks:** pasal ini membahas tentang pentingnya dan keunikan nama TUHAN, serta bagaimana nama-nama TUHAN digunakan untuk mengobati dosa dan meringkaskan sejarah."
Mazmur,114,"**Tema utama:** Pengmigrationsasi dan perubahan geografi

**Konteks:** pasal ini membahas tentang perjalanan dan perubahan tempat-tempat di Israel, serta bagaimana orang-orang yang tinggal di sana mengalami peristiwa-peristiwa yang luar biasa."
Mazmur,115,"1. Alkitab memberi pesan tentang kemuliaan dan setia kepada Allah.
2. Alkitab membahas tentang orang-orang yang akan dicek dan diwarisi oleh Allah.
3. Alkitab memberi pesan tentang Allah sebagai sumber kekuatan dan perlindungan.
4. Alkitab membahas tentang manusia dan hubungannya dengan Allah.
5. Alkitab memberi pesan tentang orang-orang yang terhindari oleh Allah.
6. Alkitab membahas tentang orang-orang yang terhindari oleh Allah.
7. Alkitab memberi pesan tentang orang-orang yang terhindari oleh Allah.
8. Alkitab membahas tentang Allah sebagai pemberi kekuatan dan keselamatan.
9. Alkitab memberi pesan tentang hubungan antara Allah dan Israel.
10. Alkitab membahas tentang orang-orang yang terhindari oleh Allah.
11. Alkitab memberi pesan tentang hubungan antara Allah dan orang-orang yang takut.
12. Alkitab memberi pesan tentang Allah yang akan memberikan keselamatan kepada semua orang.
13. Alkitab memberi pesan tentang Allah yang akan menerima semua orang yang bersemangat.
14. Alkitab memberi pesan tentang Allah yang memberi tambahan kekuatan kepada manusia.
15. Alkitab memberi pesan tentang Allah yang menjadikan langit dan bumi.
16. Alkitab memberi pesan tentang Allah yang menjadikan langit dan bumi untuk manusia.
17. Alkitab memberi pesan tentang Allah yang akan menerima semua orang yang bersemangat.
18. Alkitab memberi pesan tentang Allah yang akan menerima semua orang yang bersemangat."
Mazmur,116,"1. Aku menerima keselamatan dari TUHAN karena Ia mendengar suaraku dan permohonanku.
2. Saya akan hidup selama-lamanya yang tersendangkan oleh-Nya, karena Ia mencintai dan melindungi aku.
3. Aku mengalami kesesakan dan kedukaan karena aku menolak hidup yang tidak benar, dan Tuhan menyelamatku.
4. Aku menyerukan nama TUHAN, karena Ia adalah pengasih dan aku merasa aman di bawah semesta.
5. TUHAN adalah Allah yang penuh kasih dan sayang, dan aku merasa terbarukan di bawah semesta.
6. Tuhan memelihara orang-orang sederhana, dan aku merasa terbarukan di bawah semesta.
7. Aku merasa tenang dan tersehat di bawah semesta, karena Tuhan telah menyelamatku.
8. Aku telah terletur dari kematian, dan aku merasa terbarukan di bawah semesta.
9. Aku dapat berjalan di hadapan TUHAN, karena Ia adalah kekuatan yang besar.
10. Aku percaya pada kekuatan yang besar, meskipun aku berkata demikian.
11. Aku merasa terjebak dalam kekecewaan, dan aku menyerukan nama TUHAN.
12. Tuhan akan menerima semua aku yang aku berikan, dan aku merasa terbarukan di bawah semesta.
13. Aku akan mengangkat piala keselamatan, dan menyerukan nama TUHAN.
14. Aku akan membayar nazarku kepada TUHAN di depan semua orang-Nya.
15. Aku merasa terbarukan di bawah semesta, karena semua orang yang aku kian diwarisi oleh TUHAN.
16. Aku merasa terbarukan di bawah semesta, karena aku merasa terlahir kembali.
17. Aku akan mempersembahkan korban syukur kepada TUHAN, dan menyerukan nama TUHAN.
18. Aku akan membayar nazarku kepada TUHAN di depan semua orang-Nya.
19. Di pelataran rumah TUHAN, di tengah-tengahmu, ya Yerusalem! Haleluya!
20. Aku merasa terbarukan di bawah semesta, karena aku merasa terlahir kembali di bawah semesta."
Mazmur,117,"**Tema utama:** Keberadaaan Allah dan Kejeniusannya

**Konteks:** pasal ini merupakan bagian dari Alkitab yang membahas tentang kejayaan dan kesejahteraan bagi semua bangsa, terutama bagi bangsa-bangsa yang telah berkuil pada Allah."
Mazmur,118,"**Tema utama:** Kepercayaan dan kasih setia terhadap TUHAN

**Konteks:** pasal Alkitab ini membahas tentang orang-orang yang bersyukur kepada TUHAN dan menerima manfaat dari kasihNya."
Mazmur,119,"Ya, jawabannya sudah benar.

Anda telah memberikan penjelasan yang lengkap tentang makna dan tujuan dari pertanyaan. Selain jawaban, Anda juga memberikan contoh-contoh untuk mendukung penjelasan.

Semoga penjelasan ini bermanfaat!"
Mazmur,120,"**Tema utama:** Perasının Allah terhadap orang-orang yang berbisik.

**Konteks:** pasal ini membahas tentang dua orang yang menerima perintah Allah, yaitu Nyanyian dan seorang penipu. Mereka menunjukkan bahwa Allah dapat memberikan kepadamu dan menambahkan kepadamu, tetapi dia tidak pernah menghindarkan orang-orang dari melakukan dosa."
Mazmur,121,"**Tema utama:** Pengorikan terhadap kekuatan dan ketekunan Allah dalam melindungi diri dan menjamin keselamatan.

**Konteks:** pasal ini membahas tentang kekuatan Allah, perlindungan dan keselamatan yang diberikan kepada orang-orang melalui berbagai rahmat Allah."
Mazmur,122,"**Tema utama:** Penghagiaan dan kesejahteraan di Yerusalem

**Konteks:** pasal ini membahas tentang perjalanan Daud ke Yerusalem dan keinginan untuk mendapatkan kesejahteraan bagi masyarakatnya."
Mazmur,123,"**Tema utama:** Pengorikan diri pada Allah

**Konteks:** pasal ini membahas tentang orang-orang yang merasa aman dan terhindar dari bahaya, serta bagaimana mereka menyertai hidup mereka di bawah pengaruh Allah."
Mazmur,124,"**Tema utama:** Pengkategorisasi orang-orang dalam Alkitab berdasarkan perilaku mereka.

**Konteks:** pasal ini membahas tentang orang-orang yang berusaha menghindari dan menolak Allah, serta bagaimana Allah bertindak terhadap mereka."
Mazmur,125,"**Tema utama:** Kehidupan dan peran Allah dalam masyarakat

**Konteks:** pasal ini membahas tentang nyanyian ziarah, Yerusalem, Tongkat kerajaan, kebaikan dan perilaku manusia, serta penghenapan Allah terhadap orang-orang yang menyimpang ke jalan yang berbelit-belit."
Mazmur,126,"**Tema utama:** Pengorikan diri pada keadaan sebelum dan sesudah pemutaran keadaan.

**Konteks:**

1. Pengorikan diri pada keadaan sebelum pemutaran keadaan, yaitu keadaan seperti orang-orang yang bermimpi.
2. Pengorikan diri pada kondisi saat mulut penuh dengan tertawa dan saat lidah kita dengan sorak-sorai.
3. Pengorikan diri pada keadaan sebelum pemutaran keadaan, yaitu bersukacita.
4. Pengorikan diri pada kondisi saat keadaan kami seperti memulihkan batang air kering di Tanah Negeb.
5. Pengorikan diri pada kondisi saat orang menabur dengan mencucurkan air mata, dan mereka akan menuai dengan bersorak-sorai.
6. Pengorikan diri pada kondisi saat orang berjalan maju dengan menangis sambil menabur benih, dan mereka pasti pulang dengan sorak-sorai sambil membawa berkas-berkasnya."
Mazmur,127,"**Tema utama:** Pengelolaan dan tanggung jawab dalam kehidupan

**Konteks:** pasal ini membahas tentang perilaku dan tanggung jawab orang dalam membangun dan mempertahankan kehidupan mereka, serta tentang hubungan antara manusia dan Tuhan."
Mazmur,128,"**Tema utama:** Pengyakunan terhadap Tuhan

**Konteks:** pasal ini membahas tentang orang-orang yang takut akan Tuhan dan bagaimana mereka dapat memperoleh keselamatan melalui jalan-jalan yang ditunjukkan-Nya."
Mazmur,129,"**Tema utama:** Penghenapan dosa dan hukuman

**Konteks:** pasal ini membahas tentang orang-orang yang telah menyesakkan dan terhambat oleh dosa mereka, serta hukuman yang diterima oleh mereka."
Mazmur,130,"**Tema utama:** Pengorikan pada kekuatan dan kasih sayang Allah terhadap Israel.

**Konteks:** pasal ini membahas tentang orang-orang yang dapat bertahan dan menerima pengorikan Allah, serta siitä bahwa Allah selalu ada untuk menyelamat mereka."
Mazmur,131,"**Tema utama:** Ketakutan dan pencerungan diri

**Konteks:** pasal ini membahas tentang dua orang yang mengalami pencerungan: Daud dan Israel. Daud menyadari bahwa dia tidak tinggi hati dan tidak tertarik pada hal-hal besar, sedangkan Israel menunjukkan sikap yang sama dengan anak-anak yang disapih."
Mazmur,132,"**Tema utama:** Pengkehidupan dan kejayaan Daud

**Konteks:** pasal ini membahas tentang perjalanan Daud dan pengkepingannya di tempat-tempat suci, serta pesan-pesan yang disampaikan oleh Allah kepadanya."
Mazmur,133,"**Tema utama:** Pengorikan diri pada orang lain

**Konteks:**

1. Nyanyian ziarah Daud menunjukkan bahwa meskipun alangkah baik, namun penting untuk bersama-sama dan saling mendukung satu sama lain.
2. Perjalanan minyak ke janggut menunjukkan bahwa meskipun minyak indah, namun penting untuk digunakan dengan cara yang tepat.
3. Embun gunung Hermon menunjukkan bahwa meskipun ada kekuatan dan ketekunan, namun penting untuk hidup dengan tujuan dan semangat yang terampil."
Mazmur,134,"**Tema utama:** Pengorikan terhadap Tuhan

**Konteks:**

1. Nyanyian ziarah menunjukkan bahwa orang-orang yang datang melayani Tuhan harus pujilah dan memberi penghormati.
2. Pengangkat tangan dan pujikan Tuhan menunjukkan bahwa orang-orang harus menyertai dan melayani Tuhan.
3. Kiranya Tuhan menunjukkan bahwa Tuhan adalah kekuatan yang menjadikan semua sesuatu, termasuk langit dan bumi, dan bahwa orang-orang harus bermeditasi dan menyertai Tuhan."
Mazmur,135,"Tema utama dari pasal Alkitab tersebut adalah **Pengketakan dan Keberanian Allah** yang terEjemplos dalam cerita-cerita di dalam. Konteksnya terkait dengan perjalanan dan pilihan manusia, serta hubungan antara Allah dan manusia."
Mazmur,136,"**Tema utama:** Pengorikan kasih setia terhadap Tuhan

**Konteks:** pasal-pasal ini membahas tentang orang-orang yang telah dan sedang berusaha untuk menunjukkan kasih setia kepada Tuhan, serta bagaimana mereka dapat memperoleh kekuatan dan kekuatan dari Allah."
Mazmur,137,"**Tema utama:** Penghagiaan dan kekecewaan dalam kehidupan

**Konteks:** pasal ini membahas tentang orang-orang yang menghadapi kekecewaan dan bagaimana mereka berusaha untuk menemukan kembali kekecewaan mereka."
Mazmur,138,"**Tema utama:** Pengakuan dan kesejahteraan

**Konteks:** pasal ini membahas tentang mourir dan pengorotnya orang-orang yang berakhi pada Allah, serta tentang kekuatan dan kasih-keahlian Allah."
Mazmur,139,"**Tema utama:** Kekekalan dan Kebebasan

**Konteks:** pasal ini membahas tentang kekekalan dan kebebasan dari Allah, dan bagaimana Allah menyerahkan diri kepada manusia untuk mencapai kebebasan."
Mazmur,140,"**Tema utama:** Penghakimiat dan Kejayaan

**Konteks:** pasal Alkitab ini membahas tentang kekuatan penghakimiat Allah, terutama melalui sentuhan-sentuhan yang diberikan kepada para pemimpin biduan, para pencipta hukum, dan para pengikut Islam."
Mazmur,141,"1. Mazmur Daud berisi pengajian tentang pengorangan dan penghenapan orang-orang yang melakukan kejahatan.
2. Persembahan ukupan dan korban pada waktu petang évokan pengorangan dan penghenapan orang-orang yang melakukan tindakan jahat.
3. Awasilah mulutku, ya TUHAN, menunjukkan pengorangan dan penolakan terhadap tindakan jahat."
Mazmur,142,"**Tema utama:** Pengeluaran diri dari pencerungan dan perlindungan diri.

**Konteks:** pasal ini membahas tentang pengalaman Daud di dalam gua, di mana dia berusaha keluar dari pencerungan dan mencari perlindungan dari Allah."
Mazmur,143,"**Tema utama:** Pengorikan diri pada Allah dan menuntut keadilan.

**Konteks:** pasal ini membahas tentang dua orang yang menghadapi tantangan dan pengorbanan. Orang pertama menghadapi tantangan dari musuh dan pengorbanan besar, sedangkan orang kedua menghadapi tantangan dari hubungan dan pengorbanan."
Mazmur,144,"**Tema utama:** Pengorikan terhadap manusia dan hubungannya dengan Allah.

**Konteks:** pasal ini membahas tentang orang-orang yang menjadi tempat perlindung, kubu pertahankan, dan tempat aku berlindung, serta bagaimana mereka terkait dengan Allah."
Mazmur,145,"**Tema utama:** Ketaatan dan Pengorikan terhadap Allah

**Konteks:** pasal Alkitab ini membahas tentang perilaku dan sikap yang harus dilakukan oleh orang-orang untuk mencapai keselamatan dan kesejahteraan."
Mazmur,146,"**Tema utama:** Pengorikan pada keselamatan dan pengorbanan terhadap Allah.

**Konteks:** pasal ini membahas tentang berbagai topik, termasuk pengorikan diri pada Allah, kepercayaan pada Allah, dan tanggung jawab terhadap orang lain."
Mazmur,147,"**Tema utama:** Pengorikan terhadap kekuatan dan kejayaan Allah

**Konteks:** pasal Alkitab ini membahas tentang tindakan-tindakan Allah yang besar dan luar biasa, seperti pembangunan Yerusalem, menyembuhan orang-orang yang terjatuh, dan pengorikan terhadap kebutuhan hidup."
Mazmur,148,"**Tema utama:** Pengkarya dan Kemajuan

**Konteks:** pasal Alkitab ini membahas tentang berbagai topik, termasuk pengorot, pengorot, dan pengorot yang terkait dengan Tuhan, serta tentang manusia dan alam."
Mazmur,149,"**Tema utama:** Pengketakan dan pemujaan Allah terhadap bangsa-bangsa.

**Konteks:** pasal ini membahas tentang tindakan-tindakan Allah yang nyata dan nyata bagi bangsa-bangsa, termasuk keselamatan, pengorangan, dan hukuman bagi orang-orang yang terkategorikan."
Mazmur,150,"**Tema utama:** Ketaatan Allah terhadap semua orang.

**Konteks:** pasal ini mengingatkan kita bahwa Allah adalah kekuatan yang besar dan dapat diwariskan kepada semua orang, terlepas dari jenis, agama, atau status."
Mikha,1,"**Tema utama:** Pelanggaran Israel terhadap bangsa-bangsa Sekalian

**Konteks:** pasal ini membahas tentang pelanggaran Israel terhadap bangsa-bangsa Sekalian, serta dampaknya terhadap Israel."
Mikha,2,"1. Merancang kedurjanaan dan kejahatan di tempat tidurnya adalah topik utama yang dikaji dalam pasal.
2. Merampas ladang-ladang dan rumah-rumah menunjukkan perilaku yang tidak selaras dengan norma sosial.
3. Firman TUHAN tentang malapetaka dan penangangannya terhadap orang-orang yang benar kelakuannya menunjukkan perilaku yang tidak selaras dengan norma sosial."
Mikha,3,"1. Peluang untuk keadilan dan kesejahteraan tersembunyi di antara kaum Israel.
2. Orang-orang yang membenci kebaikan dan mencintai kejahatan terjebak dalam kondisi yang tidak favorecer.
3. Perjanjian TUHAN tentang keadilan dan kesejahteraan tersembunyi di antara para nabi."
Mikha,4,"**Tema utama:** Pengkekuatan dan kemakmuran bangsa di dalam

**Konteks:** pasal ini membahas tentang peristiwa-peristiwa yang akan terjadi di hari-hari terakhir, termasuk pengangkatan bangsa, pengumpulan orang-orang yangpincang, dan pengangkatan raja."
Mikha,5,"**Tema utama:** Pengakutungan dan kekecekan bangsa Israel

**Konteks:** pasal ini membahas tentang peristiwa-peristiwa penting di dalam sejarah Israel, termasuk pengakutungan bangsa Israel oleh para pengikutnya, peristiwa-peristiwa tentang Asyur dan Nimrod, serta peristiwa-peristiwa tentang perang dan kekecekan."
Mikha,6,"**Tema utama:** Penghajaran dan Kehidupan di Tanah Israel

**Konteks:** pasal ini membahas tentang pengalaman orang-orang di tanah Israel, termasuk peristiwa-peristiwa penting seperti penghajaran, pengaduan, dan tindakan-tindakan yang dilakukan oleh TUHAN."
Mikha,7,"1. Celaka aku, seperti pada pengumpulan buah-buahan musim kemarau, seperti pada pemetikan susulan buah anggur, menunjukkan keadaan yang buruk dan penasaran.
2. Orang-orang telah hilang dari negeri, dan tidak ada orang jujur di antara manusia, menunjukkan keadaan terdesak.
3. Tangan dan pemuka menuntut, hakim dapat disuap, dan hukum, mereka putar balikkan, menunjukkan kondisi sosial yang terjebak."
Nahum,1,"**Tema utama:** Kejanjarian dan Mercy Allah

**Konteks:** pasal ini membahas tentang kekuatan dan kejanjarian Allah, serta bagaimana Allah menyerahkan hukuman kepada orang-orang yang bersalah."
Nahum,2,"1. Pembanjir maju terhadap engkau menunjukkan kekuatan dan ketekunan dalam menghadapi tantangan.
2. Perang Yakub menunjukkan bahwa Allah dapat memulihkan kebanggaan dan menyelamat orang-orang yang terjebak di tempat terpencil.
3. Perjalanan kereta menunjukkan kekuatan dan ketekunan dalam menghadapi tantangan dan mencapai tujuan."
Nahum,3,"**Tema utama:** Pengakutasi dan kekecewaan dalam kehidupan

**Konteks:** pasal ini membahas tentang pengalaman seorang wanita yang menghadapi tantangan dan kekecewaan di tengah kehidupan yang penuh dengan peruradan dan kesibukan."
Nehemia,1,"**Tema utama:** Penghajaran dan Penjenangan Kehidupan di Yerusalem

**Konteks:** pasal ini membahas tentang peristiwa penjenangan dan penghajaran di Yerusalem oleh para saudara-saudaraku, termasuk Hanani, dan tentang kondisi masyarakat yang terhindar dari penawanan."
Nehemia,2,"**Tema utama:** Pengakui dan membangun kembali tempat suci

**Konteks:** pasal ini membahas tentang perjalanan Sanbalat, orang Horon, dan Tobia, orang Amon, pelayan itu, dan Gesyem, orang Arab, yang datang mengusahakan kesejahteraan orang Israel di Yerusalem."
Nehemia,3,"1. Pengbuildaan kembali pintu gerbang Domba oleh para imam besar Elyasib dan para saudara-saudaranya.
2. Dekatan dengan orang-orang Yerikho dan Zakur bin Imri.
3. Pengbuildaan kembali pintu gerbang Lama oleh Hanun dan penduduk Zanoah."
Nehemia,4,"Tema utama dari pasal Alkitab ini adalah tentang pekerjaan membangun kembali tembok di Yerusalem. Konteksnya adalah ketika Sanbalat, Tobia, dan orang-orang lain mendengar bahwa pekerjaan telah maju dan lobang-lobang tembok mulai tertutup, mereka menjadi marah dan berusaha mempercepat pekerjaan."
Nehemia,5,Tema utama dari pasal Alkitab ini adalah tentang tentang penghapusan hutang dan pembagian yang dilakukan oleh para pemuka dan para penguasa terhadap orang Yahudi. Konteksnya adalah tentang tentang pengorangan dan penyesuaian terhadap kondisi masyarakat yang penuh dengan kekecewaan dan ketidaksejahteraan.
Nehemia,6,"**Tema utama:** Pengeluaran pesan dan tindakan nabiah Noaja dan nabi-nabi.

**Konteks:** pasal ini membahas tentang upaya Sanbalat dan Gesyem untuk menjebak kembali tembok di Yerusalem, meskipun mereka telah menerima pesan dari para musuh."
Nehemia,7,"1. Pengarrutan pintu gerbang dan penunggu-penunggu pintu gerbang di Yerusalem dilakukan dengan tujuan untuk memastikan keamanan dan keterlibatan para penyanyi dan orang-orang Lewi.


2. Pengwarisan atas Yerusalem diberikan kepada para pemuka, penguasa, dan rakyat untuk memastikan kepatuhan mereka terhadap Allah.


3. Pengarrutan penjaga-penjaga di antara penduduk Yerusalem bertujuan untuk memastikan keamanan dan keterlibatan para pemuka dan orang-orang Lewi dalam kegiatan- kegiatan sosial."
Nehemia,8,"Tema utama dari pasal Alkitab ini adalah tentang peristiwa-peristiwa yang terjadi di depan pintu gerbang Air dan bagaimana mereka terkait dengan pesan-pesan dari TUHAN. Konteksnya adalah tentang hari-hari penting dalam sejarah Israel, di mana orang-orang terampil dengan pesan-pesan dari TUHAN."
Nehemia,9,"**Tema utama:** Pengorikan terhadap hubungan antara orang-orang Israel dan Allah dalam Alkitab.

**Konteks:**
* Pengorikan pada peristiwa-peristiwa di dalam Alkitab yang menunjukkan hubungan antara orang-orang Israel dan Allah.
* Menyatakan bahwa Allah telah menciptakan dan mengelola semua orang, termasuk Israel.
* Menyatakan bahwa Allah telah memilih Abraham dan memberikan kepadanya nama Abraham.
* Menyatakan bahwa Allah telah menciptakan dan memberikan tanah kepada Israel."
Nehemia,10,"**Tema utama:** Pengikatan diri dengan saudara-saudara dan hubungan dengan Allah

**Konteks:** pasal ini membahas tentang mourir dan pengikatan diri dengan saudara-saudara, serta hubungan dengan Allah bagi orang-orang Israel dan orang Lewi."
Nehemia,11,"1. Para pemimpin bangsa tersesor di Yerusalem untuk menentukan siapa yang akan menetap di kota itu.
2. Orang-orang yang rela menetap di Yerusalem diwangi dan dihormati.
3. Pengkehidupan di Yerusalem sangat beragam, dengan banyak orang yang tinggal di kota-kota lainnya."
Nehemia,12,"**Tema utama:** Pengkehidupan para imam dan orang-orang Lewi di zaman Yesua

**Konteks:**
* Pengkehidupan para imam dan orang-orang Lewi di zaman Yesua merupakan bagian dari sejarah Israel.
* Para imam dan orang-orang Lewi memainkan peran penting dalam penyembuhan dan pengorangan orang-orang lain.
* Mereka mempersembahkan korban dan memberikan sumbangan untuk mendukung kegiatan dan kegiatan agama."
Nehemia,13,"**Tema utama:** Pengeluaran dan penangkuhan bilik-bilik rumah Allah di Yerusalem.

**Konteks:** pasal ini membahas tentang peristiwa-peristiwa di Yerusalem di masa-masa yang lalu, di mana orang-orang Yehuda membawa persembahan persepuluhan dari berbagai makanan untuk memenuhi kebutuhan mereka."
Obaja,1,"1. Penglihatan Obaja berisi perintah untuk bangsa-bangsa untuk bangkit dan mempersiapkan diri untuk menghadapi musuh.
2. Engkau kecil di antara bangsa-bangsa menunjukkan kekuatan dan ketekunan Allah.
3. Keberadaannya engkau di antara batu menunjukkan kekuatan dan ketekunan Allah di tengah kesulitan."
Pengkhotbah,1,"1. Pengkhotbah, anak Daud, raja di Yerusalem, berbicara tentang kesia-siaan belaka.
2. Kata-kata Pengkhotbah menunjukkan bahwa segala sesuatu yang terjadi di bawah matahari adalah sia-sia.
3. Tujuan manusia berusaha dengan jerih payah di bawah matahari adalah untuk mencapai kesia-siaan."
Pengkhotbah,2,"Tema utama dari pasal Alkitab tersebut adalah tentang kesedihan dan pekerjaannya manusia, serta hubungan antara tindakan dan hasilnya. Konteksnya membahas tentang makna hidup, tujuan hidup, dan bagaimana manusia dapat mencapai kesedihan dan tujuannya melalui tindakan dan perilaku yang tepat."
Pengkhotbah,3,"**Tema utama:** Waktu dan kesenangan dalam kehidupan

**Konteks:** pasal ini membahas tentang berbagai topik tentang waktu dan kesenangan, termasuk waktu yang tepat untuk berbagai tindakan, waktu yang tepat untuk berbagai peristiwa, dan pentingnya untuk hidup dengan penuh makna dan tujuan."
Pengkhotbah,4,"**Tema utama:** Kehidupan dan nilai diri

**Konteks:** pasal Alkitab ini membahas tentang berbagai topik tentang kehidupan dan nilai diri, termasuk penindasan, kematian, kebahagiaan, kesia-siaan, dan nilai diri."
Pengkhotbah,5,"**Tema utama:** Pengelolaan harta dan kekayaan

**Konteks:** pasal ini membahas tentang bagaimana orang harus memanfaatkan harta dan kekayaan mereka untuk mencapai tujuan hidup mereka."
Pengkhotbah,6,"**Tema utama:** Kesia-siaan dan penderitaan manusia

**Konteks:** pasal Alkitab ini membahas tentang orang-orang yang hidup dengan kesia-siaan dan penderitaan, serta tentang apa yang menjadi tujuan hidup mereka."
Pengkhotbah,7,"**Tema utama:** Kehidupan dan Hikmat

**Konteks:** pasal ini membahas tentang nilai dan manfaat hidup yang lebih baik, terutama bagi orang-orang yang berhimat."
Pengkhotbah,8,"1. Siapakah yang mengetahui keterangan setiap perkara? Hikmat manusia menjadikan wajahnya bercahaya dan berubahlah kekerasan wajahnya.


2. Patuhilah perintah raja demi sumpahmu kepada Allah.


3. Jangan tergesa-gesa pergi dari hadapannya, janganlah bertahan dalam perkara yang jahat, karena ia berbuat apa yang dikehendakinya."
Pengkhotbah,9,"**Tema utama:** Pengelolaan hidup dan nasib di bawah matahari

**Konteks:** pasal ini membahas tentang pentingnya hidup yang bermakna dan nasib yang diterima oleh manusia, serta bagaimana hal-hal seperti kasih, hubungan, dan tindakan yang dilakukan orang lain dapat mempengaruhi nasib mereka."
Pengkhotbah,10,"**Tema utama:** Kehidupan dan perilaku manusia

**Konteks:** pasal Alkitab yang disorotkan tentang orang-orang yang berhimat, bodoh, dan lainnya, serta tentang perilaku manusia yang terpengaruh oleh berbagai faktor."
Pengkhotbah,11,"**Tema utama:** Pengelolaan dan makna hidup

**Konteks:** pasal ini membahas tentang berbagai topik, termasuk kepercayaan, perilaku, dan makna hidup."
Pengkhotbah,12,"1. Pengkhotbah mengajarkan pengetahuan kepada orang-orang, termasuk tentang kesia-siaan dan pengetahuan.
2. Sebelum matahari dan bulan terdimumpa, awan-awan kembali dan menyamak orang-orang di jalan.
3. Pengkhotbah berusaha mendapat kata-kata yang menyenangkan dan menulis kata-kata kebenaran secara jujur."
Ratapan,1,"**Tema utama:** Pengelolaan dan penangkalan oleh Allah

**Konteks:** pasal ini membahas tentang peristiwa-peristiwa di dalam sejarah, di mana Allah berperan sebagai penjaga dan pembela bagi bangsa-bangsa."
Ratapan,2,"**Tema utama:** Penghancuran dan penyalutan orang-orang yang menjebak di tempat kudus.

**Konteks:** pasal ini menunjukkan bahwa Allah tidak mengorotkan orang-orang yang menjebak di tempat kudus, dan mereka yang berusaha untuk menyelamatkannya terjebak di tempat yang sama."
Ratapan,3,"**Tema utama:** Kehidupan dan keselamatan manusia

**Konteks:** pasal ini membahas tentang pengalaman seorang manusia yang mengalami peristiwa-peristiwa yang menimbulkan ancaman dan ketakutan, serta bagaimana ia berusaha untuk bertahan hidup dan keselamatannya."
Ratapan,4,"**Tema utama:** Kejahatan dan pengorangan diri

**Konteks:** pasal ini membahas tentang orang-orang yang terjebak dalam kondisi jahat dan pengorangan diri mereka, serta tentang bagaimana mereka berusaha untuk mencapai tujuan hidup mereka."
Ratapan,5,"**Tema utama:** Pengkanangan dan penolakan oleh orang lain

**Konteks:** pasal Alkitab menunjukkan bagaimana orang-orang di dalam dan luar masyarakat berusaha untuk menghakimi dan mengorotkan mereka dengan berbagai cara, termasuk penolakan, penghapusan, dan penangkapan."
Roma,1,"**Tema utama:** Pengkarya Injil dan pesan-pesan yang tersembunyi di dalam.

**Konteks:** pasal ini membahas tentang Injil, pesan-pesan yang tersembunyi di dalam, dan bagaimana mereka dapat membantu kita memahami Allah dan hubungan kita dengannya."
Roma,2,"**Tema utama:** Penghakimi dan hukuman Allah

**Konteks:** pasal ini membahas tentang tanggung jawab dan hukuman yang diberikan oleh Allah kepada manusia yang menghakimi orang lain."
Roma,3,"1. Jesusi dan gunanya sunat, meskipun mereka memiliki kelebihan.
2. Sebagian besar orang-orang yang setia kepada Allah, termasuk orang-orang Yahudi, mendapat hukuman.
3. Tidak mungkin membatalkan kesetiaan Allah dengan ketidaksetiaan seseorang yang tidak setia.
4. Allah benar, dan semua manusia pembohong, termasuk orang-orang Yahudi, mendapat hukuman yang sama.
5. Jika ketidakbenaran kita menunjukkan kebenaran Allah, maka kita tidak akan mendapat hukuman.
6. Allah dapat menghakimi dunia, meskipun orang-orang yang tidak benar mendapat hukuman.
7. Meskipun kebenaran Allah oleh dustaku semakin melimpah bagi kemuliaan-Nya, aku masih dihakimi lagi sebagai orang berdosa.
8. Orang-orang yang mengatakan, ""Marilah kita berbuat yang jahat, supaya yang baik timbul dari padanya,"" sudah selayaknya mendapat hukuman.
9. Semua orang ada di bawah kuasa dosa, dan yang mengatakan ""Marilah kita berbuat yang jahat,"" sudah selayaknya mendapat hukuman.
10. Tidak ada orang yang benar, dan semua orang telah menyeleweng, mereka semua tidak berguna.
11. Tidak ada seorangpun yang berakal budi, tidak ada seorangpun yang mencari Allah.
12. Semua orang telah menyeleweng, mereka semua tidak berguna, tidak ada yang berbuat baik.
13. Kerongkongan mereka seperti kubur yang ternganga, lidah mereka merayu-rayu, bibir mereka mengandung bisa.
14. Mulut mereka penuh dengan sumpah serapah,
15. kaki mereka cepat untuk menumpahkan darah.
16. Keruntuhan dan kebinasaan mereka tinggalkan di jalan mereka,
17. dan jalan damai tidak mereka kenal;
18. rasa takut kepada Allah tidak ada pada orang itu.
19. Namun, kita tahu, bahwa segala sesuatu yang tercantum dalam Kitab Taurat ditujukan kepada mereka yang hidup di bawah hukum Taurat, supaya tersumbat setiap mulut dan seluruh dunia jatuh ke bawah hukuman Allah.
20. Sebaliknya, karena hukum Taurat orang mengenal dosa, dan tidak seorangpun yang dapat dibenarkan di hadapan Allah oleh karena melakukan hukum Taurat.
21. Namun, sekarang, tanpa hukum Taurat kebenaran Allah telah dinyatakan, seperti yang disaksikan dalam Kitab Taurat dan Kitab-kitab para nabi.
22. Artinya, bahwa kebenaran Allah karena iman dalam Yesus Kristus bagi semua orang yang percaya.
23. Karena semua orang telah berbuat dosa dan telah kehilangan kemuliaan Allah, dan oleh kasih karunia telah dibenarkan dengan cuma-cuma karena penebusan dalam Kristus Yesus.
24. Kristus Yesus telah ditentukan Allah menjadi jalan pendamaian karena iman, dalam darah-Nya. Hal ini dibuat-Nya untuk menunjukkan keadilan-Nya, karena Ia telah membiarkan dosa-dosa yang telah terjadi dahulu pada masa kesabaran-Nya.
25. Maksu-nya ialah untuk menunjukkan keadilan-Nya pada masa ini, supaya nyata, bahwa Ia benar dan juga membenarkan orang yang percaya kepada Yesus.
26. Maksud-nya ialah untuk menunjukkan keadilan-Nya pada masa ini, supaya nyata, bahwa Ia benar dan juga membenarkan orang yang percaya kepada Yesus.
27. Jika demikian, apakah dasarnya untuk bermegah? Tidak ada! Berdasarkan apa? Berdasarkan perbuatan? Tidak, melainkan berdasarkan iman!
28. Karena kami yakin, bahwa manusia dibenarkan karena iman, dan bukan karena ia melakukan hukum Taurat.
29. Atau adakah Allah hanya Allah orang Yahudi saja? Bukankah Ia juga adalah Allah bangsa-bangsa lain? Ya, benar. Ia juga adalah Allah bangsa-bangsa lain!
30. Artinya, kalau ada satu Allah, yang akan membenarkan baik orang-orang bersunat karena iman, maupun orang-orang tak bersunat juga karena iman.
31. Jika demikian, adakah kami membatalkan hukum Taurat karena iman? Sama sekali tidak! Sebaliknya, kami meneguhkannya."
Roma,4,"1. Penkat utama dari pasal Alkitab adalah tentang kepercayaan dan perilaku Abraham.
2. Konteks dari pasal adalah tentang dasar-dasar untuk bermegah dan hubungan antara perilaku dan kebenaran.
3. Konteks dari pasal adalah tentang singkatan dan interpretasi ayat dalam Kitab Suci.
4. Konteks dari pasal adalah tentang upah dan hak-hak yang diterima oleh orang yang bekerja.
5. Konteks dari pasal adalah tentang singkatan dan interpretasi ayat dalam Kitab Suci tentang iman yang diperhitungkan.
6. Konteks dari pasal adalah tentang singkatan dan interpretasi ayat dalam Kitab Suci tentang orang-orang yang dibenarkan Allah.
7. Konteks dari pasal adalah tentang singkatan dan interpretasi ayat dalam Kitab Suci tentang penyalakan dosa dan penyalakan dosa.
8. Konteks dari pasal adalah tentang singkatan dan interpretasi ayat dalam Kitab Suci tentang penyalakan dosa dan penyalakan dosa.
9. Konteks dari pasal adalah tentang singkatan dan interpretasi ayat dalam Kitab Suci tentang iman yang diperhitungkan.
10. Konteks dari pasal adalah tentang singkatan dan interpretasi ayat dalam Kitab Suci tentang sebelum dan sesudah disunat.
11. Konteks dari pasal adalah tentang singkatan dan interpretasi ayat dalam Kitab Suci tentang tanda sunat dan hubungan antara iman dan kebenaran.
12. Konteks dari pasal adalah tentang singkatan dan interpretasi ayat dalam Kitab Suci tentang hubungan antara hukum Taurat dan kebenaran.
13. Konteks dari pasal adalah tentang singkatan dan interpretasi ayat dalam Kitab Suci tentang hukum Taurat dan kebenaran.
14. Konteks dari pasal adalah tentang singkatan dan interpretasi ayat dalam Kitab Suci tentang pelanggaran dan janji.
15. Konteks dari pasal adalah tentang singkatan dan interpretasi ayat dalam Kitab Suci tentang murka dan pelanggaran.
16. Konteks dari pasal adalah tentang singkatan dan interpretasi ayat dalam Kitab Suci tentang kasih karunia dan janji.
17. Konteks dari pasal adalah tentang singkatan dan interpretasi ayat dalam Kitab Suci tentang Kutetapkan dan bapa banyak bangsa.
18. Konteks dari pasal adalah tentang singkatan dan interpretasi ayat dalam Kitab Suci tentang harapan dan kepercayaan.
19. Konteks dari pasal adalah tentang singkatan dan interpretasi ayat dalam Kitab Suci tentang kekuatan dan keyakinan.
20. Konteks dari pasal adalah tentang singkatan dan interpretasi ayat dalam Kitab Suci tentang janji Allah.
21. Konteks dari pasal adalah tentang singkatan dan interpretasi ayat dalam Kitab Suci tentang keyakinan dan kuatatan.
22. Konteks dari pasal adalah tentang singkatan dan interpretasi ayat dalam Kitab Suci tentang kebenaran.
23. Kata-kata ""hal ini diperhitungkan kepadanya"" ditulis untuk menunjukkan bahwa Allah memperhitungkan semua orang yang percaya pada Dia.
24. Kata-kata ""hal ini diperhitungkan kepadanya"" ditulis untuk menunjukkan bahwa Allah memperhitungkan semua orang yang percaya pada Dia.
25. Kata-kata ""hal ini diperhitungkan kepadanya"" ditulis untuk menunjukkan bahwa Allah memperhitungkan semua orang yang percaya pada Dia."
Roma,5,"**Tema utama:** Pengenalan tentang penolakan dosa dan manfaatnya bagi orang-orang yang benar.

**Konteks:** pasal ini membahas tentang bagaimana penolakan dosa dan manfaatnya bagi orang-orang yang benar. Selain itu, ia membahas tentang bagaimana Allah menunjukkan kasih-Nya kepada orang-orang yang berdosa dan bagaimana hukum Taurat berperan dalam mengatur hubungan antara dosa dan kasih karunia."
Roma,6,"1. Penyamak dapat bertekun dalam dosa untuk meningkatkan kasih karunia mereka.
2. Orang-orang yang telah dibaptis dalam kematian-Nya telah dibaptis dalam kematian-Nya, sehingga mereka dapat hidup di dalam hidup baru.
3. Orang-orang yang telah dibaptis dalam Kristus telah diubungkan bersama-sama dengan Dia olehbaptisan dalam kematian, sehingga mereka akan hidup dalam hidup baru.
4. Dengan demikian, kita akan hidup dalam hidup baru yang lebih indah daripada kehidupan kita sebelum kita menjadi satu dengan kematian.
5. Penyamak dapat menjadi satu dengan apa yang sama dengan kematian-Nya, dan mereka akan menjadi satu dengan apa yang sama dengan kebangkitan-Nya."
Roma,7,"**Tema utama:** Hukum Taurat dan kepentingannya dalam kehidupan manusia.

**Konteks:** pasal ini membahas tentang hukum Taurat dan bagaimana hukum itu mempengaruhi kehidupan manusia, terutama saat seseorang menjadi isteri atau saudara-saudara."
Roma,8,"**Tema utama:** Kehidupan dalam Christos

**Konteks:** pasal ini membahas tentang tentang bagaimana orang-orang yang hidup menurut daging dan Roh dapat diterima oleh Allah."
Roma,9,"1. Aku mengatakan kebenaran dalam Kristus, aku tidak berdusta.
2. Aku mau terkutuk dan terpisah dari Kristus demi saudara-saudaraku.
3. Artinya bukan anak-anak menurut daging, tetapi anak-anak perjanjian yang disebut keturunan yang benar."
Roma,10,"**Tema utama:** Pengyakunan dan iman dalam Alkitab

**Konteks:** pasal ini membahas tentang keinginan hati manusia untuk diselamatkan, meskipun mereka mungkin tidak memiliki pengetahuan yang tepat tentang kebenaran. Selain itu, ia membahas tentang peran penting dari Kitab Suci dan firman-firman Jesus dalam membantu manusia untuk menerima dan menindaklanjut pada kebenaran."
Roma,11,"**Tema utama:** Kejadian dan Kemuliaan Allah

**Konteks:** pasal ini membahas tentang kejadian umat Israel dan kemuliaan Allah terhadap mereka."
Roma,12,"**Tema utama:** Pengorikan diri pada Allah dan hidup yang bermakna.

**Konteks:** pasal ini membahas tentang perilaku dan sikap yang dapat dilakukan oleh orang-orang untuk mencapai keselamatan dan hidup yang penuh dengan makna."
Roma,13,"1. Alkitab memberi pesan bahwa pemerintah yang di atas kita bukan dari Allah, dan bahwa kita harus hidup dengan sopan dan pujian.
2. Alkitab memberi pesan bahwa barangsiapa melawan pemerintah, ia melawan ketetapan Allah dan siapa yang melakukannya, akan mendatangkan hukuman atas dirinya.
3. Alkitab memberi pesan bahwa kita harus hidup dengan sopan dan pujian, dan bahwa kita harus menaklukkan diri dari dalam dan luar."
Roma,14,"**Tema utama:** Kehidupan dan tindakan yang benar-benar kita.

**Konteks:** pasal ini membahas tentang perilaku dan tindakan yang dapat dilakukan orang untuk mencapai keselamatan dan kebahagiaan."
Roma,15,"**Tema utama:** Peluang dan tanggung jawab untuk menjadi pelayan Kristus

**Konteks:** pasal ini membahas tentang tanggung jawab dan peluang bagi setiap orang untuk menjadi pelayan Kristus, serta bagaimana Allah menyertai pelayanannya dengan kekuatan Roh Kudus."
Roma,16,"**Tema utama:** Ketaatan dan pemberitaan oleh Jesus Kristus.

**Konteks:** pasal ini membahas tentang mourir dan pemberitaan Jesus Kristus, serta bagaimana orang-orang yang melayani dia dapat memperoleh keselamatannya."
Rut,1,"Tema utama dari pasal Alkitab ini adalah tentang perjalanan dan kehidupan seorang perempuan Moab, Elimelekh, dan dua anaknya. Konteksnya terkait dengan cerita tentang perjalanan para penjelajahi Israel."
Rut,2,"Tema utama dari pasal Alkitab tersebut adalah tentang hubungan antara manusia dan Tuhan, serta tentang tanggung jawab dan perilaku yang harus dilakukan oleh manusia terhadap Tuhan. Konteksnya adalah tentang seorang wanita Moab yang menerima belas kasihan dari Allah dan kemudian menjadi perhatian dan mencintai oleh seorang pemuda Betlehem."
Rut,3,"**Tema utama:** Pengobatan dan kekecewaan

**Konteks:** pasal ini membahas tentang perilaku dan sikap seorang perempuan yang ingin menebus engkau yang datang ke tempat pengirikan."
Rut,4,"**Tema utama:** Pengenalan tentang hubungan antara Boas dan Naomi.

**Konteks:** pasal ini membahas tentang hubungan antara dua orang, Boas dan Naomi, serta tentang hubungan mereka dengan orang lain di Israel."
Titus,1,"1. Peluang dan tanggung jawab para pencipta, termasuk Paulus, untuk memelihara iman dan pengetahuan Allah.
2. Pengjanjikan hidup yang kekal sebelum permulaan zaman oleh Allah yang tidak dusta.
3. Kepada Titus, anakku yang sah, untuk menyertai engkau dan mengatur apa yang masih perlu diatur.
4. Orang-orang yang tak bercacat dan memiliki satu isteri, anak-anaknya hidup beriman dan tidak dapat dituduh karena hidup tidak senonoh atau hidup tidak tertib.
5. Orang-orang suci semuanya suci, tetapi bagi orang najis dan bagi orang tidak beriman suatupun tidak ada yang suci."
Titus,2,"**Tema utama:** Pengelolaan dan perilaku yang sesuai dengan ajaran Islam

**Konteks:** pasal ini membahas tentang bagaimana orang-orang tua dapat hidup dengan penuh kasih dan pujian, serta bagaimana mereka dapat berperan sebagai inspirasi bagi orang-orang muda."
Titus,3,"**Tema utama:** Pengamahan perilaku dan perilaku yang tepat dalam kehidupan

**Konteks:** pasal ini membahas tentang perilaku dan perilaku yang tepat yang harus dilakukan oleh orang-orang di dalam Islam, termasuk perilaku yang dilakukan saat menghadapi kesulitan, perilaku saat menerima rahmat, dan perilaku saat berusaha mencapai tujuan hidup."
Ulangan,1,"**Tema utama:** Pengiklanan Allah terhadap orang-orang Israel di Yordan

**Konteks:**

* Allah memberikan perintah kepada Musa untuk menguraikan hukum Taurat kepada orang-orang Israel.
* Musa menyampaikan hukum kepada orang-orang Israel di Yordan, termasuk hukum-hukum tentang hubungan dengan Allah, hukum tentang hubungan antara satu sama lain, dan hukum tentang tanggung jawab.
* Allah menyerahkan negeri Israel kepada Abraham, Ishak, dan Yakub, dan memberikannya kepada keturunannya."
Ulangan,2,"**Tema utama:** Pengeluaran makanan dan air di wilayah Seir

**Konteks:** Pengeluaran makanan dan air menjadi perhatian utama dalam cerita, karena mereka penting untuk bertahan hidup dan kesehatan bagi masyarakat."
Ulangan,3,"**Tema utama:** Pengoveral terhadap negara-negara di Israel

**Konteks:** pasal ini membahas tentang pengoveral Israel oleh bangsa-bangsa lain, termasuk bangsa Amori, Siria, dan Babilon."
Ulangan,4,"**Tema utama:** Pengkehidupan dan tanggung jawab orang Israel terhadap kepadamu Allah.

**Konteks:** pasal ini membahas tentang perintah-perintah Allah yang diberikan kepada orang Israel untuk hidup dan memasuki negeri yang diberikan kepadamu."
Ulangan,5,Tema utama dari pasal Alkitab tersebut adalah tentang perintah-perintah Allah kepada orang-orang Israel. Konteksnya adalah saat Musa memanggil seluruh orang Israel untuk mengikuti kepadamu dan peraturan yang diberikan oleh TUHAN.
Ulangan,6,"Tema utama dari pasal Alkitab ini adalah tentang perintah dan peraturan yang diberikan oleh TUHAN Allah kita. Konteksnya adalah tentang bagaimana orang-orang Israel harus hidup dan berakui dengan TUHAN, Allah kita."
Ulangan,7,"Tema utama pasal Alkitab ini adalah tentang tanggung jawab dan perilaku manusia terhadap Allah. Konteksnya membahas tentang hubungan antara Allah dan manusia, dan bagaimana manusia harus hidup sesuai dengan prinsip-prinsip Islam."
Ulangan,8,"**Tema utama:** Pengorikan diri pada TUHAN, Allahmu, dan hidup yang penuh dengan makna dan tujuan.

**Konteks:** pasal ini mengingatkan kita untuk hidup dengan setia dan tujuan, dan untuk selalu berpegang pada perintah-Nya, Allahmu."
Ulangan,9,"**Tema utama:** Pengeluaran orang-orang yang telah berbisik ke tanah Israel.

**Konteks:** pasal ini membahas tentang orang-orang yang telah berbisik ke tanah Israel dan bagaimana mereka diwarisi oleh TUHAN."
Ulangan,10,"**Tema utama:** Penghagiaan dan keselamatan orang-orang yang dipilih oleh TUHAN.

**Konteks:** pasal ini membahas tentang perjalanan dan perilaku orang-orang yang dipilih oleh TUHAN, serta tindakan-tindakan yang harus dilakukan mereka untuk mencapai keselamatan."
Ulangan,11,"**Tema utama:** Pengafian terhadap perintah TUHAN, Allahmu

**Konteks:** pasal ini membahas tentang perilaku dan sikap yang harus dilakukan oleh orang-orang yang ingin menduduki negeri, termasuk perilaku saat menerima perintah, melakukan tugas-tugas, dan mengikuti aturan dan peraturan yang berlaku."
Ulangan,12,"**Tema utama:** Pengeluaran dan penangkuhan korban dalam kehidupan

**Konteks:** pasal ini membahas tentang tanggung jawab dan perilaku yang harus dilakukan oleh orang-orang saat mereka hidup di negeri yang diberikan Tuhan."
Ulangan,13,"**Tema utama:** Pengeluaran diri dari hidup dan hubungan dengan Allah.

**Konteks:** pasal ini membahas tentang bagaimana orang-orang harus mengikuti perintah Allah dan berbakti pada Allah dengan penuh semangat dan tindakan yang menunjukkan bahwa mereka telah menerima panggilan mereka."
Ulangan,14,Tema utama dari pasal Alkitab tersebut adalah tentang makanan dan pengorangan yang sah dan sah bagi orang-orang yang hidup di dalam air. Konteksnya membahas tentang tanggung jawab dan perilaku yang harus dilakukan oleh setiap orang untuk mencapai keselamatan dan kesejahteraan.
Ulangan,15,Tema utama dari pasal Alkitab tersebut adalah tentang penghapusan hutang dan tanggung jawab yang terkait dengannya. Konteksnya membahas tentang perilaku dan tindakan yang harus dilakukan oleh orang-orang untuk memenuhi kewajiban mereka terhadap Allah.
Ulangan,16,"Tema utama dari pasal Alkitab ini adalah tentang ritual-ritual Paskah, termasuk pemujaan, sacrificed, dan persembahan. Konteksnya terkait dengan perintah-perintah Allah untuk menyembelih, makan, dan melakukan tindakan-tindakan lainnya selama hari-hari Paskah."
Ulangan,17,"Tema utama dari pasal Alkitab tersebut adalah tentang tanggung jawab dan perilaku yang harus dilakukan oleh orang-orang Israel. Konteksnya membahas tentang tindakan-tindakan yang harus dilakukan orang-orang Israel saat mereka memasuki negeri yang diberikan kepadamu oleh TUHAN, Allahmu."
Ulangan,18,"**Tema utama:** Penghakimihan Allah terhadap kaum awam

**Konteks:** pasal ini membahas tentang hak-hak dan tanggung jawab Allah terhadap kaum awam, serta tentang bagaimana Allah menghalau orang-orang yang melakukan tindakan yang melanggarkan hukumnya."
Ulangan,19,"**Tema utama:** Pengelolaan dan kesejahteraan masyarakat di negeri yang diberikan TUHAN, Allahmu.

**Konteks:** pasal ini membahas tentang bagaimana engkau harus mengatur dan mendistribusikan kepadamu di antara tiga kota di negeri yang diberikan oleh TUHAN, Allahmu."
Ulangan,20,"**Tema utama:** Pertempuran dan kekejian

**Konteks:** pasal ini membahas tentang bagaimana orang-orang dapat menghadapi tantangan dan mencapai tujuan mereka dengan kekuatan dan ketaatan pada Allah."
Ulangan,21,Tema utama dari pasal Alkitab tersebut adalah tentang mourir dan pengorangan orang-orang yang terbunuh di tempat tersembunyi. Konteksnya terkait dengan perintah-perintah Allah untuk orang-orang untuk hidup dengan penuh kasih dan pujian.
Ulangan,22,"**Tema utama:** Kesopanan dan tanggung jawab terhadap orang lain

**Konteks:** pasal ini membahas tentang tanggung jawab dan kesejahteraan anak-anak, serta perilaku yang tepat saat bertemu dengan wanita lain."
Ulangan,23,"Tema utama dari pasal Alkitab tersebut adalah tentang perilaku dan perilaku yang sah dan sah bagi orang-orang yang berwibawa dengan Allah. Konteksnya membahas tentang tanggung jawab, ketaatan, dan perilaku yang tepat dalam hidup."
Ulangan,24,"Tema utama dari pasal Alkitab tersebut adalah tentang perilaku dan tindakan yang harus dilakukan oleh orang-orang saat mereka menerima panggilan atau permintaan dari Tuhan. Konteksnya membahas tentang hubungan antara manusia dan Tuhan, serta tentang tanggung jawab dan perilaku yang harus dilakukan oleh setiap orang saat menerima panggilan dari Allah."
Ulangan,25,"**Tema utama:** Penghakimi dan kewajiban dalam masyarakat

**Konteks:** pasal ini membahas tentang hukum penghakimi dan kewajiban yang diterapkan oleh pemimpin terhadap warga, serta tentang tanggung jawab dan perilaku yang harus dilakukan oleh warga terhadap pemimpin."
Ulangan,26,Tema utama dari pasal Alkitab tersebut adalah tentang tanggung jawab dan tugas yang diberikan kepada orang-orang yang diterima oleh Allah. Konteksnya membahas tentang bagaimana orang-orang dapat membawa hasil pertama dari bumi yang telah mereka kauberikan untuk menamakan tempat mereka di tempat baru.
Ulangan,27,Tema utama dari pasal Alkitab tersebut adalah perintah-perintah yang diberikan kepada bangsa Israel oleh Musa dan para tua-tua. Konteksnya adalah untuk memastikan perilaku yang sesuai dengan hukum Taurat dan untuk menunjukkan kekuatan Allah.
Ulangan,28,"**Tema utama:** Pengakui dan mencintai Allah

**Konteks:** Pengakui dan mencintai Allah adalah topik yang penting dalam Alkitab, karena Allah adalah kekuatan dan kekuatan hidup. Dengan mengakui Allah, kita dapat memperoleh kekuatan dan semangat untuk hidup yang penuh makna dan tujuan."
Ulangan,29,"**Tema utama:** Perjanjian dengan orang Israel di tanah Moab

**Konteks:** pasal ini membahas tentang perjanjian yang dibuat oleh TUHAN dengan orang Israel di tanah Moab, selain perjanjian sebelumnya yang dibuat dengan mereka di gunung Horeb."
Ulangan,30,"Tema utama dari pasal Alkitab tersebut adalah tentang pengorangan hidup dan kematian, dan bagaimana seseorang dapat mencapai hidup yang sempurna. Konteksnya membahas tentang perintah-perintah Allah, dan bagaimana seseorang dapat mengikuti perintah-perintah tersebut untuk mencapai tujuan hidup yang sempurna."
Ulangan,31,"**Tema utama:** Pengkehidupan dan tugas Musa di tanah Israel

**Konteks:** pasal Alkitab yang diberikan menunjukkan cerita tentang perjalanan Musa, pesan-pesan, dan perintah-perintah yang diberikan kepadanya oleh TUHAN."
Ulangan,32,"**Tema utama:** Kejadian dan kekecekan manusia

**Konteks:** pasal ini membahas tentang pengalaman Allah dengan bangsa Israel di dalam dan luar kota Jerusalem, serta tentang tindakan-tindakan yang dilakukan oleh Allah untuk menuntun bangsa Israel kembali ke jalan yang benar."
Ulangan,33,"**Tema utama:** Pengkehidupan dan peran Allah dalam kehidupan manusia

**Konteks:** pasal Alkitab ini membahas tentang kehidupan dan peran Allah bagi orang-orang Israel, terutama pada masa-masa terhistoris."
Ulangan,34,"1. Musa pergi ke gunung Nebo untuk memperlihatkan negeri Israel.
2. Terdapat 12 tempat di Israel yang diwarisi oleh Musa.
3. Musa hidup selama 12 tahun dan terus-menerus kekuatannya."
Wahyu,1,"**Tema utama:** Pengkehidupan dan peran Jesus Kristus di dalam Alkitab

**Konteks:** pasal ini membahas tentang wahyu Jesus Kristus, yang berisi informasi tentang kehidupan dan peran pentingnya di dalam Alkitab."
Wahyu,2,"**Tema utama:** Kehidupan dan kejayaan

**Konteks:** pasal Alkitab yang disorotkan tentang cerita tentang malaikat jemaat di berbagai tempat, termasuk Efesus, Smirna, Pergamus, dan Tiatira."
Wahyu,3,"1. Pengkhotani malaikat jemaat di Sardis tentang kehidupan dan kematian mereka.
2. Bangunlah dan bertobatlah sebelum waktu terpenipuan.
3. Pengkhotani malaikat jemaat tentang penuntunnya dan penangkuhannya.
4. Orang-orang yang tidak mencemarkan pakaiannya akan berjalan dengan Aku dalam pakaian putih.
5. Barangsiapa menang akan dikenakan pakaian putih, dan nama-nama mereka akan diwibawa di hadapan Bapa-Ku dan para malaikat-Nya.
6. Pengkhotani malaikat jemaat tentang firman Roh kepada jemaat-jemaat.
7. Pengkhotani malaikat jemaat tentang kunci Daud dan penuntunnya.
8. Aku tahu segala pekerjaanmu dan menuruti firman-Ku dan engkau tidak menyangkal nama-Ku.
9. Pengkhotani malaikat jemaat tentang menuruti mereka dan menjembatani mereka.
10. Aku melindungi engkau dari hari pencobaan yang akan datang.
11. Peganglah apa yang ada padamu, agar tidak seorangpun mengambil mahkotamu.
12. Barangsiapa menang akan Kuwihi di Bait Suci Allah-Ku dan tidak akan keluar lagi dari situ.
13. Pengkhotani malaikat jemaat tentang firman Roh kepada jemaat-jemaat.
14. Aku menramu engkau dari mulut-Ku.
15. Aku memuntahkan engkau dari mulut-Ku.
16. Aku menramu engkau dari mulut-Ku.
17. Aku menramu engkau dari mulut-Ku.
18. Aku menramu engkau dari mulut-Ku.
19. Barangsiapa Kukasihi, ia Kutegor dan Kuhajar.
20. Aku berdiri di muka pintu dan mengetok.
21. Barangsiapa menang akan Kududukkan bersama-sama dengan Aku di atas takhta-Ku.
22. Pengkhotani malaikat jemaat tentang firman Roh kepada jemaat-jemaat."
Wahyu,4,"1. Penjelas tentang pintu di sorga dan suara yang menjembatani.
2. Pengobahan Roh dan kehadiran seorang pen Ptolemy di sorga.
3. Pengobahan orang-orang di takhta dan pelangi yang menunjukkan ketujuh Roh Allah.
4. Pengobahan dua puluh empat tua-tua dan ketujuh mereka di hadapan Allah.
5. Pengobahan lautan kaca dan empat makhluk yang berseru siang dan malam.
6. Pengobahan dua puluh empat tua-tua dan makna mata dan tubuh mereka.
7. Pengobahan berbagai bentuk makhluk yang menunjukkan berbagai jenis manusia.
8. Pengobahan dua puluh empat tua-tua dan makna mata dan tubuh mereka.
9. Pengobahan puji-pujian dan ucapan syukur kepada Allah.
10. Pengobahan dua puluh empat tua-tua dan melemparkan mahkotanya di hadapan Allah."
Wahyu,5,"**Tema utama:** Penghagiaan dan kejayaan

**Konteks:** pasal ini membahas tentang cerita tentang Anak Domba dan bagaimana dia menerima gulungan kitab dari tangan Tuhan."
Wahyu,6,"1. Pencarian makanan dan perang untuk merebut kemenangan.
2. Pengakui dan menjebak seekor yang membawa kemenangan.
3. Pencarian makanan dan perang untuk merebut kemenangan.
4. Pengakui dan menjebak seekor yang membawa kemenangan.
5. Pencarian makanan dan perang untuk merebut kemenangan.
6. Pencarian makanan dan perang untuk merebut kemenangan.
7. Pencarian makanan dan perang untuk merebut kemenangan.
8. Pengakui dan menjebak seekor yang membawa kemenangan.
9. Pencarian makanan dan perang untuk merebut kemenangan.
10. Pengakui dan menjebak seekor yang membawa kemenangan.
11. Pengakui dan menjebak seekor yang membawa kemenangan.
12. Pengakui gempa bumi dahsyat dan matahari menjadi hitam.
13. Pencarian makanan dan perang untuk merebut kemenangan.
14. Pencarian makanan dan perang untuk merebut kemenangan.
15. Pencarian makanan dan perang untuk merebut kemenangan.
16. Pencarian makanan dan perang untuk merebut kemenangan.
17. Hari besar murka dan siapa yang dapat bertahan."
Wahyu,7,"**Tema utama:** Pengkekuatan Allah terhadap Israel

**Konteks:** pasal ini membahas tentang peristiwa-peristiwa yang terjadi di Bait Suci-Nya, di mana para malaikat berdiri mengelilingi takhta dan tua-tua, dan Allah menghapus semua air mata dari mata mereka."
Wahyu,8,"1. Pengkejadian Malaikat di depan Allah menunjukkan bahwa Allah memiliki kekuatan dan kontrol yang besar.
2. Pengkejadian Malaikat menunjukkan bahwa Allah menyertai dan melibatkan manusia dalam rencana dan tindakannya.
3. Pengkejadian Malaikat menunjukkan kekuatan Allah dalam mengorbankan diri dan mencintai orang-orang yang terkhot pada Allah."
Wahyu,9,"1. Malaka yang kelima meniup sangkakalanya jatuh dari langit ke bumi, dan anak kunci lobang jurang maut diberikan kepadanya.


2. Sebuah pintu lobang jurang maut bagikan sinar matahari dan angkasa menjadi gelap, dan belalang-belalang menjembatani bumi.


3. Belalang-belalang yang tersemangat oleh asap lobang itu diberikan kekuatan yang sama dengan kalajengking-kalajengking di bumi."
Wahyu,10,"**Tema utama:** Pengkehidupan dan kejayaan

**Konteks:** pasal ini membahas tentang seorang malaikat yang turun dari sorga dan mencintai Allah, serta tentang pesan-pesan yang disampaikannya kepada manusia."
Wahyu,11,"**Tema utama:** Pengyakunan dan kekuatan Allah

**Konteks:** pasal ini membahas tentang berbagai kekuatan dan tugas yang diberikan kepada dua saksi-Ku oleh Allah, serta tentang bagaimana mereka dapat menggunakan kekuatan mereka untuk membantu orang lain dan mengobati musuh mereka."
Wahyu,12,"**Tema utama:** Pengkejadian dan keselamatan

**Konteks:** pasal ini membahas tentang peristiwa-peristiwa yang terjadi di langit dan bumi, serta bagaimana mereka terkait dengan keselamatan dan kekuasaan Allah."
Wahyu,13,"**Tema utama:** Pengakut dan kekuatan Allah dalam Al-Quran

**Konteks:** pasal ini membahas tentang Allah's kekuatan dan kekekuasaannya, serta bagaimana He yang memiliki kekuatan mengakut dan memberi kekuatan kepada orang-orang untuk mencapai tujuannya."
Wahyu,14,"**Tema utama:** Kejadian dan tanda-tanda Allah di dalam Alkitab.

**Konteks:** pasal ini membahas tentang peristiwa-peristiwa yang terjadi di dalam kehidupan Jesus dan tentang bagaimana mereka menginterpretasi dan menandakan makna dari peristiwa-peristiwa tersebut."
Wahyu,15,"1. Pengamatan tanda-tanda di langit menunjukkan bahwa Allah telah selesai.
2. Orang-orang yang telah mengalahkan binatang itu dan patungnya dan bilangan namanya berdiri di tepi lautan kaca, menunjukkan kekuatan Allah.
3. Nyanyian-nyanyian Allah menunjukkan bahwa Allah adalah Yang Mahakuasa dan Yang Yang Berkuasa.
4. Orang-orang yang tidak takut dan memuliakan nama-Mu menunjukkan bahwa mereka adalah orang-orang yang benar.
5. Orang membuka Bait Suci menunjukkan bahwa Allah adalah Yang Yang Mahakuasa dan Yang Yang Berkuasa.
6. Malaikat-malapetaka keluar dari Bait Suci menunjukkan kekuatan Allah dan bahwa orang-orang yang telah mengalahkan binatang itu dan patungnya dan bilangannya telah mencapai keselamatan.
7. Cawan dari emas menunjukkan bahwa Allah adalah Yang Mahakuasa dan Yang Yang Berkuasa.
8. Bait Suci penuh asap karena kemuliaan Allah dan karena kuasa-Nya, dan seorangpun tidak dapat memasuki Bait Suci itu sebelum berakhir ketujuh malapetaka dari ketujuh malaikat itu."
Wahyu,16,"**Tema utama:** Penghewanan Allah terhadap malapetaka dan manusia

**Konteks:** pasal ini membahas tentang bagaimana Allah menggunakan malapetaka dan manusia untuk menunjukkan kekuatan dan kekeringanNya."
Wahyu,17,"**Tema utama:** Pengkejadian dan kekejian dalam kehidupan

**Konteks:** pasal ini membahas tentang cerita tentang seorang wanita pelacur dan beberapa kejadian terkait yang terkait dengannya."
Wahyu,18,Tema utama dari pasal Alkitab tersebut adalah tentang tentang pengorangan dan penyalasan oleh Allah terhadap malapetaka-malapetaknya. Konteksnya terkait dengan pengorangan orang-orang yang telah berkuasa besar dan bersemangat dengan Allah.
Wahyu,19,"Tema utama dari pasal Alkitab ini adalah tentang pengorot dan pemujaan kepada Allah. Konteksnya membahas tentang keselamatan, kemuliaan, dan kekuasaan Allah."
Wahyu,20,"**Tema utama:** Pengobatan dan penangkapan orang-orang mati

**Konteks:** pasal ini membahas tentang peristiwa-peristiwa di dalam Alkitab tentang pengobatan dan penangkapan orang-orang mati, serta bagaimana mereka dihakimi oleh Allah."
Wahyu,21,"1. Pengkejadian langit dan bumi menunjukkan bahwa Allah telah menciptakan kembali.
2. Kota Yerusalem turun dari sorga dan menjadi tempat baru.
3. Firman-firman Allah tentang kematian dan kehidupan akan diterima oleh semua orang yang percaya."
Wahyu,22,"**Tema utama:** Pengkehidupan di Kota Tersembunyi

**Konteks:** pasal ini membahas tentang kehidupan yang akan diterima oleh orang-orang yang beribadah kepada Allah, termasuk penghiburan di dalam kota tersembunyi, penghiburan di luar, dan penghiburan setelah kematian."
Yakobus,1,"**Tema utama:** Pengorikan diri pada Allah dan menerima manfaatnya.

**Konteks:** pasal ini membahas tentang bagaimana orang dapat memperoleh manfaat dari hidup mereka melalui pengorikan diri pada Allah."
Yakobus,2,"1. Orang-orang yang beriman kepada Yesus Kristus janganlah mencintai diri mereka dengan pandangan muka.
2. Pastikan orang-orang miskin mendapat perhatian dan bantuan yang mereka butuhkan.
3. Berikan perhatian dan penghargaan kepada orang-orang yang memiliki pakaian indah dan membantu orang-orang miskin.
4. Berikan hukuman yang tepat kepada orang-orang yang membunuh dan menghindarkan mereka dari melakukan pelanggaran.
5. Berikan kasih sayang dan dukungan kepada semua orang, termasuk orang-orang miskin.
6. Berikan hukuman yang tepat kepada orang-orang yang menghinakan orang lain dan menyeret mereka ke pengadilan.
7. Berikan penghargaan dan dukungan kepada orang-orang yang memiliki nama mulia.
8. Berikan hukuman yang tepat kepada orang-orang yang menjalankan hukum utama dan mengabaikan satu bagian dari padanya.
9. Berikan hukuman yang tepat kepada orang-orang yang membunuh dan tidak berbelas kasihan.
10. Berikan hukuman yang tepat kepada orang-orang yang menuruti hukum, tetapi mengabaikan satu bagian dari padanya.
11. Berikan hukuman yang tepat kepada orang-orang yang membunuh dan tidak membunuh.
12. Berikan hukuman yang tepat kepada orang-orang yang tidak berbelas kasihan.
13. Berikan hukuman yang tepat kepada orang-orang yang membunuh dan tidak berbelas kasihan.
14. Berikan hukuman yang tepat kepada orang yang mengatakan bahwa ia memiliki iman, padahal ia tidak memiliki perbuatan.
15. Berikan hukuman yang tepat kepada orang-orang yang tidak memiliki pakaian dan kekurangan makanan sehari-hari.
16. Berikan hukuman yang tepat kepada orang-orang yang memberikan bantuan kepada orang lain, tetapi tidak memberikan apa yang mereka butuhkan.
17. Berikan hukuman yang tepat kepada orang-orang yang memiliki iman, tetapi tidak disertai perbuatan.
18. Berikan hukuman yang tepat kepada orang-orang yang memiliki dua kepercayaan, tetapi salah satu dari mereka tidak nyata.
19. Berikan hukuman yang tepat kepada orang-orang yang percaya dan tidak percaya dengan alasan yang sama.
20. Berikan hukuman yang tepat kepada orang-orang yang menerima manfaat dari Allah, tetapi tidak melakukan perbuatan.
21. Berikan hukuman yang tepat kepada Abraham, karena dia mempersembahkan Ishak, anaknya, di atas mezbah.
22. Berikan hukuman yang tepat kepada Rahab, karena dia menyembunyikan orang-orang yang disuruh itu di dalam rumahnya.
23. Berikan hukuman yang tepat kepada Abraham, karena dia disebut ""Sahabat Allah"".
24. Berikan hukuman yang tepat kepada manusia yang menjalankan hukum utama dan bukan hanya karena iman.
25. Berikan hukuman yang tepat kepada Rahab, karena dia menyembunyikan orang-orang yang disuruh itu di dalam rumahnya.
26. Berikan hukuman yang tepat kepada tubuh tanpa roh, dan oleh karena itu, iman tanpa perbuatan adalah mati."
Yakobus,3,"**Tema utama:** Kehidupan dan nilai diri

**Konteks:** pasal ini membahas tentang berbagai topik, termasuk perilaku, karakter, dan makna hidup."
Yakobus,4,"**Tema utama:** Kehidupan dan perilaku manusia

**Konteks:** pasal Alkitab yang disorotkan tentang perilaku manusia, terutama tentang dosa dan pencerapan."
Yakobus,5,"**Tema utama:** Kehidupan dan kemakian orang-orang kaya.

**Konteks:** pasal ini membahas tentang orang-orang kaya dan bagaimana mereka dapat mencapai kemakian."
Yehezkiel,1,"**Tema utama:** Pengamatan tentang wajah dan bentuk makhluk-makhluk hidup.

**Konteks:** pasal ini membahas tentang pengalaman seorang penjelas yang melihat wajah dan bentuk manusia di dalam roda-roda di atas tanah."
Yehezkiel,2,"1. Firman-Nya kepadaku tentang hubungan manusia dengan Allah.
2. Firman-Nya tentang pengorangan diri dan tindakan yang dilakukan.
3. Firman-Nya tentang hubungan antara orang Israel dan kaum pemberontak.
4. Firman-Nya tentang kewajiban dan tanggung jawab terhadap Allah.
5. Firman-Nya tentang tanda-tanda dan kepedulian kaum pemberontak.
6. Firman-Nya tentang ketakutan dan sikap terhadap orang-orang pemberontak.
7. Firman-Nya tentang kewajiban dan tanggung jawab terhadap Allah.
8. Firman-Nya tentang dengar dan tindakan terhadap apa yang Kufirmankan kepadamu.
9. Firman-Nya tentang tangan yang terulur dan sungguh dipegang-Nya sebuah gulungan kitab.
10. Firman-Nya tentang nyanyian-nyanyian yang ditulisi di hadapanku."
Yehezkiel,3,Tema utama dari pasal Alkitab tersebut adalah tentang tanggung jawab dan kekuatan Allah. Konteksnya membahas tentang orang-orang pemberontak dan bagaimana Allah memberikan kekuatan dan semangat kepada mereka untuk mencapai tujuan mereka.
Yehezkiel,4,"Tema utama dari pasal Alkitab ini adalah tentang peristiwa-peristiwa yang terjadi di Yerusalem selama engkau dan penangangan kaum Israel oleh Allah. Konteksnya adalah tentang peristiwa-peristiwa yang terjadi di dalam sejarah, termasuk peristiwa-peristiwa tentang penangangan kaum Israel oleh para pencipta, pengorot, dan pengani."
Yehezkiel,5,"**Tema utama:** Pengeluaran dan penolakan peraturan

**Konteks:** pasal ini membahas tentang perilaku manusia dan bagaimana mereka dapat melanggar dan menolakan peraturan yang berlaku."
Yehezkiel,6,"**Tema utama:** Penghajaran Alkitab

**Konteks:**
Alkitab ini berisi pesan-pesan tentang keselamatan dan pengorbanan bagi orang-orang yang terjebak di antara bangsa-bangsa."
Yehezkiel,7,"Tema utama dari pasal Alkitab ini adalah tentang keselamatan dan pengorangan orang-orang di dalam negeri. Konteksnya terkait dengan peristiwa-peristiwa yang terjadi di dalam negeri, seperti bencana, pengorangan, dan peristiwa-peristiwa lainnya."
Yehezkiel,8,"Tema utama dari pasal Alkitab tersebut adalah tentang pengalaman seorang anak manusia dalam rumah TUHAN di Jerusalem. Konteksnya adalah tentang peristiwa-peristiwa yang terjadi di dalam rumah TUHAN, termasuk pengalaman penangkapan oleh para tua-tua Yehuda, penglihatan sungguh, dan peristiwa-peristiwa lainnya."
Yehezkiel,9,"**Tema utama:** Pengkhotbah tentang hukuman dan penganiayaan terhadap orang-orang yang telah berkeluh kesah.

**Konteks:** pasal ini membahas tentang peristiwa-peristiwa di Kota Bait Suci, Yerusalem, di mana orang-orang tua dan anak-anak terbunuh dan musnahkan."
Yehezkiel,10,"**Tema utama:** Pengomoran dan simbolisme dalam Alkitab

**Konteks:** pasal ini membahas tentang orang-orang yang memasuki dan meninggalkan tempat suci Bait Suci, serta makna simbol seperti roda dan tangan manusia pada tempat tersebut."
Yehezkiel,11,Tema utama dari pasal Alkitab ini adalah tentang hubungan antara manusia dan Tuhan. Konteksnya membahas tentang orang-orang yang terbunuh di kota dan bagaimana Allah menyerahkan mereka kepada para buangan.
Yehezkiel,12,Tema utama dari pasal Alkitab ini adalah tentang perjalanan dan pengorangan orang-orang pemberontak untuk mencapai pembuangan. Konteksnya terkait dengan cerita tentang anak-anak yang menjadi lambang bagi kaum Israel.
Yehezkiel,13,"Tema utama pasal Alkitab ini adalah tentang perilaku dan sikap orang-orang terhadap Allah. Konteksnya membahas tentang tindakan-tindakan yang dilakukan oleh para penyamak Israel, seperti mencintai dan menjebak orang lain, serta sikap mereka terhadap Allah."
Yehezkiel,14,"Tema utama dari pasal Alkitab tersebut adalah tentang tanggung jawab dan hukuman bagi kaum Israel. Konteksnya membahas tentang orang-orang yang menahua dan menjebak di tengah-tengah Israel, serta tentang bagaimana mereka akan diwarisi oleh Allah."
Yehezkiel,15,"**Tema utama:** Pengambilan keputusan dan tindakan berdasarkan kepercayaan pada Allah.

**Konteks:** pasal ini membahas tentang perilaku manusia dan tindakan yang diambil oleh mereka berdasarkan kepercayaan pada Allah."
Yehezkiel,16,"**Tema utama:** Kekejian dan tanggung jawab

**Konteks:** pasal Alkitab yang disorot tentang seorang perempuan yang bernama Engkau, yang mengalami berbagai peristiwa pencerungan dan kekejian."
Yehezkiel,17,Tema utama dari pasal Alkitab tersebut adalah tentang tentang bagaimana Allah menyerahkan pesan kepada para pemberontak dan bagaimana Allah akan mengarahkan orang-orang yang berkuasa negeri itu ke tempat yang tepat. Konteksnya adalah tentang tentang bagaimana Allah menyerahkan pesan kepada para pemberontak dan bagaimana Allah akan mengarahkan orang-orang yang berkuasa negeri itu ke tempat yang tepat.
Yehezkiel,18,"**Tema utama:** Kehidupan dan tindakan yang benar

**Konteks:** pasal ini membahas tentang perilaku dan tindakan yang benar dan salah yang dilakukan oleh manusia, serta bagaimana tindakan-tindakan tersebut mempengaruhi kehidupan seseorang."
Yehezkiel,19,"Tema utama dari pasal Alkitab ini adalah tentang cerita tentang seekor dan pencerapan anak-anak, serta tentang bagaimana orang-orang dapat menemukan keselamatan dan kemakmuran. Konteksnya adalah tentang orang-orang yang sedang menghadapi tantangan dan mencari solusi."
Yehezkiel,20,"**Tema utama:** Kejahatan dan kekecewaan

**Konteks:** pasal ini membahas tentang perjalanan dan perilaku kaum Israel di tanah Mesir, serta pesan-pesan yang disampaikan oleh TUHAN kepada mereka."
Yehezkiel,21,"**Tema utama:** Penghakiman dan pembantai

**Konteks:** pasal ini membahas tentang penghakiman dan pembantai, serta bagaimana Allah menyerahkannya kepada anak manusia."
Yehezkiel,22,"**Tema utama:** Pengkejanan dan penangkuhan oleh Allah terhadap orang-orang yang melakukan perilaku yang tersembunyi.

**Konteks:** pasal ini membahas tentang perilaku dan tindakan yang dilakukan oleh para pemimpin Israel yang melanggarakan hukum Allah. Allah memberi hukuman kepada mereka dengan menunda waktu penghukuman dan membuat mereka menjadi najis."
Yehezkiel,23,"**Tema utama:** Pengkhotani dan Kematian Ohola dan Oholiba

**Konteks:** pasal Alkitab yang diparuk adalah tentang dua orang perempuan, Ohola dan Oholiba, yang melakukan kemisuman yang menyebabkan mereka terbunuh oleh orang Asyur."
Yehezkiel,24,"Tema utama pasal Alkitab ini adalah tentang perintah-perintah yang diberikan kepada bangsa Israel oleh TUHAN. Konteksnya adalah tentang hubungan antara manusia dan Tuhan, serta tentang tanggung jawab dan hukuman yang diberikan oleh TUHAN kepada bangsa Israel."
Yehezkiel,25,"**Tema utama:** Pengakuntabilitas dan kekecewaan

**Konteks:** pasal ini membahas tentang sentuhan-sentuhan dari Allah kepada bangsa-bangsa, termasuk Israel, Moab, Edom, dan Filistin."
Yehezkiel,26,"Tema utama dari pasal Alkitab tersebut adalah tentang pengorbanan dan penyalasan orang-orang yang hidup di daratan. Konteksnya terkait dengan peristiwa-peristiwa di lautan, seperti pengeboman pintu gerbang, pembusukan tembok, dan penjemuran pukat."
Yehezkiel,27,"**Tema utama:** Pengenalan dan simbolisme dalam Alkitab

**Konteks:** pasal ini membahas tentang simbolisme dalam Alkitab, sepertifirman TUHAN, harta, dan tindakan manusia. Selain itu, ia juga membahas tentang simbolisme dalam cerita tentang perjalanan para pelamar, seperti Tirus dan para pemuka Kedar."
Yehezkiel,28,"Tema utama dari pasal Alkitab tersebut adalah tentang hubungan antara manusia dan Allah. Konteksnya membahas tentang perilaku manusia, terutama tentang kecenderungan dan kekecekan, serta tentang tanggung jawab mereka terhadap Allah."
Yehezkiel,29,Tema utama dari pasal Alkitab tersebut adalah tentang pengorbanan dan penghenapan oleh Allah bagi kaum Israel. Konteksnya adalah tentang bagaimana Allah memilih para pemimpin untuk mengelola tanah Mesir dan bagaimana Allah menggunakan peristiwa-peristiwa untuk mendorong kaum Israel untuk berfikiran dan berberikan kepada Allah.
Yehezkiel,30,"Tema utama dari pasal Alkitab tersebut adalah tentang penganiatan dan penyingapan kekayaan oleh Allah. Konteksnya terkait dengan peristiwa-peristiwa dalam sejarah Mesir, seperti penganiatan anak-anak sungai Nil, pengeringan anak-anak sungai, dan perang-perang."
Yehezkiel,31,"Tema utama dari pasal Alkitab tersebut adalah tentang tentang engkau dan pengorangannya di taman Allah. Konteksnya membahas tentang hubungan antara Allah, manusia, dan alam."
Yehezkiel,32,"**Tema utama:** Pengkejadian dan ketakutan di antara bangsa-bangsa.

**Konteks:** pasal ini membahas tentang peristiwa-peristiwa di dalam Alkitab tentang pengkejadian dan ketakutan yang terjadi di antara bangsa-bangsa."
Yehezkiel,33,"**Tema utama:** Kehidupan dan death dalam masyarakat Israel

**Konteks:** pasal ini membahas tentang cerita tentang seorang anak manusia dan seorang orang jahat, serta tentang tindakan dan perilaku yang dapat dilakukan oleh orang-orang untuk mencapai keselamatan dan kesejahteraan mereka."
Yehezkiel,34,"**Tema utama:** Pengeluaran makanan dan hubungan antara manusia dan Allah

**Konteks:** pasal ini membahas tentang perilaku manusia dan Allah, serta hubungan mereka. Allah memberifirman kepada manusia untuk memenuhi kebutuhan mereka, namun manusia sering mencuri dan memanfaatkan makanan yang diberikan kepadanya. Hal ini menunjukkan hubungan antara manusia dan Allah yang kompleks dan penuh dengan tantangan."
Yehezkiel,35,"**Tema utama:** Penghakiman terakhir terhadap orang-orang yang mati terbunuh

**Konteks:** pasal ini membahas tentang penghakiman terakhir yang akan dilakukan kepada orang-orang yang mati terbunuh di Israel, dan bagaimana Allah akan menghakimi mereka."
Yehezkiel,36,"**Tema utama:** Kejahatan dan Mercy

**Konteks:** pasal ini membahas tentang kejayaan dan hukuman bagi kaum Israel, serta tentang tanggung jawab mereka terhadap bangsa-bangsa lain."
Yehezkiel,37,"**Tema utama:** Pengobatan dan pembaruan orang-orang Israel di tanah Israel.

**Konteks:** pasal ini menunjukkan bahwa Allah memiliki rencana dan tujuan yang besar untuk orang-orang Israel, dan bahwa dia berusaha untuk membawa mereka kembali ke tanah mereka dengan melalui berbagai peristiwa dan ujian."
Yehezkiel,38,"Tema utama dari pasal Alkitab ini adalah tentang bagaimana Allah akan datang dan melawan musuh-musuhnya, termasuk Gog, dan bagaimana Allah akan menunjukkan kekudusan-Nya kepada manusia. Konteksnya adalah tentang peristiwa-peristiwa dalam sejarah, termasuk peristiwa-peristiwa tentang Prophet Muhammad dan tentang peristiwa-peristiwa tentang kehidupan awal Allah."
Yehezkiel,39,"**Tema utama:** Pengobatan dan pembanjir terhadap kaum Israel

**Konteks:** pasal ini membahas tentang pengobatan dan pembanjir terhadap kaum Israel oleh para pengikut Islam, terutama Gog, dan bagaimana mereka berusaha untuk mengubur orang-orang yang telah menjadi pen Ptolemy."
Yehezkiel,40,"**Tema utama:** Pengketakan dan makna bilik di Bait Suci dalam Alkitab

**Konteks:** Bilik-bilik di Bait Suci memiliki makna dan simbolisme yang menandakan pentingnya dan kekuatan Allah dalam sejarah Israel. Bilik-bilik tersebut menunjukkan tempat-tempat penting, peristiwa sejarah, dan simbolisme yang terkait dengan Allah."
Yehezkiel,41,"Tema utama dari pasal Alkitab ini adalah tentang ruang besar Bait Suci dan bangunan-bangunannya. Konteksnya meliputi ukuran ruang, dinding, pintu, dan jendela di dalam dan di luar bangunan."
Yehezkiel,42,"Tema utama dari pasal Alkitab ini adalah tentang bilik-bilik di tempat kudus, di mana imam-imam, yang mendekat kepada TUHAN, memakan persembahan-persembahan maha kudus.

Konteks dari pasal ini adalah tentang bilik-bilik di tempat kudus, di mana para imam memasuki dan meninggalkan tempat tersebut."
Yehezkiel,43,Tema utama pasal Alkitab ini adalah tentang tentang bagaimana Allah menciptakan dan mempersiapkan mezbah di Bait Suci untuk orang-orang yang akan datang. Konteksnya adalah tentang bagaimana Allah ingin orang-orang memahami dan mengikuti aturan-ratus yang tercantum dalam mezbah.
Yehezkiel,44,"**Tema utama:** Pengeluaran dan penangkuhan makanan dan minuman di tempat kudus-Ku.

**Konteks:** pasal ini membahas tentang perintah-perintah Allah mengenai pengeluaran dan penangkuhan makanan dan minuman di tempat kudus-Ku, termasuk tugas-tugas yang diberikan kepada kaum Israel dan imam-imam."
Yehezkiel,45,"**Tema utama:** Pengelolaan persembahan khusus di tanah Israel

**Konteks:** pasal ini membahas tentang bagaimana orang-orang Israel harus mempersembahkan persembahan khusus mereka kepada raja di Israel, serta bagaimana mereka harus melakukan pengolah korban bakaran, sajian, dan keselamatan."
Yehezkiel,46,"**Tema utama:** Pengelolaan korban bakaran dan keselamatan raja

**Konteks:** pasal ini membahas tentang bagaimana orang-orang harus melakukan ritual-ritual saat hari-hari tertentu, termasuk penangkuhan, penyajian, dan pemutaran korban bakaran dan keselamatan."
Yehezkiel,47,Tema utama dari pasal Alkitab tersebut adalah tentang batas-batas tanah yang harus bagi-bagi di antara dua belas suku Israel. Konteksnya adalah tentang bagaimana Allah memberikan batas-batas tanah kepada Yusuf dan para curah lainnya di Israel.
Yehezkiel,48,"**Tema utama:** Pengenalan wilayah-wilayah di Israel

**Konteks:** pasal ini membahas tentang batas-batas wilayah di Israel, termasuk bagian-bagian yang khusus dan persembahan khusus yang harus dimiliki oleh orang-orang Israel."
Yeremia,1,"**Tema utama:** Pengkejadian dan kekecekan

**Konteks:**
Pasal ini membahas tentang tiga orang yang menerimafirman TUHAN, termasuk Yeremia bin Hilkia, Yosia bin Amon, dan Yoyakim bin Yosia. Mereka mewakili berbagai periode sejarah, menunjukkan bahwa vaikka ada perbedaan waktu, mereka semua menerima pesan yang sama dari TUHAN."
Yeremia,2,"**Tema utama:** Kejahatan dan pengorangan diri

**Konteks:** pasal ini membahas tentang perjalanan dan pengorangan orang-orang di tanah Mesir, terutama tentang singa-singa muda yang mengaum dan menjebak diri mereka di jalan."
Yeremia,3,"**Tema utama:** Kejahatan dan kekecekan dalam hubungan antara Israel dan Yehuda.

**Konteks:** pasal ini membahas tentang peristiwa-peristiwa yang terjadi di zaman raja Yosia, di mana perempuan murtad dan menceraikan Israel, serta bagaimana Yehuda, saudaranya perempuan yang tidak setia itu, tidak kembali kepada-Ku dengan tulus hatinya."
Yeremia,4,"**Tema utama:** Kejahatan dan pengorangan orang-orang di dalam negeri.

**Konteks:** pasal ini membahas tentang orang-orang yang berusaha untuk mencapai keselamatan dan kemakmuran, meskipun mereka menghadapi tantangan dan kekecewaan."
Yeremia,5,"**Tema utama:** Ketakutan dan pengorbanan terhadap Allah

**Konteks:** pasal ini membahas tentang orang-orang yang menolak Allah dan berusaha menghakimi mereka dengan berbagai cara, termasuk pengorbanan, penangkapan, dan pembantai."
Yeremia,6,"**Tema utama:** Kejahatan dan kekecewaan di antara bangsa-bangsa.

**Konteks:** pasal ini membahas tentang bagaimana orang-orang Israel berusaha mempertahankan kejayaan mereka meskipun menghadapi ancaman dari luar, seperti kehancuran besar, perang, dan pembantai."
Yeremia,7,"**Tema utama:** Penghajaran dan Penyamak

**Konteks:** pasal ini membahas tentang orang-orang yang melakukan perjalanan ke rumah-rumah di Yehuda dan Yerusalem, serta tentang pesan-pesan yang diterima oleh mereka di tempat tersebut."
Yeremia,8,"1. Firman TUHAN tentang penangkapan orang-orang jahat di dalam kubur mereka.
2. Firman TUHAN tentang pengorotasi makanan dan minuman setelah kematian.
3. Firman TUHAN tentang pengobati luka puteri dengan kata-kata positif."
Yeremia,9,"**Tema utama:** Kejahatan dan Kekecewaan

**Konteks:** pasal ini membahas tentang orang-orang yang meninggalkan tempat mereka dan menjebak orang lain di tempat baru, serta tentang bagaimana mereka berusaha untuk membubarkan diri mereka dari kenyataan buruk."
Yeremia,10,"**Tema:** Kejahatan dan Kebebasan

**Konteks:** pasal ini membahas tentang pentingnya潔mas dan pujian terhadap Tuhan, serta tentang tanggung jawab dan kebebasan yang diberikan kepada setiap manusia."
Yeremia,11,Tema utama dari pasal Alkitab ini adalah tentang pengkhotbah dan hukuman yang diterima oleh orang-orang Israel dan Yehuda. Konteksnya terkait dengan perjanjian-perjanjian yang telah dibuat dengan Allah dan perilaku buruk yang dilakukan oleh mereka.
Yeremia,12,"**Tema utama:** Pengkategorian dan makna pesan Alkitab.

**Konteks:** pasal ini membahas tentang makna dan konteks pesan Alkitab, terutama tentang pengkategorian orang-orang dalam masyarakat, hubungan antara orang dan Tuhan, dan makna hidup dan tujuan hidup."
Yeremia,13,"**Tema utama:** Pengeluaran dan penangkuhan oleh Allah

**Konteks:** pasal ini membahas tentang perilaku dan tindakan yang dilakukan oleh orang-orang di Israel, terutama kaum Israel, dalam memenuhi perintah Allah."
Yeremia,14,"**Tema utama:** Pengelolaan dan kesejahteraan bangsa

**Konteks:** pasal Alkitab tentang peristiwa-peristiwa yang terjadi di dalam negeri Israel."
Yeremia,15,Tema utama pasal Alkitab ini adalah tentang hukuman dan pengorangan orang-orang yang melanggarakan hukum Allah. Konteksnya membahas tentang perilaku manusia dan bagaimana Allah akan menghormati mereka setelah mereka terjebak dalam hukuman.
Yeremia,16,"Tema utama pasal Alkitab ini adalah tentang hukuman dan penganiasan orang yang meninggalkan Allah. Konteksnya adalah bahwa Allah telah menarik kembali sebagian besar orang-orang yang pernah berbisik ke tanah Israel, dan mereka menghadapi hukuman karena mereka telah meninggalkan Allah."
Yeremia,17,"**Tema utama:** Pengeluaran kekayaan dan tanggung jawab

**Konteks:** pasal ini membahas tentang tanggung jawab orang-orang untuk memenuhi kebutuhan mereka dan untuk berakhlak dengan prinsip-prinsip yang berlaku."
Yeremia,18,"1. Firman TUHAN kepada Yeremia berisi perintah untuk bertobat dari tingkah langkah yang jahat.
2. Perintah tersebut menunjukkan pentingnya tindakan yang tepat dan terampil untuk mencapai tujuan.
3. Firman TUHAN tentang kepentingannya untuk bertobat dari tingkah langkah yang jahat menunjukkan sikap yang patuh terhadap perintah."
Yeremia,19,"**Tema utama:** Pengakut dan penghapusan tempat suci

**Konteks:** pasal Alkitab yang disorotkan membahas tentang pengakut dan penghapusan tempat suci di kota-kota Yehuda dan Yerusalem."
Yeremia,20,"1. Pasyhur bin Imer mendengar perkataan Yeremia dan memukulnya di pintu gerbang Benyamin.
2. Engkau telah membujuk Pasyhur dan semua orang di rumahnya, dan dia akan diangkut tertawan ke Babel.
3. TUHAN menyertai Pasyhur dan melihat pembalasan-Nya, menunjukkan bahwa dia telah melepaskan nyawa orang miskin dari tangan orang-orang yang berbuat jahat."
Yeremia,21,"**Tema utama:** Pengkhotbah tentang keselamatan dan hukuman bagi orang-orang yang berusaha mencabut nyawa mereka.

**Konteks:** pasal Alkitab ini membahas tentang pengkhotbah Allah terhadap Raja Babel, Zedekia, dan keluarga raja Yehuda. Allah memberi perintah untuk menjebak orang-orang yang berusaha mencabut nyawa mereka dan untuk menyalakan api di hutannya yang akan memakan habis segala sesuatu yang di sekitarnya."
Yeremia,22,"**Tema utama:** Perjanjian dengan Allah tentang perilaku dan perilaku manusia.

**Konteks:** pasal ini membahas tentang tanggung jawab dan perilaku manusia, terutama tentang tindakan yang dilakukan oleh Raja Yehuda dan keluarganya."
Yeremia,23,"**Tema utama:** Perjanjian antara TUHAN dan para nabi

**Konteks:** Perjanjian-perjanjian TUHAN dengan para nabi tentang perilaku dan tindakan mereka."
Yeremia,24,"1. Tuhan memperlihatkan dua keranjang buah ara, dengan satu berisi buah ara yang baik dan satu berisi buah ara yang jelek.
2. Tuhan menyatakan bahwa buah ara yang jelek tidak dapat dimakan karena jeleknya.
3. Tuhan memberifirman kepada Yeremia tentang buah ara dan bahwa buah ara yang baik itu sangat baik."
Yeremia,25,"**Tema utama:** Pengkhotbah tentang semesta alam dan pengudang terhadap orang-orang yang menolak semesta alam.

**Konteks:** Firman-firman Alkitab tentang semesta alam dan pengudang terhadap orang-orang yang menolak semesta alam."
Yeremia,26,"Tema utama pasal Alkitab ini adalah tentang hukuman dan penghenapan orang yang telah mencintai Allah. Konteksnya terkait dengan cerita tentang Yoyakim, anak Yosia raja Yehuda, dan perkataan-perkataan yang disampaikan oleh para imam, nabi, dan seluruh rakyat."
Yeremia,27,"Tema utama dari pasal Alkitab ini adalah tentang perintah-perintah Allah kepada orang-orang di Israel, termasuk tindakan-tindakan yang harus dilakukan oleh mereka untuk mencapai keselamatan. Konteksnya adalah tentang pengkepingan Allah terhadap bangsa Israel dan pengakuntasan mereka terhadap hukum Allah."
Yeremia,28,"**Tema utama:** Pengrestorasi ke tempat-tempat suci di Israel.

**Konteks:** pasal ini membahas tentang peristiwa-peristiwa yang terjadi di dalam dua tahun, di mana Raja Yehuda kembali ke tempat-tempat suci, termasuk rumah TUHAN di Jerusalem, dan juga tentang peristiwa-peristiwa setelah peristiwa tersebut."
Yeremia,29,"**Tema utama:** Pengkehidupan dan kejayaan orang-orang di Israel

**Konteks:**
* Surat Alkitab tentang perjalanan dan pengangguhan orang-orang ke dalam pembuangan.
* Perintah Allah untuk mencintai dan melindungi orang-orang yang telah diwarisi.
* Pengkehidupan yang penuh dengan tantangan dan tantangan, tetapi juga penuh dengan harapan dan semangat."
Yeremia,30,"**Tema utama:** Pengrestorasi keadaan umat-Ku Israel dan Yehuda melalui firman TUHAN.

**Konteks:** pasal ini membahas tentang kembali keadaan Israel dan Yehuda setelah peristiwa-peristiwa seperti pencerapan, pengorbanan, dan pencerapan. Firman TUHAN bertujuan untuk memulihkan keadaan yang terEducación dan terwibawa, serta untuk mengembalikan mereka ke negeri yang telah Kuberikan kepada nenek moyang mereka."
Yeremia,31,"**Tema utama:** Pengorikan terhadap kejayaan dan keselamatan bangsa Israel di dalam Alkitab.

**Konteks:**
* Perjanjian dengan bangsa Israel dan Yehuda.
* Pengorikan pada peristiwa-peristiwa penting di dalam Alkitab.
* Tujuan dan manfaat hidup manusia yang terbarukan di dalam Alkitab."
Yeremia,32,"**Tema utama:** Pengambilan keputusan dan tindakan berdasarkan firman-firman Allah.

**Konteks:**

* Firman-firman Allah berisi perintah dan aturan yang harus diwarisi oleh generasi-generasi setelah mereka.
* Pengambilan keputusan dan tindakan berdasarkan firman-firman Allah dapat mempengaruhi kelangungan hidup dan keselamatan orang-orang.
* Allah memberikan kekuatan dan kemampuan bagi orang-orang untuk memenuhi perintah-perintahnya."
Yeremia,33,"**Tema utama:** Perjanjian-perjanjian TUHAN terhadap kaum Israel dan kaum Yehuda

**Konteks:** pasal ini membahas tentang perjanjian-perjanjian TUHAN yang diterima oleh kaum Israel dan Yehuda, serta dampaknya terhadap keturunan mereka."
Yeremia,34,"**Tema utama:** Perjanjian antara TUHAN dan Israel

**Konteks:**
* Perjanjian antara TUHAN dan Israel
* Perjanjian yang dibuat oleh Zedekia, raja Yehuda
* Tujuan dari perjanjian ini, yaitu untuk meringkaskan orang-orang yang melanggar perjanjian"
Yeremia,35,"1. Firman dari TUHAN kepada Yeremia tentang penghajarannya ke rumah TUHAN.
2. Perintah Yonadab bin Rekhab untuk kaum orang Rekhab tidak diindahkan.
3. Firman TUHAN kepada Yeremia tentang kepadamnya terhadap perintah-perintah yang diberikan."
Yeremia,36,"**Tema utama:** Penghajaran perkataan dalam Alkitab

**Konteks:**
* Perhagiaan dan kejayaan bangsa Israel.
* Perjanjian dan tanggung jawab Tuhan.
* Kejahatan dan hukuman bagi orang yang melanggarakan hukum."
Yeremia,37,"**Tema utama:** Pengkejadian dan penangkapan nabi Yeremia oleh Raja Babel.

**Konteks:**
* Zedekia bin Yosia menjadi raja menggantikan Konya bin Yoyakim.
* Tuhan memberi perintah kepada nabi Yeremia untuk meminta petunjuk.
* Yeremia ditangkap dan dibawa ke pelataran penjagaan."
Yeremia,38,"**Tema utama:** Pengkejadian dan hukuman bagi orang-orang yang berusaha mencabut nyawa nabi Yeremia.

**Konteks:** pasal ini membahas tentang peristiwa pengkejadian orang-orang yang berusaha mencabut nyawa nabi Yeremia di istana raja Babel."
Yeremia,39,"**Tema utama:** Peng consiguientean peristiwa dalam sejarah Alkitab.

**Konteks:**
* Peristiwa-istiwa di dalam al-Quran menunjukkan hubungan yang kompleks antara satu sama lain.
* Tujuan penuntun sejarah Alkitab adalah untuk mengajarkan tentang perilaku manusia dan hubungan antara orang-orang.
* Sebuah peristiwa penting dalam sejarah Alkitab adalah peristiwa penangkapan dan penyabeanan Yeremia."
Yeremia,40,"Tema utama dari pasal Alkitab ini adalah tentang pengorangan dan pengelolaan orang-orang yang terampil di wilayah Babel. Konteksnya membahas tentang pengambilan keputusan, tindakan yang diambil, dan tanggung jawab yang terkait dengan orang-orang terampil."
Yeremia,41,"**Tema utama:** Pengduaan dan pengorangan orang-orang yang tersembunyi di Mizpa.

**Konteks:** pasal ini menunjukkan cerita tentang bagaimana Ismail bin Netanya membunuh Gedalya bin Ahikam dan mengorongkan orang-orang lain untuk membantunya."
Yeremia,42,"Tema utama dari pasal Alkitab ini adalah tentang panggilan dan perintah kepada orang-orang untuk berlisten dan mengikuti suara TUHAN, Allah kita. Konteksnya adalah tentang orang-orang yang berusaha untuk mencapai keselamatan dan hidup yang penuh dengan kesejahteraan."
Yeremia,43,"**Tema utama:** Pengkejadian dan pengorangan orang-orang di tanah Yehuda.

**Konteks:** pasal ini membahas tentang peristiwa-peristiwa penting yang terjadi di tanah Yehuda, termasuk pengkejadian orang-orang, pengorangan mereka, dan peristiwa-peristiwa setelah peristiwa tersebut."
Yeremia,44,"**Tema utama:** Kejahatan dan hukuman yang diterima oleh orang-orang Yehuda di tanah Mesir.

**Konteks:** Firman-firman Alkitab tentang peristiwa-peristiwa selama perjalanan Yehuda di tanah Mesir, serta dampaknya terhadap kehidupan mereka."
Yeremia,45,"**Tema utama:** Pengkhotbah tentang engkau dan penderitaan.

**Konteks:** pasal ini membahas tentang penolakan Barukh bin Neria terhadap kenyataan yang dia alami, serta tentang kekuatan dan ketekunan Allah dalam menghadapi tantangan."
Yeremia,46,"**Tema utama:** Peng escolhanya dan makna firman TUHAN tentang bangsa-bangsa.

**Konteks:** Firman TUHAN tentang datangnya berbagai raja dan pemimpin, termasuk Nebukadnezar, Raja Babel, dan Raja Yehuda, menunjukkan kekuatan dan kekecekan bangsa Israel."
Yeremia,47,"**Tema utama:** Pengkejadian orang Filistin oleh Allah.

**Konteks:** pasal ini membahas tentang peristiwa-peristiwa yang terjadi sebelum dan sesudah perang antara Israel dan Filistin."
Yeremia,48,"**Tema utama:** Kejahatan dan kekecekan di Moab

**Konteks:** pasal ini membahas tentang kekecekan dan penangkapan oleh para pahlawan Moab, serta dampaknya terhadap kehidupan mereka."
Yeremia,49,"**Tema utama:** Pengakut dan pembanjir terhadap orang-orang yang tidak selayaknya.

**Konteks:**
* Firman-firman Alkitab tentang pengakut dan pembanjir terhadap orang-orang yang tidak selayaknya.
* Pengakut dan pembanjir terhadap para pahlawan Edom.
* Pengakut terhadap para pemimpin yang tidak selayaknya."
Yeremia,50,"**Tema utama:** Pengakui dan menerima pembalasan Allah terhadap negara-negara terdistur

**Konteks:**

Pasal ini membahas tentang peristiwa penangkapan dan pembalasan oleh Allah terhadap negara-negara terdistur, termasuk Babel. Passal ini menunjukkan bahwa Allah memiliki kekuatan untuk mengubah keadaan dan menguraikan sejarah."
Yeremia,51,"**Tema utama:** Pengakui dan menerima pembalasan Allah terhadap kehidupan kita.

**Konteks:**

* Firman TUHAN tentang Babel menunjukkan bahwa Allah mengakui dan menerima pembalasan dari para manusia.
* Allah telah menciptakan seluruh dunia dengan kekuatan dan pengetahuan, dan manusia-manusia adalah bagian darinya.
* Pastikan kita menerima pembalasan yang kita dapatkan, dan jangan terjebak dalam kesalahpahaman dan kekecewaan."
Yeremia,52,"**Tema utama:** Pengjahatan dan pembanjir terhadap Yerusalem dan Yehuda

**Konteks:**
* Zedekia menjadi raja dan memerintah di Yerusalem selama dua puluh satu tahun.
* Ia melakukan apa yang jahat di mata TUHAN tepat seperti yang telah dilakukan Yoyakim.
* Babad-babad yang terjadi di Yerusalem dan Yehuda karena murka Tuhan."
Yesaya,1,"**Tema utama:** Pengelolaan dan tanggung jawab terhadap orang lain

**Konteks:** pasal ini membahas tentang orang-orang yang berdosa dan bersekongkol dengan pencuri, serta tentang tanggung jawab mereka terhadap orang lain."
Yesaya,2,"1. Firman Yehuda tentang Yehuda dan Yerusalem akan menjadi menjadi hakim antara bangsa.
2. Hari-hari terakhir, gunung tempat rumah TUHAN akan berdiri tegak di hulu gunung-gunung dan menjulang tinggi di atas bukit-bukit.
3. Orang-orang yang sombong akan direndahkan, dan orang yang angkuh akan direndek."
Yesaya,3,"**Tema utama:** Penghakimihan Allah terhadap bangsa-bangsa

**Konteks:** pasal ini membahas tentang tugas-tugas dan tanggung jawab Allah terhadap bangsa-bangsa, serta bagaimana Allah akan menghormati dan menghakimi mereka."
Yesaya,4,"**Tema utama:** Penghewanan dan kemuliaan di Yerusalem

**Konteks:** pasal ini membahas tentang peristiwa-peristiwa yang terjadi di Yerusalem selama zaman Prophet Muhammad, termasuk penghewanan, kemuliaan, dan penghapusan kekotoran."
Yesaya,5,"**Tema utama:** Kehidupan dan kepercayaan bangsa Israel di dalam perramuan.

**Konteks:** pasal ini membahas tentang keadaan dan kondisi masyarakat Israel di dalam perramuan, di mana mereka menghadapi tantangan dan tantangan yang menyebabkan mereka merasa terjebak dan terasing dari Allah."
Yesaya,6,"1. Alkitab menunjukkan tentang dua peristiwa: melihat Tuhan dan melihat Serafim.
2. Alkitab menjelaskan tentang bentuk tubuh dan fitur fisik Serafim, serta bagaimana mereka menutupi diri mereka.
3. Alkitab membahas tentang orang yang berseru dan bagaimana dia menerima keselamatan."
Yesaya,7,"1. Rezin maju ke Yerusalem untuk berperang melawan kota itu, namun mereka gagal mengalahkannya.
2. Ahas dan rakyatnya gemetar ketakutan saat diberitahukan bahwa Aram telah berkemah di wilayah Efraim.
3. Yesaya mendapat perintah untuk meninggalkan tempat yang jahat dan memilih yang baik."
Yesaya,8,"**Tema utama:** Peng revelation al-Quran tentang peristiwa-peristiwa penting di Israel.

**Konteks:** pasal ini membahas tentang peristiwa-peristiwa penting di dalam sejarah Israel, termasuk peng revelation al-Quran tentang hubungan antara manusia dan Allah, serta tentang peristiwa-peristiwa setelah kelahiran Jesus."
Yesaya,9,"**Tema utama:** Kehidupan di Israel setelah peristiwa-peristiwa di dalam Alkitab.

**Konteks:** pasal ini membahas tentang bagaimana kehidupan orang-orang di Israel setelah peristiwa-peristiwa seperti penangkapan oleh bangsa lain, kelahiran anak, dan peristiwa-peristiwa lainnya."
Yesaya,10,"**Tema utama:** Kejayaan dan kekecewaan dalam masyarakat

**Konteks:** pasal ini membahas tentang penghakimiyah Asyur terhadap bangsa-bangsa, dan bagaimana dia berusaha untuk merebut kembali kekayaan dan kesejahteraan bagi masyarakatnya."
Yesaya,11,"**Tema utama:** Penghakimihan TUHAN terhadap orang-orang lemah

**Konteks:** pasal ini membahas tentang tindakan-tindakan TUHAN terhadap orang-orang lemah, seperti anak-anak, orang-orang yang tertinggal di berbagai tempat, dan orang-orang yang terkuil di dalam negeri."
Yesaya,12,"**Tema utama:** Pengorikan diri kepada Allah

**Konteks:**

1. Pengkapan Engkau oleh Allah menunjukkan bahwa dia telah merapura diri dari dosa.
2. Pengkapan Allah menunjukkan bahwa dia telah menyelamatkannya dari bahaya.
3. Pengkapan air dari mata air keselamatan menunjukkan kekuatan Allah.
4. Pengkapan nama-nama Allah menunjukkan bahwa Allah adalah kekuatan dan pengorikan.
5. Pengkapan tindakan-tindakan Allah menunjukkan bahwa dia mulia dan dapat diwariskan.
6. Pengkapan orang-orang di Sion menunjukkan bahwa Allah adalah kekuatan dan pengorikan bagi semua orang."
Yesaya,13,"**Tema utama:** Pengkhotbah tentang keselamatan dan hukuman bagi orang-orang yang berdosa.

**Konteks:** pasal ini membahas tentang orang-orang yang akan terjudang dan diusir oleh Allah, serta hukuman yang akan diterima mereka."
Yesaya,14,"**Tema utama:** Peng escolhuran Israel oleh TUHAN dan dampaknya pada bangsa-bangsa lain.

**Konteks:**
* Perjalanan Yakub dan Israel ke tanah TUHAN.
* Kesakitan dan kegelisahan yang menyebabkan penundaan pekerjaan paksa.
* Pengangguhan ejekan tentang raja Babel.
* Penyamak orang-orang fasik dan pemberdayaan bangsa-bangsa.
* Penghiburan bumi dan penangkatan orang-orang yang terkurung."
Yesaya,15,"1. Ucapan ilahi tentang dua tempat, Moab dan Kir-Moab, menunjukkan bahwa orang-orang di wilayah tersebut mengalami peristiwa-peristiwa yang menjebak.
2. Puteri Dibon menunjukkan cerita tentang orang-orang yang berusaha mengatasi kesulitan dengan mencintai dan merindukan air.
3. Di jalan-jalan orang berlilitkan kain kabung, di atas sotoh dan di tanah-tanah lapang sekaliannya mertap, menunjukkan bahwa ada peristiwa-peristiwa yang menyebabkan banjir.
4. Hesybon dan Eleale meraung-raung, suara mereka kedengaran sampai ke Yahas, menunjukkan bahwa ada peristiwa-peristiwa yang menyebabkan bencana.
5. Aku berteriak karena Moab, pengungsi-pengungsi sudah sampai ke Zoar, menunjukkan bahwa ada peristiwa-peristiwa yang menyebabkan banjir.
6. Air di Nimrim menjadi kering dan tandus, menunjukkan bahwa ada peristiwa-peristiwa yang menyebabkan kekurangan air.
7. Semua harta yang mereka tumpuk dan segala yang mereka simpan mereka bawa ke seberang sungai Haarabim, menunjukkan bahwa ada peristiwa-peristiwa yang menyebabkan banjir.
8. Sungguh, teriak itu akan kedengaran di seluruh daerah Moab, menunjukkan bahwa ada peristiwa-peristiwa yang menyebabkan banjir.
9. Air Dibon telah penuh dengan darah, menunjukkan bahwa ada peristiwa-peristiwa yang menyebabkan banjir.
10. Sungguh, teriak itu akan kedengaran di seluruh daerah Moab, menunjukkan bahwa ada peristiwa-peristiwa yang menyebabkan banjir."
Yesaya,16,"1. Pengsendan anak domba kepada pemerintah negeri di Sela melalui padang gurun ke gunung puteri Sion.
2. Perjalanan anak-anak perempuan Moab di tempat-tempat penyeberangan sungai Arnon.
3. Pengkapan hukum dan pengelolaan orang-orang terbuang di Moab."
Yesaya,17,"**Tema utama:** Penghajaran dan pembanjir di Israel

**Konteks:** pasal ini membahas tentang peristiwa-peristiwa yang terjadi di Israel selama zaman sebelum dan setelah peristiwa-peristiwa Musa."
Yesaya,18,"**Tema utama:** Pengkehidupan di bumi

**Konteks:**
* Pengkehidupan di bumi merupakan topik yang luas dan beragam.
* Alkitab memberikan banyak informasi tentang kehidupan manusia dan alam.
* Pengkehidupan di bumi merupakan topik yang penting untuk dipahami."
Yesaya,19,"**Tema utama:** Pengakutungan dan pengorangan orang Mesir oleh TUHAN.

**Konteks:** pasal ini membahas tentang bagaimana TUHAN mengakutkan dan mengorangan orang Mesir untuk berperang dan melawan orang-orang lain, serta bagaimana mereka akan bertindak di kemudian hari."
Yesaya,20,"**Tema utama:** Pengeluaran dan penangkapan orang-orang yang akan diselamatkan dari raja Asyur.

**Konteks:** pasal ini membahas tentang peristiwa-peristiwa di Asdod di mana orang-orang akan tersekut dari raja Asyur."
Yesaya,21,"**Tema utama:** Pengkejadian dan kekecewaan manusia

**Konteks:** pasal Alkitab yang disorotkan tentang pengalaman orang-orang yang mengalami kekecewaan dan pencerungan."
Yesaya,22,"Tema utama dari pasal Alkitab tersebut adalah tentang pengorotasi dan penuntangan orang-orang di ""lembah penglihatan"". Konteksnya terkait dengan peristiwa-peristiwa di dalam Alkitab, seperti pengorotasi orang-orang di kota-kota, perang, dan peristiwa-peristiwa di Yerusalem."
Yesaya,23,"**Tema utama:** Pengelolaan dan kesejahteraan kota Tirus.

**Konteks:** pasal ini membahas tentang kondisi kota Tirus, yang sudah rusak dan ditinggalkan oleh orang-orang, dan bagaimana masyarakat berusaha untuk membuatnya hidup kembali."
Yesaya,24,"**Tema utama:** Pengkanangan dan hukuman bagi orang-orang di bumi.

**Konteks:** pasal ini membahas tentang bagaimana TUHAN akan menanduskan bumi dan menghancurkannya, serta bagaimana hukuman akan diterima oleh orang-orang di bumi."
Yesaya,25,"1. Ya TUHAN, Engkaulah Allahku, dan aku ingin meninggikan Engkau, menyanyikan syukur bagi nama-Mu.
2. Kota itu menjadi timbunan batu, dan kota yang berkubu itu menjadi reruntuhan, purifier orang luar tidak lagi menjadi kota, dan tidak dibangunkan lagi untuk selama-lamanya.
3. Sebuah bangsa kuat akan memuliakan Engkau, kota bangsa-bangsa yang gagah akan takut kepada-Mu."
Yesaya,26,"**Tema utama:** Penghajaran dan keselamatan

**Konteks:** pasal ini membahas tentang orang-orang yang berusaha mencari keselamatan dan penghakiman di tanah Yehuda."
Yesaya,27,"1. Peluang-peluang yang disediakan oleh TUHAN untuk Israel terreduksi oleh hukuman yang ketat.
2. Allah menyertai dan mengaji orang-orang dengan pedang-pedang yang besar dan kuat.
3. Allah menjaga dan melindungi Israel dengan kekuatan dan ketekunan."
Yesaya,28,"Tema utama dari pasal Alkitab tersebut adalah tentang makna dan makna hidup manusia. Konteksnya membahas tentang pencerahan, pengorbanan, dan hubungan manusia dengan Tuhan."
Yesaya,29,"1. Perayaan-perayaan yang berganti di kota tempat Daud berkemah, seperti perapian, yang meringkas engkau dan mendirikan pagar-pagar pengepungan.


2. Engkau akan merendahkan diri dan bersuara dari dalam tanah, perkataan yang kedengaran samar-samar dari dalam debu.


3. Orang-orang yang gagah sombong akan menjadi seperti sekam yang melintas terbang.


4. Engkau akan melihat kedatangan TUHAN semesta alam dalam guntur, gempa dan suara hebat, dalam puting beliung dan badai dan dalam nyala api yang memakan habis.


5. Perayaan-perayaan yang berganti di kota tempat Daud berkemah, seperti perapian, yang meringkas engkau dan mendirikan pagar-pagar pengepungan."
Yesaya,30,"1. Celakalah anak-anak pemberontak, dan perlindungan Firaun akan memalukan mereka.


2. Ucapan ilahi tentang binatang-binatang di Tanah Negeb mengantarkan mereka untuk bertobat dan tinggal diam.


3. Pertakat yang dilakukan oleh orang-orang pemberontak menunjukkan bahwa mereka bukan orang-orang yang sempurna."
Yesaya,31,"1. Orang-orang yang percaya kepada keretanya dan pasukan berkuda yang besar jumlahnya, tetapi tidak memandang kepada Yang Mahakudus, Allah Israel, dan TUHAN, akan mengalami malapetaka.
2. Tuhan akan datang dengan kekuatan yang besar dan menunda para penjahat, serta melawan bala bantuan orang-orang lalim.
3. Orang Mesir adalah manusia, bukan Allah, dan mereka akan mengalami peristiwa-peristiwa yang menuntun mereka untuk menjadi orang rodi.
4. Tuhan semesta alam akan turun berperang untuk mempertahankan gunung Sion dan bukitnya.
5. Tuhan semesta alam akan melindungi Yerusalem, memeliharanya dan menjauhkan celaka.
6. Hai orang Israel, kepada Dia yang sudah kamu tinggalkan jauh-jauh, akan membuang berhala-berhala peraknya dan berhala-berhala emasnya yang dibuat oleh tanganmu sendiri dengan penuh dosa.
7. Asyur akan rebah oleh pedang, tetapi bukan pedang orang, dan akan dimakan habis oleh pedang, tetapi bukan pedang manusia.
8. Asyur akan teruna-terunanya menjadi orang rodi.
9. Pelindung mereka akan lenyap karena gentar, dan panglimanya akan lari terkejut meninggalkan panji-panji.
10. Firman TUHAN yang mempunyai api di Sion dan dapur perapian di Yerusalem akan mendorong orang-orang untuk bertolak dari tempat mereka."
Yesaya,32,"**Tema utama:** Pengyakunan dan kebenaran dalam kehidupan

**Konteks:** pasal ini membahas tentang bagaimana kebenaran dan keadilan memainkan peran penting dalam memastikan kesejahteraan dan keamanan bagi semua orang, serta bagaimana kepercayaan dan kearifan dapat mendorong perilaku yang baik dan menciptakan kesejahteraan bagi semua."
Yesaya,33,"**Tema utama:** Kejahatan dan keselamatan

**Konteks:** pasal ini membahas tentang berbagai topik terkait dengan kejahatan dan keselamatan, termasuk pengorangan, pengelolaan, dan tanggung jawab."
Yesaya,34,"**Tema utama:** Penghajaran dan pembantai manusia

**Konteks:**
* Penghajaran orang-orang yang mati dan pembantai mereka.
* Penghajaran orang-orang yang terbunuh.
* Penghajaran manusia di dalam negeri."
Yesaya,35,"**Tema utama:** Pengketakan dan penangkuhan kekuatan dalam hidup

**Konteks:** pasal ini membahas tentang kekuatan Allah, penangkuhan, dan penuntun manusia untuk mencapai tujuannya."
Yesaya,36,"1. Raja Asyur menyerang Sanherib dan merebutnya.
2. Raja Asyur mengirim juru minuman agung untuk mengomunikasikan rencana.
3. Elyakim, Sebna, dan Yoah memberi pernyataan kepada Hizkia."
Yesaya,37,"**Tema utama:** Pengkhotani dan penangkalan oleh Allah

**Konteks:**
* Perita Alkitab tentang perjalanan Hizkia dan Yesaya bin Amos.
* Pengkhotani Allah terhadap Raja Asyur dan penangkalnya.
* Pengkhotani Allah terhadap Raja Yehuda."
Yesaya,38,"**Tema utama:** Penghajaran dan keselamatan jiwa

**Konteks:** pasal ini membahas tentang pengalaman Hizkia, seorang penyamak, tentang peristiwa-peristiwa terakhirnya dan pesan-pesan terakhirnya kepada Tuhan."
Yesaya,39,"**Tema utama:** Pengnuansa pesan dalam Alkitab tentang barang dan harta yang diterima oleh orang-orang di istana raja Babel.

**Konteks:** pasal ini membahas tentang hadiah dan pemberian yang diterima oleh Hizkia dari raja Babel, serta pesan yang disampaikan oleh Yesaya tentang barang dan harta yang akan diterima oleh orang-orang di istana tersebut di kemudian hari."
Yesaya,40,"**Tema utama:** Penghagiaan dan keselamatan jiwa

**Konteks:** pasal ini membahas tentang penghagiaan dan keselamatan jiwa, dan bagaimana Allah dapat membantu orang-orang untuk mencapai penghagiaan."
Yesaya,41,"**Tema utama:** Pengiklanan dan kekecekan orang-orang yang bangkit dari masa lalu.

**Konteks:** pasal ini membahas tentang pengalaman orang-orang yang telah menjadi penyamak, seperti Abraham, dan bagaimana mereka berusaha untuk menyertai kembali ke tanah mereka."
Yesaya,42,"**Tema utama:** Pengkehidupan dan tanggung jawab manusia

**Konteks:** pasal ini membahas tentang tanggung jawab dan ketakutan Allah terhadap orang-orang yang percaya pada patung dan yang terEjemplosnya di dalam naskah."
Yesaya,43,"**Tema utama:** Pengenalan dan Penyalasan Rahasia

**Konteks:** pasal ini membahas tentang hubungan antara Allah dan manusia, dan bagaimana Allah mengasihi dan merayakan manusia dengan memberikan mereka peluang untuk mencapai keselamatan."
Yesaya,44,"**Tema utama:** Pengorikan dan pembersihan dosa pemberontakan

**Konteks:** pasal ini membahas tentang pengorongan dosa pemberontakan dan pemberkatan kembali ke jalan yang terlupa oleh orang-orang."
Yesaya,45,"**Tema utama:** Peng revelation dan keselamatan

**Konteks:** pasal ini membahas tentang Allah's wahyu yang terEducación dan menitikberatkan pada manusia. Allah memberi perintah kepada manusia untuk hidup dengan prinsip-prinsip yang tercantum dalam firman-firmannya."
Yesaya,46,"1. Dewa-dewa tersederhana dan ditundukkan, dan mereka sendiri harus pergi sebagai tawanan.
2. Orang-orang pemberontak dan yang masih hidup harus pergi sebagai tawanan.
3. Aku telah mengatakan dan rencana tentang keselamatan Israel, dan aku akan melaksanakannya."
Yesaya,47,"**Tema utama:** Pengeluaran dan penolakan oleh Allah

**Konteks:** pasal ini membahas tentang perilaku dan sikap yang tidak tepat dari orang-orang yang hidup di dalam Islam, termasuk perilaku yang bersifat tersembunyi, tersembunyi, dan tercuriga."
Yesaya,48,"**Tema utama:** Pengkhotbah tentang kejayaan dan kekecewaan

**Konteks:** pasal ini membahas tentang perjalanan Yakub dan Israel di dalam perjanjian Alkitab, di mana Yakub menerima perintah dari TUHAN untuk menamai anak-anaknya."
Yesaya,49,"**Tema utama:** Pengorikan diri pada Allah dan mencintai-cintai Allah.

**Konteks:** pasal ini membahas tentang hubungan antara Allah dan Israel, dan bagaimana Allah ingin mencintai Israel dengan memberi mereka keselamatan dan perlindungan."
Yesaya,50,"1. Beginilah firman TUHAN tentang kesalahan dan pengusiran.
2. Mengapa ketika Aku datang tidak ada orang, dan ketika Aku memanggil tidak ada yang menjawab, menunjukkan kekuatan dan ketekunan Allah.
3. Aku mengenakan pakaian kelam kepada langit dan menyelimutinya dengan kain kabung menunjukkan kekuatan Allah dalam menciptakan dan mengelola alam.
4. Perkataan aku untuk memberi semangat baru kepada orang letih lesu menunjukkan kekuatan Allah dalam memberi kekuatan dan semangat kepada orang lain.
5. Allah membuka telingaku dan aku tidak memberontak, menunjukkan kekuatan dan ketekunan Allah.
6. Aku memberi punggungku kepada orang yang memukul aku, dan pipiku kepada orang yang mencabut janggutku menunjukkan kekuatan Allah dalam melindungi dan melindungi.
7. Allah menolong aku karena aku tidak mendapat noda, menunjukkan kekuatan Allah dalam mengatasi tantangan dan melindungi diri dari dosa.
8. Siapakah yang berani berbantah dengan aku? Marilah kita tampil bersama-sama menunjukkan kekuatan dan ketekunan Allah.
9. Sesungguhnya, Tuhan ALLAH menolong aku, menunjukkan kekuatan Allah dalam melindungi diri dari dosa.
10. Sesungguhnya, siapa di antaramu yang takut akan TUHAN dan mendengarkan suara hamba-Nya? Marilah kita percaya kepada nama TUHAN dan bersandar kepada Allahnya.
11. Sesungguhnya, kamu semua yang menyalakan api dan yang memasang panah-panah api, masuklah ke dalam nyala apimu, dan ke tengah-tengah panah-panah api yang telah kamu pasang! Oleh tangan-Kulah hal itu akan terjadi atasmu; kamu akan berbaring di tempat siksaan."
Yesaya,51,"**Tema utama:** Pengkehidupan dan keselamatan manusia

**Konteks:** pasal ini membahas tentang pengalaman orang-orang dalam hidup mereka, terutama tentang keselamatan dan perlindungan dari Allah."
Yesaya,52,"**Tema utama:** Pengakutungan dan pengorangan diri terhadap Allah

**Konteks:** pasal ini membahas tentang perilaku dan sikap yang harus dilakukan oleh orang-orang saat mereka menerima pesan atau perintah dari Allah."
Yesaya,53,"1. Siapakah yang percaya kepada berita yang kami dengar, dan kepada siapa tangan kekuasaan TUHAN dinyatakan?


2. Sebagai taruk ia tumbuh di hadapan TUHAN dan sebagai tunas dari tanah kering, ia tidak tampan dan semaraknyapun tidak ada sehingga kita memandang dia, dan rupapun tidak, sehingga kita menginginkannya.


3. Ia dihina dan dihindari orang, seorang yang penuh kesengsaraan dan yang biasa menderita kesakitan; ia sangat dihina, sehingga orang menutup mukanya terhadap dia dan bagi kitapun dia tidak masuk hitungan."
Yesaya,54,"1. Bersorak-sorailah, hai si mandul yang tidak pernah melahirkan, memekiklah dan mecurigainya dengan sorak-sorai.
2. Lapangkanlah tempat kemahmu, janganlah menghemat, dan pancangkanlah kokoh-kokoh patok-patokmu.
3. Engkau akan mengembang ke kanan dan ke kiri, keturunanmu akan memperoleh tempat bangsa-bangsa, dan akan mendiami kota-kota yang sunyi."
Yesaya,55,"1. Penyalakan air dan makanan untuk orang-orang yang tidak memiliki uang.
2. Pengeluaran dan upah jerih payah untuk sesuatu yang bukan makanan.
3. Pengikatan perjanjian abadi dengan orang, menurut kasih setia yang teguh.
4. Pengangguhan bangsa-bangsa sebagai saksi bagi Allah.
5. Pengkaman bangsa yang tidak dikenal oleh Allah.
6. Berserulah kepada-Nya selama Ia dekat.
7. Kembali kepada TUHAN, maka Dia akan mengasihaninya.
8. Firman TUHAN bukan rancanganmu, dan jalanmu bukan jalan-Ku.
9. Tingginya jalan-Ku dari jalanmu dan rancangan-Ku dari rancanganmu.
10. Pernah seperti hujan dan salju turun dari langit, namun kembali ke situ.
11. Firman-Ku yang keluar dari mulut-Ku akan melaksanakan apa yang Kukehendaki.
12. Pengarahan dengan sukar dan keamanan.
13. Pengplantan pohon sanobar, murad, dan kemasyhuran bagi Allah."
Yesaya,56,"**Tema utama:** Pengkategorisasi orang-orang berdasarkan perilaku dan tindakan mereka terhadap hari Sabat.

**Konteks:** pasal ini membahas tentang orang-orang yang memelihara hari Sabat dan tidak menajiskannya, serta orang-orang yang menggabungkan diri mereka kepada TUHAN untuk melayani Dia."
Yesaya,57,"**Tema utama:** Pengelolaan dan tanggung jawab terhadap orang lain

**Konteks:** pasal ini membahas tentang perilaku dan tanggung jawab seseorang terhadap orang lain, serta tentang bagaimana orang dapat mencapai keselamatan dan kesejahteraan dengan mengikuti perintah Allah."
Yesaya,58,"1. Serukanlah kekuatan-kekuatan, janganlah tahan-tahan!
2. Mencari Aku dan mencintai-cintai, mereka menanyakan hukum-hukum yang benar.
3. Engkau berpuasa dan mendesak-desak semua buruhmu, meskipun engkau masih mengurus urusanmu.
4. Engkau berpuasa sambil berbantah dan berkelahi, dan suaramu tidak didengar di tempat tinggi.
5. Berpuasa yang Kukehendaki, ialah supaya engkau membuka belenggu-belenggu kelaliman, dan melepaskan tali-tali kuk."
Yesaya,59,"1. Handalan TUHAN tidak kurang panjang untuk menyelamat, dan pendengaran-Nya tidak kurang tajam untuk mendengar.
2. Pemisah antara kita dan Allah adalah segala kejahatanmu, dan yang membuat Dia menyembunyikan diri terhadap kita, sehingga Ia tidak mendengar, ialah segala dosamu.
3. Perbuatan yang dilakukan orang-orang dengan darah dan jarimu oleh kejahatan, dan rancangan mereka yang bersifat kelaliman, menunjukkan bahwa mereka berusaha untuk mencapai tujuan yang tidak benar."
Yesaya,60,"Tema utama dari pasal Alkitab ini adalah tentang kejayaan dan kemuliaan yang diterima oleh orang-orang yang berakhi pada Allah. Konteksnya terkait dengan peristiwa-peristiwa di dalam Alkitab, seperti penangkatan cahaya, kegelapan bumi, dan pengangkatan orang-orang."
Yesaya,61,"**Tema utama:** Pengkehidupan dan peran manusia di dalam Islam.

**Konteks:** pasal ini membahas tentang tujuan hidup manusia, termasuk tugas-tugas sosial, spiritual, dan hukum yang harus dilakukan oleh manusia."
Yesaya,62,"1. Alkitab menyatakan bahwa kebenaran dan keselamatan seseorang akan terwibawa oleh Allah.
2. Alkitab menjelaskan bahwa Allah akan menjadikan bangsa-bangsa sebagai tempat yang indah dan suci.
3. Alkitab menyatakan bahwa Allah akan menjadikan engkau sebagai mahkota keagungan di tangan TUHAN.
4. Alkitab menjelaskan bahwa Allah akan memberi nama baru kepada setiap orang yang menjadi suamimu.
5. Alkitab menyatakan bahwa Allah akan menjadikan orang-orang yang menjadi upah jerih payah-Nya sebagai tempat yang indah.
6. Alkitab menjelaskan bahwa Allah akan menjadikan pengintai-pengintai di Yerusalem sebagai tempat yang suci.
7. Alkitab menyatakan bahwa Allah akan menjadikan Yerusalem dan semua tempat lainnya menjadi tempat yang suci.
8. Alkitab menjelaskan bahwa Allah tidak akan memberi makanan dan air kepada musuh-musuh.
9. Alkitab menyatakan bahwa Allah akan menjadikan orang-orang yang menuai makanan dan air sebagai tempat yang suci.
10. Alkitab menjelaskan bahwa Allah akan menjadikan pintu-pintu gerbang sebagai tempat yang indah bagi bangsa-bangsa.
11. Alkitab menyatakan bahwa Allah akan menjadikan keselamatan bagi Sion dan semua orang lain di bumi.
12. Alkitab menjelaskan bahwa Allah akan menjadikan orang-orang yang menjadi upah jerih payah-Nya sebagai tempat yang suci."
Yesaya,63,"1. Penghajar dari Edom datang untuk menyelamatkan orang-orang yang terjebak di murka-Ku.


2. Pakaian-Mu semerah dan baju-Mu seperti pakaian pengirik buah anggur.


3. Aku seorang dirilah yang melakukan pengirikan, dan dari antara umat-Ku tidak ada yang menemani Aku!"
Yesaya,64,"**Tema utama:** Pengkategorian orang-orang dalam Alkitab berdasarkan perilaku dan dosa mereka.

**Konteks:** pasal ini membahas tentang orang-orang yang dianggap suci dan apa yang mereka lakukan untuk mendapatkan dirkan oleh Tuhan."
Yesaya,65,"Tema utama dari pasal Alkitab tersebut adalah tentang tentang hubungan antara manusia dan Tuhan, serta tentang tanggung jawab dan hukuman yang diberikan oleh Tuhan kepada manusia. Konteksnya adalah tentang orang-orang yang meninggalkan TUHAN dan menuntut pedang, pembaruan, dan hukuman."
Yesaya,66,"**Tema utama:** Kehidupan dan kejayaan manusia

**Konteks:** pasal ini membahas tentang makna dan peran Allah dalam hidup dan sejarah manusia."
Yoel,1,"**Tema utama:** Penglegend tentang kehidupan dan sejarah orang-orang suci.

**Konteks:** pasal ini membahas tentang kisah-kisah tentang kehidupan dan sacrificed orang-orang suci di dalam sejarah, serta tentang simbol-simbol yang mewakili kekuatan dan kekuatan mereka."
Yoel,2,"**Tema utama:** Pengkehidupan dan keselamatan manusia di dalam Islam.

**Konteks:** pasal ini membahas tentang berbagai topik, termasuk pengkehidupan manusia setelah hari-hari terbarukan, pengorangan dan pembaruan, serta keselamatan dan kejayaan."
Yoel,3,"**Tema utama:** Pengobatan dan pembaruan bangsa-bangsa di tanah Israel.

**Konteks:** pasal ini membahas tentang perjalanan kembali bangsa-bangsa ke tanah Israel dan pengobatan mereka di tempat-tempat tersembunyi."
Yohanes,1,"**Tema utama:** Kejadian dan Pengorbanan

**Konteks:** pasal ini membahas tentang peristiwa-peristiwa penting dalam kehidupan Jesus dan bagaimana mereka terkait dengan kejadian."
Yohanes,2,"**Tema utama:** Perjanjian antara Jesus dan Maria di Kana

**Konteks:** Perjanjian ini membahas tentang perjanjian antara Jesus dan Maria, di mana Maria menyatakan bahwa dia telah kekurangan anggur, dan Jesus menjawab bahwa dia harus engkau dari pada-Nya."
Yohanes,3,"**Tema utama:** Pengenalan tentang kelahiran kembali dan kesaksian

**Konteks:** pasal ini membahas tentang kelahiran kembali dan kesaksian, dua topik penting dalam agama Yahudi."
Yohanes,4,"**Tema utama:** Perjanjian antara Jesus dan perempuan Samaria

**Konteks:** Perjanjian ini membahas tentang peristiwa yang terjadi di Galilea, di mana Jesus datang untuk menyembah dan menyelamat seorang anak yang hampir mati. Perjanjian ini menunjukkan bahwa Allah memiliki rencana dan tujuan yang lebih besar dari yang terlihat, dan bahwa dia berusaha untuk menyelamat semua orang yang bersemangat kepadanya."
Yohanes,5,"**Tema utama:** Kehidupan dan peran Allah dalam hidup manusia

**Konteks:** pasal ini membahas tentang hari Sabat dan bagaimana orang-orang Yahudi berusaha menganiaya Yesus, meskipun Ia telah menyembuhkan mereka."
Yohanes,6,"1. Sesudah Yesus berangkat ke Galilea, orang banyak berbondong-bondong mengikuti Dia karena mereka melihat mujizat-mujizat penyembuhan.


2. Filipus menjawab pertanyaan tentang roti yang akan mereka makan, dan jawabannya adalah dua ratus dinar tidak cukup untuk mereka.


3. Andreas dan Simon Petrus menemukan roti dan membagi-bagikannya kepada mereka yang duduk di situ, sebanyak yang mereka kehendaki."
Yohanes,7,"**Tema utama:** Pengeluaran dan hubungan antara peristiwa-peristiwa dalam kehidupan Jesus.

**Konteks:** pasal ini membahas tentang peristiwa-peristiwa penting dalam kehidupan Jesus, termasuk pengeluaran yang dilakukan oleh orang-orang Yahudi, serta pesan-pesan yang disampaikan oleh Jesus tentang hubungannya dengan Allah."
Yohanes,8,"**Tema utama:** Kejadian dan Kehidupan setelah kematian Jesus

**Konteks:**

* Jesus pergi ke bukit Zaitun dan mengajar orang-orang tentang hukum Taurat.
* Orang-orang Farisi membawa kepada-Nya seorang perempuan yang tertangkap basah ketika ia sedang berbuat zinah.
* Jesus membentangkan perempuan itu di tengah-tengah lalu berkata kepada mereka: ""Barangsiapa di antara kamu tidak berdosa, hendaklah ia yang pertama melemparkan batu kepada perempuan itu."""
Yohanes,9,"**Tema utama:** Kejadian dan Pencerapan

**Konteks:** pasal Alkitab ini membahas tentang seorang yang lahir buta dan bagaimana dia dapat melihat setelah dia lahir."
Yohanes,10,"**Tema utama:** Pengkehidupan dan peran Allah dalam hidup manusia.

**Konteks:** pasal ini membahas tentang orang-orang yang datang sebelum dan setelah Yesus, dan bagaimana mereka berusaha untuk menemukan makna dan tujuan hidup mereka."
Yohanes,11,"**Tema utama:** Kehidupan dan kematian Jesus

**Konteks:** pasal ini membahas tentang kehidupan dan kematian seorang saudara Jesus, Lazarus, dan tentang pesan-pesan yang disampaikan oleh Jesus kepada paramurid-Nya."
Yohanes,12,"**Tema utama:** Kejadian dan Pengorbanan Jesus

**Konteks:** pasal ini membahas tentang peristiwa-peristiwa yang terjadi sebelum dan setelah Paskah Yesus datang ke Betania. Selain itu, ia juga membahas tentang makna dan simbolisme perjamuan dan pengorbanan Jesus."
Yohanes,13,"**Tema utama:** Pengakhiran dan kepenalan Allah

**Konteks:** pasal ini membahas tentang peristiwa-peristiwa terakhir sebelum hari raya Paskah, di mana Yesus mengasihi para murid-murid-Nya dan menyerahkan segala sesuatu kepada-Nya."
Yohanes,14,"**Tema utama:** Kehidupan dan peran Allah dalam hidup manusia.

**Konteks:** pasal ini membahas tentang hubungan antara manusia dan Allah, serta peran Allah dalam membantu manusia untuk mencapai tujuan hidup mereka."
Yohanes,15,"1. Alkitab menyatakan bahwa kita harus hidup seperti pokok anggur dan berbisiklah dengan kekuatan yang terampil.
2. Alkitab menyatakan bahwa kita harus hidup dengan tujuan dan semangat yang terampil.
3. Alkitab menyatakan bahwa kita harus hidup dengan penuh kasih dan pujian terhadap Allah.
4. Alkitab menyatakan bahwa kita harus hidup dengan penuh kasih dan pujian terhadap satu sama lain.
5. Alkitab menyatakan bahwa kita harus hidup dengan penuh kasih dan pujian terhadap Allah."
Yohanes,16,"1. Semuanya ini Kukatakan kepadamu, supaya kamu jangan kecewa dan menolak Aku.
2. Mereka akan berbuat demikian, karena mereka tidak mengenal baik Bapa maupun Aku.
3. Aku datang dari Bapa dan Aku datang ke dalam dunia; Aku meninggalkan dunia pula dan pergi kepada Bapa.
4. Kata-kata kepadamu yang kita terima dari Allah, akan diberikan-Nya kepadamu dalam nama-Ku.
5. Aku akan berdoa dalam nama-Ku."
Yohanes,17,"**Tema utama:** Pengorikan dan kemahagian Allah dalam kehidupan manusia.

**Konteks:** pasal ini membahas tentang Allah's kekuatan dan kehadiran, serta tentang hubungan antara Allah dan manusia."
Yohanes,18,"**Tema utama:** Pengkehidupan dan peran Jesus di dalam Alkitab

**Konteks:**

* Pengkehidupan Jesus sebagai seorang Mesias yang datang untuk menyelamatkan orang-orang dari dosa dan kematian.
* Perjalanan Jesus ke Kidron dan tempat- tempat penting di dalam Alkitab.
* Dialog antara Jesus dan Yudas, yang membahas tentang tempat dan waktu peristiwa-peristiwa dalam kehidupan Jesus."
Yohanes,19,"**Tema utama:** Pengkanangan dan penyamakan Jesus dalam Alkitab

**Konteks:**
Alkitab menunjukkan peristiwa-peristiwa di mana Jesus dicintai dan disalibkan oleh orang-orang Yahudi. Konteks ini menunjukkan bahwa Jesus bukanlah manusia biasa, melainkan seorang yang penuh dengan kekuatan dan keselamatan."
Yohanes,20,Tema utama dari pasal Alkitab ini adalah tentang peristiwa-peristiwa di kubur Maria Magdalena dan peristiwa-peristiwa di kubur Simon Petrus. Konteksnya adalah tentang orang-orang yang berusaha menemukan Jesús dan bagaimana mereka menemukannya.
Yohanes,21,"Tema utama pasal Alkitab ini adalah tentang peristiwa-peristiwa yang terjadi di pantai Tiberias, dan konteksnya terkait dengan kehidupan dan keselamatan Jesus.

Pada bagian pertama, Jesus menampakkan diri lagi kepada murid-murid-Nya di pantai Tiberias.

Pada bagian kedua, Simon Petrus menemukan dan mengangguj beberapa ikan di perahu, namun mereka tidak dapat menariknya kembali karena banyak ikan.

Pada bagian ketiga, Jesus memberi pakaian kepada Simon Petrus dan ikan kepada beberapa orang lainnya, termasuk beberapa anak-anak."
Yosua,1,"**Tema utama:** Pengkejadian dan kepedulian Allah terhadap bangsa Israel

**Konteks:** pasal ini membahas tentang perintah-perintah Allah kepada Musa dan Yosua bin Nun, yang berisi pesan tentang pengkejadian bangsa Israel dan kepedulian Allah terhadap mereka."
Yosua,2,"1. Yosua bin Nun menjembatani dua orang pengintai dan sampailah mereka ke rumah seorang perempuan sundal bernama Rahab.


2. Raja Yerikho menyuruh orang kepada Rahab untuk menyelidik negeri ini.


3. Perempuan itu telah membawa dan menyembunyikan kedua orang itu dan kemudian keluar dari rumahnya."
Yosua,3,"**Tema utama:** Pengkejadian Al-Quran tentang perjalanan dan tindakan-tindakan Allah

**Konteks:** pasal ini membahas tentang perjalanan dan tindakan-tindakan Allah yang dilakukan pada beberapa hari setelah peristiwa-peristiwa penting seperti Tabut Perjanjian dan peristiwa-peristiwa lainnya di dalam Al-Quran."
Yosua,4,"**Tema utama:** Pengkehidupan dan tugas para imam pengangkat tabut hukum Allah di Israel.

**Konteks:** pasal ini membahas tentang ritual pengangkatan tabut hukum Allah di Israel, di mana para imam membawa dua belas batu dari tengah-tengah sungai Yordan dan meletakkannya di tempat yang telah ditentukan. Ritual ini bertujuan untuk menunjukkan kekuatan Allah dan untuk memberi tanda di tengah-tengah bangsa Israel."
Yosua,5,"**Tema utama:** Pengeluaran air sungai Yordan oleh orang Israel.

**Konteks:** pasal ini membahas tentang bagaimana air sungai Yordan tereringkan oleh orang Israel dan bagaimana peristiwa-peristiwa setelahnya."
Yosua,6,"**Tema utama:** Pengelolaan kota Yerikho oleh Yosua

**Konteks:** Yosua memimpin pasukannya untuk membangun kembali kota Yerikho, yang telah diwarisi oleh orang Israel."
Yosua,7,"**Tema utama:** Pengambilan barang-barang khusus oleh orang Israel yang menyebabkan kejatuhan mereka terhadap Allah.

**Konteks:** pasal ini membahas tentang tindakan-tindakan orang Israel yang mengubah statusnya menjadi terjebak di antara orang Amori."
Yosua,8,"**Tema utama:** Pengambilan keputusan dan tindakan yang dilakukan oleh Yosua terhadap penduduk kota Ai.

**Konteks:** Yosua berusaha untuk menyelamatkan kota Ai dari orang Israel dan melindungi penduduknya dari perang. Namun, tindakan-tindakannya menimbulkan pertanyaan dan menimbulkan tantangan baru."
Yosua,9,"Tema utama pasal Alkitab ini adalah tentang hubungan antara orang-orang Israel dan Raja Het. Konteksnya adalah ketika Raja Het datang ke Pegunungan, di daerah Bukit, dan sepanjang tepi pantai Laut Besar, dan bertemu dengan orang-orang Israel."
Yosua,10,"**Tema utama:** Pengakui dan menjebak orang Israel

**Konteks:**
* Alkitabsistors tentang peristiwa-peristiwa penting di dalam sejarah Israel.
* Tujuan penulisan adalah untuk menunjukkan makna dan pesan dari peristiwa-peristiwa tersebut."
Yosua,11,Tema utama dari pasal Alkitab tersebut adalah tentang peristiwa-peristiwa yang terjadi di Israel selama zaman Raja Israel. Konteksnya adalah tentang bagaimana Allah menyerahkan orang-orang Israel kepada Raja Israel dan bagaimana mereka teralahkan oleh orang Israel.
Yosua,12,"**Tema utama:** Pengikutan peristiwa dalam Alkitab tentang penanggalan Israel oleh orang-orang lain.

**Konteks:** pasal ini membahas tentang perjalanan Raja Sihon, Raja Basan, Raja Musa, Raja Yerikho, Raja Ai, Raja Yerusalem, Raja Hebron, Raja Yarmut, Raja Lakhis, Raja Eglon, Raja Gezer, Raja Debir, Raja Geder, Raja Horma, Raja Arad, Raja Libna, Raja Adulam, Raja Tapuah, Raja Hefer, Raja Afek, Raja Lasaron, Raja Madon, Raja Hazor, Raja Simron Meron, Raja Akhsaf, Raja Taanakh, Raja Megido, Raja Kedesh, Raja Yokneam, Raja Dor, Raja Goyim, Raja Tirza."
Yosua,13,"**Tema utama:** Pengdivisi tanah di Israel

**Konteks:** pasal ini membahas tentang pengdivisi tanah di Israel antara suku Manasse dan suku Israel."
Yosua,14,"**Tema utama:** PengDistribución Kemanusiaan Allah di Israel

**Konteks:** pasal ini membahas tentang perjalanan Musa dan para pemimpin lain di Israel, serta bagaimana mereka memperoleh dan berbagi kemanusiaan Allah dengan orang-orang lain."
Yosua,15,"**Tema utama:** Peng boundary wilayah suku bani Yehuda di tanah Israel.

**Konteks:** pasal ini membahas tentang batas wilayah yang terdefinisi oleh kaum-kaum Yehuda, serta bagaimana orang-orang yang memasuki atau keluar dari wilayah tersebut."
Yosua,16,"Tema utama dari pasal Alkitab ini adalah perjalanan dan pengangkuan orang-orang di wilayah-wilayah di Israel. Konteksnya meliputi perjalanan Yusuf, Efraim, dan Manasye untuk mencari dan menjembatani milik pusaka mereka."
Yosua,17,"**Tema utama:** Pengelola dan kekuasaan bangsa

**Konteks:** pasal Alkitab tentang anak-anak Manasye dan suku-suku yang terkait dengan mereka."
Yosua,18,"1. Kemah Pertemuan di Silo telah takluk kepada umat Israel, sehingga mereka membangun Kemah Pertemuan sebagai tempat untuk hidup.
2. Sebagian besar orang Israel belum mendapat bagian di antara mereka, sehingga Yosua memberi perintah untuk mereka untuk menjelajahi negeri.
3. Orang-orang yang belum mendapat bagian di tengah-tengah, yaitu suku Benyamin, tidak mendapat bagian di antara mereka, sehingga mereka bermiskin."
Yosua,19,"**Tema utama:** Pengofensivitas wilayah-wilayah di Israel

**Konteks:** pasal ini membahas tentang undian-undian yang keluar dari wilayah-wilayah di Israel, yang dimiliki oleh suku bani Simeon."
Yosua,20,"Tema utama dari pasal Alkitab ini adalah tentang tempat perlindungan bagi orang-orang yang membunuh orang lain dengan tidak sengaja. Konteksnya meliputi pernyataan tentang bagimu kota-kota perlindungan, perkaranya yang dilakukan para tua-tua kota, dan aturan yang diterapkan di setiap kota."
Yosua,21,"**Tema utama:** Pengangkuan Alkitab tentang kota-kota yang diberikan kepada orang Israel oleh TUHAN.

**Konteks:** Alkitab menunjukkan bahwa TUHAN memberikan banyak kota-kota kepada orang Israel, dengan tujuan untuk memberikan tempat untuk hidup, tempat untuk bekerja, dan tempat untuk kegiatan sosial. Kota-kota ini menjadi simbol kekuatan dan kekuatan politik orang Israel."
Yosua,22,"**Tema utama:** Kejadian dan tanggung jawab orang Israel terhadap Allah.

**Konteks:** pasal ini membahas tentang perilaku dan tanggung jawab orang Israel terhadap Allah, terutama tentang hubungan mereka dengan Allah dan hubungan antara orang Israel dan Allah."
Yosua,23,"**Tema utama:** Pengikatan antara tindakan dan kepadamu

**Konteks:** pasal ini membahas tentang tanggung jawab dan perilaku yang harus dilakukan oleh orang-orang yang telah menerima keselamatan dan keamanan dari TUHAN."
Yosua,24,"**Tema utama:** Pengikapan dan hubungan antara peristiwa-peristiwa dalam Alkitab.

**Konteks:**
* Alkitab menunjukkan peristiwa-peristiwa penting yang terjadi di dalam sejarah Israel.
* Tujuan dari peristiwa-peristiwa ini adalah untuk menunjukkan hubungan dan hubungan antara orang-orang penting dalam sejarah.
* Tujuan dari cerita tentang Yosua adalah untuk pengajaran tentang pentingnya pengikapan dan hubungan yang terjadi di antara orang-orang."
Yudas,1,"**Tema utama:** Pengkategorikan dan makna pesan Alkitab tentang penolakan dosa dan keselamatan.

**Konteks:** pesan ini membahas tentang penolakan dosa dan keselamatan yang diberikan oleh Allah kepada orang-orang yang percaya. pesan ini juga menitikberatkan pada pentingnya pengakuan dosa dan penuntunannya untuk mencapai keselamatan."
Yunus,1,"**Tema utama:** Peng consiguiente dan keselamatan

**Konteks:** pasal ini membahas tentang perjalanan dan keselamatan orang-orang di laut, serta bagaimana mereka berusaha untuk mencapai keselamatan mereka."
Yunus,2,"Tema utama dari pasal Alkitab ini adalah tentang pengalaman penangkapan dan keselamatan oleh Allah. Konteksnya membahas tentang perjalanan dan pengorangan orang-orang dalam hidup mereka, serta pengorangan mereka untuk keselamatan di dalam Allah."
Yunus,3,"**Tema utama:** Penghagiaan dan keselamatan orang-orang di Niniwe

**Konteks:** pasal ini membahas tentang perjalanan dan perilaku orang-orang di Niniwe, termasuk perilaku mereka saat mereka percaya kepada Allah, melakukan puasa dan penangangan, serta tindakan mereka setelah menerima perintah Allah."
Yunus,4,"**Tema utama:** Penghagiaan dan penuntangan dalam hidup

**Konteks:** pasal ini membahas tentang pengalaman Yunus, seorang penyamak, tentang penuntangan dan penghagiaan yang diterima setelah kematian."
Zakharia,1,"**Tema utama:** Pengkehidupan dan peran nabi Zakharia bin Berekhya bin Ido dalam sejarah.

**Konteks:** pasal ini membahas tentang peristiwa-peristiwa penting dalam kehidupan dan peran nabi Zakharia bin Berekhya bin Ido sebagai seorang tokoh penting dalam sejarah."
Zakharia,2,"**Tema utama:** Pengkehidupan dan peran manusia di dalam dunia tersembunyi.

**Konteks:** pasal ini membahas tentang perjalanan dan makna hidup manusia, serta tentang hubungan manusia dengan Tuhan."
Zakharia,3,"1. Peng escolhanya Yosua untuk berdiri di hadapan Malaikat TUHAN menunjukkan bahwa Yosua memiliki kepercayaan pada Allah.
2. Perintah Yosua untuk roupas yang kotor menunjukkan bahwa Allah ingin menguraikan kesalahan dan memperbarui keadaan orang-orang.
3. Perintah Yosua untuk serban tahir pada kepalanya menunjukkan bahwa Allah ingin menguraikan kesalahan dan memperbarui keadaan orang-orang."
Zakharia,4,"**Tema utama:** Pengramalan dan makna simbol dalam Alkitab.

**Konteks:** pasal ini membahas tentang simbolisme dalam Alkitab, seperti malaikat, dahan, pohon zaitun, dan dahan. Pengramalan ini bertujuan untuk membantu kita memahami makna dan pesan dari cerita-cerita Alkitab."
Zakharia,5,Tema utama dari pasal Alkitab ini adalah tentang tentang penangkapan dan penyamaknya oleh malaikat. Konteksnya membahas tentang pengorbanan dan hukuman bagi orang yang bersumpah dengan Allah.
Zakharia,6,"1. Pengkejadian tentang dua kereta yang ditarik oleh berbagai warna.
2. Pengkejadian tentang perjalanan ke berbagai tempat di bumi.
3. Pengkejadian tentang orang-orang yang keluar dari berbagai tempat.
4. Pengkejadian tentang malaikat yang berbicara dengan orang.
5. Pengkejadian tentang perjalanan ke rumah Yosia bin Zefanya.
6. Pengkejadian tentang penangkatan dan penurniaan orang-orang buangan.
7. Pengkejadian tentang perjalanan ke Bait TUHAN.
8. Pengkejadian tentang orang-orang yang akan mendirikan bait TUHAN.
9. Pengkejadian tentang perilaku dan peran imam besar Yosua bin Yozadak.
10. Pengkejadian tentang orang yang akan mendirikan bait TUHAN.
11. Pengkejadian tentang penangkatan dan penurniaan orang-orang buangan.
12. Pengkejadian tentang perilaku dan peran imam besar Yosua bin Yozadak.
13. Pengkejadian tentang perilaku dan peran imam besar Yosua bin Yozadak.
14. Pengkejadian tentang mahkota dan tanda peringatan di Bait TUHAN.
15. Pengkejadian tentang orang-orang yang akan ikut membangun Bait TUHAN."
Zakharia,7,"**Tema utama:** Pengkehidupan dan perilaku manusia

**Konteks:** pasal Alkitab yang disorot tentang pengalaman dan pesan dari TUHAN kepada Zakharia, termasuk tentang hukum, kasih sayang, dan perilaku manusia."
Zakharia,8,"1. Alkitab menyatakan bahwa Allah berusaha untuk Sion dengan kegiatan besar dan dengan kehangatan amarah yang besar.
2. Alkitab menyatakan bahwa Allah akan kembali ke Sion dan akan diam di tengah-tengah Yerusalem.
3. Alkitab menyatakan bahwa Allah akan menyelamatkan umat-Ku dari tempat terbitnya matahari sampai kepada tempat terbenamnya."
Zakharia,9,"1. Ucapan Ilahi datang atas negeri Hadrakh dan berhenti di Damsyik, sebab kepunyaan kota-kota Aram serta segala suku Israel.
2. Hamat yang berbatas kepadanya, pula Tirus dan Sidon, sekalipun mereka sangat bijaksana, menunjukkan kekuatan dan ketekunan mereka.
3. Aku akan melenyapkan darah dari mulutnya dan kejijikan dari antara giginya, dan yang tinggal dari merekapun akan menjadi kepunyaan Allah kita."
Zakharia,10,"1. **Tema utama:** Pengkehidupan dan keselamatan bangsa Israel.
2. **Konteks:** Pengkhotbah tentang mimpi dan hiburan yang diterima oleh orang-orang di Israel.
3. **Tema utama:** Pengkejadian dan pembanjir terhadap kaum Yehuda.
4. **Tema utama:** Peng escolhuran dan penangkatan pasukan untuk perang.
5. **Tema utama:** Pengiklanan dan pertempuran pasukan Israel.
6. **Tema utama:** Pengkejadian dan keselamatan keturunan Yusuf.
7. **Tema utama:** Kekecekan dan semangat anak-anak Israel.
8. **Tema utama:** Pengumpulan dan penangkapan orang-orang Israel.
9. **Tema utama:** Keberadaaan dan hubungan bangsa Israel.
10. **Tema utama:** Pengkejadian dan penangkapan orang-orang Israel dari Mesir.
11. **Tema utama:** Pengsiberangan laut Mesir dan penangkapan Asyur.
12. **Tema utama:** Pengutukan dan pengiklanan orang-orang Israel di dalam nama TUHAN."
Zakharia,11,"**Tema utama:** Pengakui dan menerima kenyataan yang tersembunyi.

**Konteks:** pasal ini membahas tentang pengakuan dosa dan permintaan maaf, serta tentang kepentingan untuk menerima kenyataan dan menerima apa yang tersembunyi."
Zakharia,12,"1. Ucapan ilahi mengenai Israel dan dasar-dasarnya, seperti langit, bumi, dan diri manusia.
2. Kesusahan yang akan terjadi di Yerusalem, termasuk penangkapan dan pembusukan penduduk.
3. Pengambilan keputusan oleh TUHAN untuk menjadikan Yerusalem sebagai batu dan menjebakkannya di berbagai tempat."
Zakharia,13,Tema utama dari pasal Alkitab tersebut adalah tentang penghenapan nama-nama berhala dan penyalasan orang yang telah memperanakkan mereka. Konteksnya terkait dengan keinginan Allah untuk meratakan nama-nama yang telah terjamak dan menyamak orang-orang yang telah memperkunjung mereka.
Zakharia,14,"**Tema utama:** Penghajaran Yerusalem oleh TUHAN

**Konteks:** pasal ini membahas tentang peristiwa-peristiwa yang akan terjadi di Yerusalem selama hari-hari terakhir sebelum dan setelah hari-hari terakhir."
Zefanya,1,"**Tema utama:** Penghajaran Al-Quran

**Konteks:** pasal ini membahas tentang berbagai topik, termasuk penghajaran Al-Quran, penghenapan pesan-pesan dari Allah, dan tentang tindakan-tindakan yang harus dilakukan oleh orang-orang untuk mencapai keselamatan."
Zefanya,2,"**Tema utama:** Penghagiaan dan keselamatan bagi bangsa-bangsa di Israel.

**Konteks:** pasal ini membahas tentang orang-orang yang hidup di Israel dan bagaimana mereka dapat mencapai keselamatan mereka."
Zefanya,3,"1. Celakalah si pemberontak dan cemar, hai kota penuh penindasan.
2. Ia tidak mau mendengarkan teguran siapapun dan tidak mempedulikan kecaman.
3. Para pemukanya di tengah-tengahnya adalah singa yang mengaum.
4. Para nabinya adalah orang-orang ceroboh dan pengkhianat.
5. TUHAN adil di tengah-tengahnya, tidak membuat kelaliman."
