question,Intent
"Jujur, saya merasa cukup cemas sebelum datang ke sesi ini. Saya takut tidak bisa menjelaskan dengan baik tentang apa yang saya rasakan.",Perasaan Takut dan Kecemasan; Perasaan Sebelum Menghadapi Kejadian
"Saya merasa agak gugup, Kak. Saya tidak tahu bagaimana harus mulai menceritakan semuanya.",Perasaan Takut dan Kecemasan; Perasaan Sebelum Menghadapi Kejadian
"Saya merasa baik-baik saja, Kak. Awalnya saya agak terkejut ketika dipanggil, tapi saya ingin mencoba berbicara dan mendengar apa yang bisa saya lakukan untuk merasa lebih baik.",Rasa Syukur dan Apresiasi; Reaksi Terkejut dan Tidak Terduga; Perasaan Sebelum Menghadapi Kejadian
"Saya merasa agak cemas, Kak. Tapi saya ingin mencoba berbicara tentang apa yang saya rasakan.",Perasaan Sebelum Menghadapi Kejadian
"Saya merasa... biasa saja, tapi kadang saya merasa sedih. Saya masih sulit mendapatkan teman, dan saya merasa tidak terlalu berharga.",Perasaan Sedih dan Kehilangan
"Halo Kak. Ya... saya merasa sedikit lebih baik, tapi tetap ada rasa kecewa yang sulit hilang. Saya merasa dikhianati oleh orang yang saya percayai di gereja.",Perasaan Benci dan Jijik; Rasa Syukur dan Apresiasi
"Halo Kak. Sejujurnya, saya masih merasa bingung dengan pertemanan saya di kampus. Saya ingin memiliki hubungan pertemanan yang baik, tetapi saya tidak tahu bagaimana cara menghadapinya, terutama setelah apa yang terjadi dengan teman saya, B.",Perasaan Sedih dan Kehilangan; Perasaan Takut dan Kecemasan; Perasaan Sebelum Menghadapi Kejadian
"Halo Kak. Saya merasa cukup baik hari ini. Saya baru saja menyelesaikan ujian, dan rasanya berjalan cukup lancar. Tidak ada gangguan atau sosok mengerikan yang muncul semalam.",Rasa Syukur dan Apresiasi
"Halo Kak. Hari ini rasanya sedikit lebih baik, tetapi saya masih sering merasa lelah dan mudah kesal.",Rasa Syukur dan Apresiasi; Perasaan Marah dan Frustasi
"Halo Kak, hari ini aku merasa sedikit lebih baik, tapi tetap masih ada rasa cemas dengan kuliah",Rasa Syukur dan Apresiasi; Perasaan Sebelum Menghadapi Kejadian
"Halo Kak, sebenarnya hari ini perasaanku lebih baik dibanding pertemuan sebelumnya. Aku mencoba beberapa hal yang kita diskusikan, seperti lebih aktif bergerak dan berlibur sebentar. Itu cukup membantu.",Rasa Syukur dan Apresiasi; Perasaan Sebelum Menghadapi Kejadian
"Baik, KakÂ ya walaupun agak capek. Maaf aku telat tadi",Perasaan Percaya; Perasaan Sedih dan Kehilangan
"Baik, KakÂ tapi ya, seperti yang aku bilang di kuesioner, aku masih merasa nggak nyaman dengan beberapa hal",Perasaan Percaya; Perasaan Takut dan Kecemasan
BaikÂ atau mungkin tidak baik. Aku nggak tahu pasti.,Perasaan Sedih dan Kehilangan
BaikÂ atau mungkin tidak terlalu baik. Aku juga nggak yakin.,Perasaan Sedih dan Kehilangan
BaikÂ atau mungkin nggak baik juga. Aku nggak tahu.,Perasaan Sedih dan Kehilangan
"Baik, KakÂ tapi jujur agak capek dan masih kepikiran banyak hal",Perasaan Sedih dan Kehilangan
"Baik, KakÂ ya walaupun masih kepikiran beberapa hal sih",Perasaan Sedih dan Kehilangan
"BaikÂ tapi sebenarnya masih sering merasa cemas sih, Kak.",Perasaan Sebelum Menghadapi Kejadian
"Baik, Kak. Aku memang penasaran sih, apakah yang aku lakukan untuk menghadapi masalahku selama ini sudah benar atau belum.",Perasaan Takut dan Kecemasan
"Baik, KakÂ walaupun masih agak canggung sih karena belum pernah konseling sebelumnya",Perasaan Takut dan Kecemasan
Aku tidak tahuÂ Aku merasa sangat lelah dan bingung dengan semuanya.,Perasaan Takut dan Kecemasan
"Halo Kak. Aku tidak tahu... Sejujurnya, aku merasa lebih buruk dibandingkan sesi sebelumnya.",Perasaan Takut dan Kecemasan
"Saya masih sering merasa tidak percaya diri dan masih mengalami konflik antara pikiran dan perasaan saya. Tapi, saya mencoba untuk lebih menyadari ketika pikiran buruk muncul.",Reaksi Terkejut dan Tidak Terduga; Perasaan Takut dan Kecemasan; Perasaan Sebelum Menghadapi Kejadian
"Iya, saya masih merasa tertekan saat di rumah. Saya takut melakukan kesalahan karena ayah saya bisa marah dan memukul saya. Saya juga masih merasa canggung saat berbicara dengan teman-teman saya.",Perasaan Sedih dan Kehilangan; Perasaan Takut dan Kecemasan
"Terima kasih, Kak. Saya merasa ada banyak hal yang mengganggu pikiran saya. Saya bingung dengan hubungan saya dan juga merasa terbebani dengan kondisi keuangan keluarga saya.",Perasaan Benci dan Jijik; Perasaan Sedih dan Kehilangan; Perasaan Takut dan Kecemasan
"Saya ingin membahas tentang hubungan saya dengan pacar dulu. Saya merasa bingung, karena kami sudah hampir tiga tahun bersama, tapi akhir-akhir ini rasanya berbeda.",Perasaan Takut dan Kecemasan; Perasaan Sebelum Menghadapi Kejadian
"Saya sering kali merasa tidak nyaman dengan hubungan ini. Setelah masuk kuliah, kami jarang bertemu karena kampus kami berbeda. Awalnya saya merasa kesal, tapi lama-lama saya juga mulai terbiasa sendiri. Saya sering menghindari komunikasi dengan dia, misalnya tidak membalas chat dan menjauh tanpa alasan yang jelas.",Perasaan Benci dan Jijik; Perasaan Sedih dan Kehilangan; Perasaan Marah dan Frustasi; Perasaan Sebelum Menghadapi Kejadian
"Dia sering bertanya kenapa saya menjauh, dan saya selalu meminta maaf. Dia biasanya bisa mengerti, tapi karena ini terjadi berkali-kali, akhirnya kami sering bertengkar. Sampai akhirnya bulan lalu dia bilang ingin break untuk introspeksi diri.",Perasaan Benci dan Jijik; Reaksi Terkejut dan Tidak Terduga; Perasaan Marah dan Frustasi; Perasaan Sebelum Menghadapi Kejadian
"Iya, saya merasa lebih nyaman sendiri karena tidak ada tuntutan untuk selalu merespons seseorang. Tapi di sisi lain, saya merasa kehilangan. Saya juga merasa bersalah karena mungkin sikap saya yang membuat dia ingin break.",Rasa Syukur dan Apresiasi; Perasaan Sedih dan Kehilangan; Perasaan Takut dan Kecemasan
"Sejak setahun terakhir, orang tua saya sering membicarakan masalah keuangan di depan saya. Saya jadi merasa terbebani dan berpikir bahwa saya hanya menambah masalah bagi keluarga.",Perasaan Sedih dan Kehilangan; Reaksi Terkejut dan Tidak Terduga
Saya sering merasa stres dan kurang fokus di kampus. Bahkan ada saat-saat di mana saya merasa ingin menyerah dan berpikir bahwa lebih baik saya tidak ada di dunia ini.,Perasaan Sedih dan Kehilangan; Reaksi Terkejut dan Tidak Terduga
"Terima kasih, Kak. Saya ingin membicarakan tentang kecemasan saya ketika harus berbicara di depan umum. Saya selalu merasa takut, tangan saya gemetar, dan sulit berkata-kata.",Perasaan Takut dan Kecemasan; Perasaan Sebelum Menghadapi Kejadian
"Saya sudah merasa seperti ini sejak lama, mungkin sejak SD. Saya pernah mengalami kejadian yang membuat saya malu saat kelas 3 SD, ketika saya berbicara dalam bahasa Jawa di depan guru dan teman-teman saya. Guru saya mengoreksi saya dan mengatakan bahwa kata yang saya gunakan memiliki arti yang berbeda dalam bahasa Indonesia.",Perasaan Percaya; Perasaan Marah dan Frustasi
"Saya merasa malu dan salah. Saya tahu guru saya tidak bermaksud jahat, tapi setelah itu, saya selalu takut berbicara di depan orang lain karena khawatir salah bicara lagi.",Perasaan Sedih dan Kehilangan; Perasaan Takut dan Kecemasan; Perasaan Marah dan Frustasi
"Saya merasa sangat gugup. Bahkan sebelum berbicara, saya sudah berpikir bahwa saya akan salah bicara dan orang-orang akan menertawakan saya. Ketika akhirnya saya berbicara, tangan saya gemetar dan saya tidak bisa berpikir jernih.",Perasaan Takut dan Kecemasan
"Tentu, Kak.",Rasa Syukur dan Apresiasi
"Ya, saya sebenarnya paham, tapi saya takut salah bicara.",Perasaan Takut dan Kecemasan
Sebenarnya mereka biasa saja. Tidak ada yang mengejek atau mempermalukan saya.,Rasa Syukur dan Apresiasi
0,Rasa Syukur dan Apresiasi
"Baik, Kak. Saya mengalami banyak hal sejak kecil, dan itu masih berdampak pada saya sampai sekarang.",Perasaan Sedih dan Kehilangan
"Saya mengalami perundungan sejak SD, SMP, hingga SMA. Saya sering dikucilkan, dihina secara verbal, bahkan mengalami kekerasan fisik. Waktu SD, saya pernah dipukul dengan batako dan mata saya dimasukkan pasir oleh teman-teman saya.",Perasaan Sedih dan Kehilangan
"Saya melapor ke orang tua saya, tapi mereka justru memarahi saya. Ayah saya memukul saya dengan selang dan berkata bahwa saya harus melawan, jangan jadi anak yang lemah.",Perasaan Marah dan Frustasi
"Saya merasa kecewa dan putus asa. Saya berpikir bahwa saya harus menghadapi semuanya sendirian. Sejak itu, saya tidak pernah lagi bercerita kepada orang tua saya.",Perasaan Benci dan Jijik; Perasaan Sedih dan Kehilangan; Perasaan Takut dan Kecemasan
"Saya mulai berbicara dengan diri sendiri dan boneka kesayangan saya. Saya menganggap boneka itu sebagai teman saya. Lalu di SMP, saya mulai melihat sosok yang hanya saya yang bisa lihat dan ajak bicara.",Perasaan Sedih dan Kehilangan; Perasaan Sebelum Menghadapi Kejadian
"Iya, sosok ini datang saat saya merasa sangat sendirian. Saya juga beberapa kali mencoba mengakhiri hidup, tapi saya masih bertahan sampai sekarang.",Perasaan Sedih dan Kehilangan
"Tidak sesering dulu, Kak. Tapi kadang-kadang saat saya sendirian atau di tempat ramai, sosok itu tiba-tiba muncul dan berbicara kepada saya.",Reaksi Terkejut dan Tidak Terduga
Tidak ada yang menakutkan. Kadang dia hanya mengajak saya berbicara atau menanyakan perasaan saya.,Perasaan Percaya
"Iya, saya memang sering mengalami masalah pencernaan sejak SMP. Saya pernah terkena TB usus, dan saya juga sering kambuh maag serta asam lambung. Terakhir kali kambuh saat ospek kemarin, mungkin karena kelelahan dan pola makan yang tidak teratur.",Perasaan Sedih dan Kehilangan
"Sudah, Kak. Saya tahu saya harus menjaga pola makan dan sudah beberapa kali berkonsultasi dengan dokter.",Perasaan Marah dan Frustasi
"Sebenarnya tidak terlalu mengganggu, tapi ada saat-saat di mana saya merasa sangat lelah dan sulit berkonsentrasi. Kadang saya khawatir apakah saya bisa bertahan dengan jadwal kuliah yang padat.",Perasaan Sedih dan Kehilangan; Perasaan Takut dan Kecemasan
Iya. Saya takut kalau nanti saya tidak bisa mengatur waktu dengan baik dan akhirnya ketinggalan tugas. Saya sering merasa cemas membandingkan diri saya dengan teman-teman yang terlihat lebih bisa mengatur semuanya dengan baik.,Perasaan Takut dan Kecemasan; Perasaan Sebelum Menghadapi Kejadian
"Di rumah ada banyak konflik antara ayah dan ibu, terutama tentang peran mereka dalam keluarga. Ayah saya memiliki pola pikir yang sangat patriarkal, sementara ibu saya ingin lebih mandiri. Mereka sering bertengkar tentang hal itu.",Perasaan Sedih dan Kehilangan; Perasaan Takut dan Kecemasan; Perasaan Sebelum Menghadapi Kejadian
"Saya biasanya berusaha untuk tidak memperdulikan ayah dan lebih dekat dengan ibu. Saya sering keluar berdua dengan ibu, dan itu membuat saya merasa lebih tenang.",Perasaan Benci dan Jijik; Rasa Syukur dan Apresiasi
"Iya, saya merasa lebih bisa bercerita dengan ibu. Tapi saya juga merasa ada jarak dengan ayah, dan saya tidak tahu apakah itu baik atau buruk.",Rasa Syukur dan Apresiasi; Perasaan Sedih dan Kehilangan; Reaksi Terkejut dan Tidak Terduga
"Baik, Kak. Saya sering merasa kehilangan kesadaran atau hampir pingsan ketika mendengar bentakan atau suara keras. Saya juga merasa sering menyalahkan diri sendiri dan sulit mengekspresikan emosi saya.",Perasaan Benci dan Jijik; Perasaan Takut dan Kecemasan
"Sejak kelas 12 SMA. Saat itu saya ikut pelatihan paskibra dan pelatihnya sering berteriak dengan nada tinggi. Saya mulai merasa pusing, jantung berdebar, hingga kehilangan keseimbangan.",Perasaan Takut dan Kecemasan
"Mungkin karena sejak kecil saya sering mendapat tekanan dari orang tua saya. Mereka menuntut saya untuk selalu mengalah dan menjaga adik saya. Ibu saya perfeksionis, dan saya merasa harus selalu memenuhi harapan mereka.",Perasaan Sedih dan Kehilangan; Perasaan Marah dan Frustasi
"Ibu saya selalu menuntut saya untuk menjadi yang terbaik, baik dalam hal akademik maupun sikap. Saya selalu diminta untuk menjaga adik saya, meskipun saya merasa adik saya sulit diatur. Kami sering bertengkar, tapi ibu selalu berpihak pada adik saya.",Perasaan Marah dan Frustasi
Saya biasanya hanya diam dan memendam perasaan saya. Saya tidak ingin marah karena takut dianggap anak yang durhaka.,Perasaan Sedih dan Kehilangan; Perasaan Takut dan Kecemasan
"Saya masih merasa ada jarak, terutama dengan ibu saya. Saya ingin bisa berkomunikasi lebih baik, tapi saya juga takut jika saya menyampaikan perasaan saya, mereka akan marah.",Perasaan Sedih dan Kehilangan; Perasaan Takut dan Kecemasan
Saya pernah mengalami bullying saat SMA. Salah satu teman saya mengajak teman-teman lain untuk menjauhi saya karena saya dianggap 'cupu'. Saya tidak melawan atau melaporkan kejadian itu karena saya tidak ingin menambah masalah.,Perasaan Sedih dan Kehilangan; Perasaan Takut dan Kecemasan; Perasaan Marah dan Frustasi
"Saya merasa sangat sendirian. Saya ingin berbicara dengan orang tua saya, tapi saya tahu mereka akan marah dan menganggap saya lemah.",Perasaan Sedih dan Kehilangan; Perasaan Takut dan Kecemasan
"Saya baik-baik saja, Kak. Tapi saya juga merasa cemas, terutama tentang tugas ospek yang harus diposting di media sosial.",Rasa Syukur dan Apresiasi; Perasaan Sebelum Menghadapi Kejadian
"Suara-suara itu mulai muncul lagi, terutama saat saya merasa diperhatikan. Saya juga masih merasa takut kalau suatu hari ada yang menghubungkan saya dengan foto yang pernah tersebar.",Perasaan Takut dan Kecemasan
"Beberapa hari lalu, ketika ada orang yang melihat saya dari kepala sampai kaki. Saya langsung merasa panik dan mendengar suara yang mengatakan 'kamu tidak layak dicintai'",Perasaan Benci dan Jijik; Perasaan Takut dan Kecemasan
"Saya biasanya mengabaikannya, tapi ada saat di mana saya merasa perlu diperhatikan oleh orang lain, agar saya merasa lebih baik.",Perasaan Benci dan Jijik; Rasa Syukur dan Apresiasi; Perasaan Sebelum Menghadapi Kejadian
"Ya, saya merasa tidak aman. Rasanya seperti semua orang akan menilai saya berdasarkan masa lalu saya.",Perasaan Takut dan Kecemasan
Itu mungkin bisa membantu. Saya akan mencobanya.,Perasaan Percaya
Teman saya mengatakan sesuatu yang menyebalkan tentang kejadian lama itu. Saya langsung marah dan mendorongnya.,Perasaan Marah dan Frustasi
"Saya merasa cukup cemas, Kak. Saya bingung dengan apa yang harus saya lakukan mengenai beasiswa saya yang sudah pasti akan dicabut.",Perasaan Sebelum Menghadapi Kejadian
"Saya sebenarnya bukan hanya bingung tentang beasiswa ini, Kak, tapi juga merasa bersalah. Saya belum memberi tahu ibu saya soal beasiswa yang akan dihentikan, dan saya takut mengecewakan beliau.",Perasaan Benci dan Jijik; Reaksi Terkejut dan Tidak Terduga
"Ibu saya sangat bangga saya bisa kuliah di Maranatha, apalagi karena saya satu-satunya anak di keluarga yang bisa kuliah. Beliau sering membanggakan saya ke tetangga. Saya takut kalau saya memberitahu ibu, beliau akan kecewa atau sedih.",Rasa Syukur dan Apresiasi; Perasaan Takut dan Kecemasan
"YaÂ kalau saya terus menyembunyikannya, akhirnya ibu tetap akan tahu. Saya hanya tidak tahu bagaimana cara mengatakannya dengan baik.",Perasaan Takut dan Kecemasan
"Itu bisa jadi ide yang bagus, Kak. Kakak kedua saya yang membiayai kehidupan saya dan ibu, jadi mungkin saya bisa bicara dengannya dulu untuk mencari cara terbaik sebelum berbicara dengan ibu.",Perasaan Percaya
"Saya tidak tahu apakah itu mungkin, tapi saya ingin mencobanya. Saya ingin merasa bahwa saya sudah melakukan segalanya sebelum benar-benar berhenti kuliah.",Perasaan Percaya; Perasaan Sebelum Menghadapi Kejadian
Saya berpikir untuk mencari pekerjaan dulu. Mungkin saya bisa bekerja dan menabung untuk kembali kuliah di kemudian hari.,Perasaan Sebelum Menghadapi Kejadian
"Sejak kecil saya merasa sulit berteman. Saya merasa teman-teman saya tidak pernah mengajak saya bermain. Bahkan saat kuliah, saya pernah memiliki teman saat orientasi mahasiswa baru, tapi mereka sepertinya tidak benar-benar menganggap saya bagian dari kelompok mereka. Mereka sering bermain bersama tanpa mengajak saya.",Perasaan Sedih dan Kehilangan; Reaksi Terkejut dan Tidak Terduga
"Sejak SD. Saya tidak punya teman. Lalu di SMP, saya menyukai seorang laki-laki, tapi dia malah mengatakan saya jelek dan gemuk. Di SMA, saya dijauhi oleh teman-teman tanpa alasan yang jelas. Saya pernah mencoba mendapatkan beasiswa ke Taiwan, tapi saat saya gagal, mereka justru tertawa dan mengatakan ingin 'meledakkan Taiwan'.",Perasaan Sedih dan Kehilangan; Reaksi Terkejut dan Tidak Terduga; Perasaan Marah dan Frustasi
"Mungkin yang di SMA... saya merasa benar-benar tidak diinginkan. Saya merasa tidak dihargai, dan itu membuat saya bertanya-tanya, 'Untuk apa saya hidup?'",Perasaan Sedih dan Kehilangan
"Terima kasih, Kak",Perasaan Percaya
Mungkin... saya bisa mencoba.,Perasaan Percaya
"Jadi, saya punya seorang kakak laki-laki di gereja yang sudah saya anggap sebagai kakak sendiri. Kami sering bersama karena kami ada di kepanitiaan retreat yang sama. Saya selalu berusaha membantu dia, bahkan saat saya lelah atau waktu sudah malam. Tapi semua berubah sejak dia mengira saya ingin merebut pacarnya.",Perasaan Percaya; Rasa Syukur dan Apresiasi; Reaksi Terkejut dan Tidak Terduga
"Saya hanya berbicara dengan pacarnya tentang perasaan saya yang merasa dimanfaatkan. Saya bilang kalau saya merasa seperti 'alat' yang membantu seseorang, tapi dia malah mengira saya mencoba mendekati pacarnya. Sejak itu, dia mulai menjauhi saya, mendiamkan saya di pertemuan, bahkan tidak menganggap saya ada di sana. Itu sangat menyakitkan karena saya tidak merasa melakukan kesalahan.",Perasaan Sedih dan Kehilangan; Reaksi Terkejut dan Tidak Terduga
"Saya awalnya bingung. Saya tidak tahu harus bagaimana. Tapi puncaknya adalah saat dia menelepon saya dan memarahi saya habis-habisan, menuduh saya selingkuh dengan pacarnya. Kata-katanya kasar, dan dia sama sekali tidak mau mendengar penjelasan saya.",Reaksi Terkejut dan Tidak Terduga; Perasaan Takut dan Kecemasan
"Saya hanya diam. Saya takut kalau saya membela diri, dia akan semakin marah. Tapi setelah itu, saya merasa sangat kecewa dan sakit hati. Saya mulai menarik diri, bahkan saya tidak ingin berada di lantai yang sama dengannya saat ibadah.",Perasaan Benci dan Jijik; Perasaan Takut dan Kecemasan
Iya. Saya mulai sulit percaya pada orang lain. Saya tidak bisa bercerita kepada teman-teman di gereja karena saya takut mereka akan membicarakan saya di belakang. Saya juga jadi lebih mudah marah kalau ada orang yang bertanya-tanya soal keadaan saya.,Perasaan Takut dan Kecemasan; Perasaan Marah dan Frustasi
"Ya. Saya merasa sulit untuk dekat dengan teman-teman di kampus. Saya takut jika saya terlalu terbuka, saya akan dikhianati lagi. Saya tidak ingin terlalu dekat dengan siapa pun sekarang.",Perasaan Benci dan Jijik; Perasaan Sedih dan Kehilangan; Perasaan Takut dan Kecemasan
"Tapi sulit untuk percaya lagi, Kak. Rasanya seperti lebih baik menjauh dari semua orang daripada harus dikhianati lagi.",Perasaan Benci dan Jijik; Perasaan Sedih dan Kehilangan
"Saya baru tahu bahwa teman saya, B, menyebarkan isi chat saya di grup HIMA. Di chat itu, saya pernah bilang kalau saya tidak ingin berteman dengan orang lain selain yang sudah dekat dengan saya. Saya tidak mengerti kenapa B melakukan itu. Saya merasa sedih, tapi saya tidak tahu bagaimana mengungkapkan perasaan saya.",Perasaan Percaya; Perasaan Sedih dan Kehilangan; Reaksi Terkejut dan Tidak Terduga
"Saya tidak mengatakan apa-apa. Saya hanya diam dan berpura-pura tidak tahu. Saya pikir, lebih baik saya tidak membahasnya daripada memperkeruh keadaan.",Perasaan Benci dan Jijik; Perasaan Sedih dan Kehilangan; Perasaan Sebelum Menghadapi Kejadian
"Sejujurnya, saya merasa sedih dan sedikit marah. Tapi saya selalu berpikir bahwa menunjukkan emosi negatif itu tidak baik. Saya tidak ingin terlihat lemah di hadapan B.",Perasaan Benci dan Jijik; Perasaan Sedih dan Kehilangan; Perasaan Marah dan Frustasi; Perasaan Sebelum Menghadapi Kejadian
"Iya, saya merasa kalau saya menunjukkan bahwa saya marah atau sedih, maka saya akan terlihat kalah di mata B.",Perasaan Marah dan Frustasi
"Saya cukup senang karena nilai saya meningkat. IPK saya sekarang 3.06, dan beasiswa Teknik Nusantara saya masih berlanjut.",Rasa Syukur dan Apresiasi
"Sebenarnya ada. Saya kesulitan mengkomunikasikan keinginan saya kepada dosen wali saya. Saya ingin mengkontrak 22 SKS, tapi karena dosen wali saya bilang 'tidak perlu ambil banyak-banyak,' saya langsung diam dan hanya mengikuti saran beliau.",Perasaan Takut dan Kecemasan
"Saya merasa sedikit lega, tapi tetap ada perasaan aneh. Saya merasa baik-baik saja sekarang, tapi tidak tahu apakah ini hanya sementara atau akan kembali lagi nanti.",Rasa Syukur dan Apresiasi; Reaksi Terkejut dan Tidak Terduga
Saya masih sering marah kalau ada orang yang menegur saya atau mengabaikan saya. Rasanya ingin membalas atau bahkan melukai mereka. Tapi saya sadar kalau itu berlebihan dan saya tidak ingin kelepasan.,Perasaan Marah dan Frustasi; Perasaan Sebelum Menghadapi Kejadian
"Tergantung. Biasanya kalau saya merasa tidak dihargai atau diabaikan, saya langsung kesal. Tapi akhir-akhir ini saya juga merasa lebih cepat marah kalau ada orang yang terlalu banyak bertanya atau ingin terlalu dekat dengan saya.",Perasaan Marah dan Frustasi
"Ada seorang teman saya, G. Dia sebenarnya baik, tapi akhir-akhir ini dia sering bertanya banyak hal dan ingin selalu bersama saya. Saya tidak suka dan merasa dia terlalu menempel.",Perasaan Benci dan Jijik; Perasaan Takut dan Kecemasan
"Iya, saya tidak suka rasanya. Tapi saya juga tidak ingin menyakiti perasaannya, jadi saya bingung harus bagaimana.",Perasaan Benci dan Jijik; Reaksi Terkejut dan Tidak Terduga; Perasaan Sebelum Menghadapi Kejadian
"Iya, tapi tidak sesering sebelumnya. Kadang saya masih merasa dia mengawasi saya, terutama kalau saya akan ujian atau merasa stres. Saya juga kadang masih mencium bau melati atau darah, dan itu sangat mengganggu.",Perasaan Benci dan Jijik; Rasa Syukur dan Apresiasi; Perasaan Takut dan Kecemasan
"Tidak selalu. Kadang dia muncul tanpa alasan, dan itu yang membuat saya takut.",Perasaan Takut dan Kecemasan
Tidak! Saya tidak mau ke psikiater,Perasaan Benci dan Jijik
"Tetap saja, saya tidak ingin orang tua saya tahu.",Perasaan Benci dan Jijik
"Baik, Kak.",Perasaan Percaya
"Iya, masih. Kadang muncul sebelum tidur atau saat saya merasa stres. Saya juga kadang masih mencium bau melati atau darah, tapi saya sudah mulai bisa mengabaikannya.",Rasa Syukur dan Apresiasi; Perasaan Takut dan Kecemasan
"Baiklah, saya akan coba menuliskannya",Perasaan Percaya
"Tidak banyak berubah, saya masih sering merasa tidak nyaman di rumah. Tapi saya lebih baik saat bersama ibu. Saya merasa lebih aman bersamanya dibandingkan dengan yang lain.",Perasaan Benci dan Jijik; Rasa Syukur dan Apresiasi; Perasaan Sedih dan Kehilangan
"Aku mencoba lebih membuka diri, mulai dari menyapa teman-teman lebih dulu. Rasanya agak canggung, tapi aku mencoba pelan-pelan.",Perasaan Percaya; Perasaan Takut dan Kecemasan
"Sejujurnya, belum ada perubahan besar. Aku masih belum punya teman yang benar-benar dekat di kampus, tapi setidaknya aku tidak lagi merasa terlalu sendirian.",Perasaan Percaya; Perasaan Sedih dan Kehilangan
"Masih sulit, Kak. Aku tetap merasa bahwa materi kedokteran tidak mudah untukku. Tapi aku mencoba untuk lebih rajin membaca dan mengerjakan tugas tepat waktu",Perasaan Sedih dan Kehilangan; Perasaan Sebelum Menghadapi Kejadian
"Baik, aku akan coba.",Perasaan Percaya
Aku masih sering berkomunikasi dengannya. Kami bertemu setiap liburan semester. Dia satu-satunya teman yang benar-benar mengerti aku.,Perasaan Percaya
"Sebenarnya, ada masalah baru, Kak. Ibuku baru saja tahu bahwa aku pernah berpacaran. Aku benar-benar takut dan cemas setelah beliau mengetahuinya.",Perasaan Sedih dan Kehilangan; Reaksi Terkejut dan Tidak Terduga; Perasaan Takut dan Kecemasan; Perasaan Sebelum Menghadapi Kejadian
"Beberapa waktu lalu, aku sempat pacaran diam-diam, karena ibuku memang melarangku pacaran sejak SMA. Saat beliau tahu, handphone dan tabletnya langsung disita. Bahkan semua chat dan percakapanku dengan mantan dibaca habis oleh ibuku. Aku merasa benar-benar tidak punya ruang pribadi.",Perasaan Sedih dan Kehilangan; Reaksi Terkejut dan Tidak Terduga; Perasaan Takut dan Kecemasan; Perasaan Marah dan Frustasi
"Aku marah, Kak. Tapi aku juga takut. Aku tahu ibuku ingin aku fokus kuliah, tapi aku juga merasa seperti tidak bisa jadi diri sendiri. Aku merasa terlalu dikekang.",Perasaan Percaya; Perasaan Sedih dan Kehilangan; Perasaan Takut dan Kecemasan; Perasaan Marah dan Frustasi
"Tidak, Kak. Aku takut kalau aku mencoba bicara, malah tambah dimarahi atau dilarang lebih banyak hal lagi",Perasaan Benci dan Jijik; Perasaan Takut dan Kecemasan
Aku juga ingin bisa menghindari konflik. Tapi aku merasa seperti selalu salah di mata ibuku.,Perasaan Sedih dan Kehilangan; Perasaan Takut dan Kecemasan
"Itu masuk akal. Aku tidak mau terus-menerus merasa putus asa, jadi aku akan coba. Kak, ibuku menelepon. Aku harus angkat duluÂ",Perasaan Percaya; Perasaan Sebelum Menghadapi Kejadian
"Aku pusing banget, Kak. Aku merasa kayak nggak punya waktu buat diri sendiri. Aku kuliah, magang, terus masih harus ngurus organisasi juga. Aku nggak tahu lagi harus gimanaÂ Aku kepikiran buat keluar dari organisasi, tapi aku nggak yakin keputusan itu benar.",Perasaan Sedih dan Kehilangan; Perasaan Takut dan Kecemasan; Perasaan Sebelum Menghadapi Kejadian
IyaÂ Awalnya aku nggak niat jadi ketua. Nama aku cuma dicantumin biar ada pilihan lebih dari satu. Tapi tiba-tiba aku malah yang kepilih,Perasaan Sedih dan Kehilangan; Reaksi Terkejut dan Tidak Terduga
"Awalnya biasa aja. Aku pikir bisa dijalanin. Tapi makin lama aku sadar kalau aku nggak punya cukup pengalaman, terus aku denger juga ada yang ngomongin aku di belakang. Katanya aku ketua yang nggak kerja.",Perasaan Percaya; Perasaan Sedih dan Kehilangan; Perasaan Marah dan Frustasi; Perasaan Sebelum Menghadapi Kejadian
"IyaÂ padahal aku udah berusaha sebisa mungkin. Tapi tetap aja kayaknya aku kurang. Aku juga merasa alumni lebih mendukung kandidat lain waktu pemilihan dulu, jadi kayaknya mereka nggak suka aku dari awal",Perasaan Percaya; Perasaan Sedih dan Kehilangan
"Awalnya aku pikir cuma perasaan, tapi lama-lama ada yang bilang kalau mereka memang lebih suka kandidat yang lain",Perasaan Percaya; Perasaan Sedih dan Kehilangan
"Iya, KakÂ Aku jadi kepikiran terus, padahal aku juga udah capek sama kuliah dan kerja magang",Perasaan Sedih dan Kehilangan; Perasaan Marah dan Frustasi
"Magang itu sebenarnya lumayan membantu aku untuk biaya jajan, jadi aku nggak mau berhenti. Tapi jadinya aku harus pintar bagi waktu. Masalahnya, aku nggak bisa. Aku sering begadang, kurang tidur, bahkan pernah nggak tidur tiga hari.",Perasaan Benci dan Jijik; Rasa Syukur dan Apresiasi; Perasaan Sedih dan Kehilangan; Perasaan Takut dan Kecemasan; Perasaan Marah dan Frustasi
"Ya, tugas banyak banget. Ada tugas kuliah, terus harus nyiapin laporan buat magang, dan ada rapat organisasi. Aku ngerasa nggak bisa ninggalin salah satu, jadi akhirnya ya udah, begadang terus.",Perasaan Sedih dan Kehilangan; Perasaan Marah dan Frustasi; Perasaan Sebelum Menghadapi Kejadian
"SeringÂ Aku kepikiran keluar dari organisasi, tapi aku takut. Takut dibilang gagal, takut kalau aku malah bikin repot orang lain kalau pergi sekarang, takut juga kalau aku benar-benar berhenti, malah makin nggak ada yang mendukung aku.",Perasaan Sedih dan Kehilangan; Perasaan Takut dan Kecemasan; Perasaan Sebelum Menghadapi Kejadian
Ayah akuÂ dia masuk penjara bulan ini karena kasus di kantornya. Itu juga bikin aku makin kepikiran.,Perasaan Sedih dan Kehilangan
"Iya, aku jadi ngerasa harus lebih mandiri, nggak bisa terus bergantung sama keluarga. Aku harus cari cara buat bertahan sendiri.",Perasaan Sedih dan Kehilangan; Perasaan Sebelum Menghadapi Kejadian
"Ada sih beberapa teman, tapi aku nggak mau kelihatan lemah.",Perasaan Marah dan Frustasi
"Aku selalu kepikiran tentang apa yang orang lain pikirkan tentang aku. Kalau ada yang lihat aku sebentar aja, aku langsung mikirÂ Âapa mereka mikir aku aneh? Apa mereka nggak suka aku?Â Pokoknya overthinking terus.",Perasaan Takut dan Kecemasan; Perasaan Sebelum Menghadapi Kejadian
"Mungkin saat aku sedang bersama teman-teman atau di tempat umum. Aku sering merasa kalau mereka sedang menilai aku, terutama soal penampilan aku",Perasaan Takut dan Kecemasan
"IyaÂ aku tahu mungkin nggak semua orang benar-benar memperhatikan aku, tapi aku tetap nggak bisa menghilangkan pikiran itu.",Perasaan Percaya; Perasaan Takut dan Kecemasan
"Iya, soalnya temanku sering cerita tentang masalah orang lain ke aku. Jadi aku kepikiran, gimana kalau dia juga cerita tentang aku ke orang lain?",Perasaan Percaya; Perasaan Takut dan Kecemasan
"BelumÂ aku takut kalau aku ngomong, dia malah tersinggung dan jadi nggak mau temenan sama aku lagi.",Perasaan Sedih dan Kehilangan; Perasaan Takut dan Kecemasan
IyaÂ aku takut dibilang lebay atau nggak percaya sama dia.,Perasaan Takut dan Kecemasan
"IyaÂ aku ngerasa gemuk, jadi aku pengen kurusan. Tapi kata orang-orang, aku sebenarnya nggak gemuk.",Perasaan Sedih dan Kehilangan; Reaksi Terkejut dan Tidak Terduga
"YaÂ aku pengen ngerasa lebih percaya diri. Aku udah mulai diet, dan itu lumayan membantu aku ngerasa lebih baik.",Rasa Syukur dan Apresiasi; Perasaan Sebelum Menghadapi Kejadian
"Iya, Kak. Aku juga nggak mau terlalu ekstrim sihÂ cuma kadang masih kepikiran aja.",Perasaan Takut dan Kecemasan; Perasaan Sebelum Menghadapi Kejadian
YaÂ aku sering nunda-nunda. Ujung-ujungnya aku harus begadang buat ngerjain tugas mendekati deadline.,Perasaan Sedih dan Kehilangan
"Aku sudah mencoba beberapa kaliÂ sejak SMP. Aku nggak tahu kenapa, tapi rasanya aku nggak berguna dan lebih baik nggak ada saja.",Perasaan Sedih dan Kehilangan; Perasaan Marah dan Frustasi; Perasaan Sebelum Menghadapi Kejadian
"Sepertinya karena aku merasa tidak dihargai. Dari dulu aku selalu merasa nggak cukup baik. Aku selalu dibandingkan, selalu dimarahi, dan aku merasa nggak pernah dianggapÂ.",Perasaan Sedih dan Kehilangan; Reaksi Terkejut dan Tidak Terduga
Tapi suara-suara ituÂ mereka nggak berhenti. Aku dengar suara bapak-bapak atau kadang ibu-ibu yang menyuruh aku untuk mati.,Perasaan Takut dan Kecemasan
"Iya, aku mau coba",Perasaan Percaya
"Aku masih ingat semuanyaÂ kejadian waktu aku TK, SD, bahkan SMP. Aku takut. Aku merasa kotor. Aku merasa seharusnya aku bilang ke orang lain, tapi aku takut dimarahi",Perasaan Sedih dan Kehilangan; Perasaan Takut dan Kecemasan
"Tapi aku masih merasa takutÂ aku masih ingat gang itu, aku masih ingat wajahnya. Aku merasa kalau aku lewat tempat itu, aku seperti kembali ke masa itu.",Perasaan Takut dan Kecemasan
"Aku merasa apapun yang aku lakukan nggak pernah cukup. Aku juara kelas, tapi dibandingin sama anak orang lain. Aku mau masuk arsitektur, tapi dilarang. Aku ngerasa nggak punya kendali atas hidupku sendiri.",Perasaan Sedih dan Kehilangan; Perasaan Marah dan Frustasi
"IyaÂ Aku nggak bisa bilang apa-apa ke mereka, karena mereka pasti bilang aku Âkurang bersyukurÂ atau aku ÂmelawanÂ kalau aku ngomong.",Perasaan Takut dan Kecemasan
"Iya, aku merasa seperti nggak bisa mengikuti pelajaran dengan baik. Aku sering nggak ngerti penjelasan dosen, terus akhirnya aku jadi malas untuk mendengarkan lebih lanjut. Kadang, aku merasa dosen suka menilai aku sebagai yang paling Ânggak bisaÂ di kelas, padahal ada yang lain juga sama seperti akuÂ",Perasaan Sedih dan Kehilangan
"Banget. Aku jadi ngerasa nggak pede buat jawab atau berpartisipasi, karena takut salah atau semakin dianggap bodoh",Perasaan Takut dan Kecemasan
"Aku sebenarnya punya teman, tapi lebih dekat dengan yang beda jurusan. Aku nggak tahu kenapa, rasanya lebih nyaman ngobrol sama mereka daripada sama teman-teman di kelas sendiri.",Perasaan Percaya; Perasaan Sedih dan Kehilangan
"IyaÂ biasanya kalau aku merasa tertekan atau capek banget, aku mulai kepikiran buat nyakitin diri sendiri. Tapi aku nggak pernah benar-benar melakukannya, karena aku tahu itu salah",Perasaan Percaya; Perasaan Sedih dan Kehilangan; Perasaan Marah dan Frustasi
"IyaÂ jadi misalnya aku lagi di tempat umum, tiba-tiba ada orang yang lihat aku, entah itu sengaja atau nggakÂ aku langsung kepikiran, 'Apa mereka tahu tentang aku? Apa mereka ngeh sama foto itu?'. Terus aku mulai dengar suara di kepala aku bilang kalau aku nggak pantas hidup, kalau semua orang pasti bakal ngejek akuÂ",Perasaan Takut dan Kecemasan
"Kadang aku coba buat nggak dengerin, tapi rasanya susah. Aku jadi panik, jantungku berdetak cepat, tanganku dingin, dan aku cuma mau cepat-cepat pergi. Kadang aku juga cuma bisa diam, nggak bisa bergerak, tapi di dalam kepalaku rasanya berantakan banget",Perasaan Takut dan Kecemasan; Perasaan Marah dan Frustasi
"IyaÂ aku takut kalau videonya viral terus ada yang ngeh sama aku. Aku takut ada yang ngomongin aku lagi, bilang kalau aku mirip sama foto ituÂ aku nggak mau orang-orang tahu masa laluku",Perasaan Takut dan Kecemasan
SudahÂ tapi aku belum berani upload. Aku takut.,Perasaan Takut dan Kecemasan
"Aku juga nggak tahu. Mungkin karena cowok lebih nggak ribet? Mereka nggak banyak basa-basi. TapiÂ aku juga kadang merasa aneh sendiri karena dulu aku trauma, tapi sekarang malah lebih nyaman dengan mereka.",Perasaan Percaya; Rasa Syukur dan Apresiasi; Reaksi Terkejut dan Tidak Terduga; Perasaan Takut dan Kecemasan
"Aku tuh akhir-akhir ini merasa lelah banget, Kak. Aku ikut banyak kegiatan di UKM, dan itu membuat aku susah fokus di kuliah. Aku juga mulai mengalami panic attack, dan kayakÂ aku nggak bisa ngontrol semuanya.",Perasaan Sedih dan Kehilangan; Perasaan Takut dan Kecemasan
"Aku ikut UKM karena syarat beasiswa, Kak. Tapi sebenarnya aku juga suka kegiatan-kegiatan itu. Masalahnya, aku terlalu banyak mengambil tanggung jawab. Aku jadi wakil ketua di satu kepanitiaan, terus juga ketua di paduan suara UKMÂ semuanya jadi numpuk, dan aku nggak bisa fokus di kuliah.",Rasa Syukur dan Apresiasi; Perasaan Sedih dan Kehilangan; Perasaan Sebelum Menghadapi Kejadian
"Jujur aja, nilainya turun. Aku nggak bisa fokus pas kuis karena tiba-tiba dikasih tugas mendadak dari UKM. Jadi otakku tuh kayak kebagi-bagi terus.",Perasaan Sedih dan Kehilangan; Reaksi Terkejut dan Tidak Terduga; Perasaan Takut dan Kecemasan
"Rasanya panik, Kak. Aku jadi nggak bisa konsentrasi, dan malah makin stres. Aku kayak nggak bisa nolak juga, karena ada ekspektasi dari senior kalau aku harus bisa handle semuanya.",Perasaan Sedih dan Kehilangan; Reaksi Terkejut dan Tidak Terduga; Perasaan Takut dan Kecemasan; Perasaan Marah dan Frustasi
"Pertama kali pas aku dengar ibu bertengkar sama abangku di kos. Aku langsung ke-trigger karena dulu waktu kecil, rumah sering berantakan gara-gara pertengkaran di keluarga. Aku jadi ngerasa kayak kembali ke masa laluÂ tiba-tiba napas aku jadi berat, terus aku nggak bisa mikir jernih, semuanya ngeblank. Aku pingsan.",Perasaan Sedih dan Kehilangan; Perasaan Takut dan Kecemasan
Aku mau cerita soal mantanku duluÂ Aku ngerasa kayakÂ aku nggak bisa lepas dari dia.,Perasaan Sedih dan Kehilangan; Perasaan Takut dan Kecemasan
"Dulu, aku sama dia tuh cocok banget, Kak. Aku pikir dia orang yang bisa jadi pasangan serius buat aku. Tapi yaÂ setelah aku tahu dia selingkuh, aku jadi bingung. Aku marah, aku kecewa, tapi aku masih sayang. Aku nggak tahu harus gimanaÂ",Perasaan Benci dan Jijik; Perasaan Sedih dan Kehilangan; Reaksi Terkejut dan Tidak Terduga; Perasaan Marah dan Frustasi
"Aku kayak nggak percaya, Kak. Aku pikir, aku cukup buat dia. Aku pikir kita serius. Tapi nyatanya dia bisa dekat sama cewek lain dengan gampang.",Perasaan Percaya; Reaksi Terkejut dan Tidak Terduga; Perasaan Marah dan Frustasi
"IyaÂ Aku masih sering kepo media sosialnya, kadang aku juga ketemu dia. Kami masih teman, sihÂ Tapi yaÂ aku nggak tahu ini sehat atau nggak buat aku.",Perasaan Percaya; Rasa Syukur dan Apresiasi; Perasaan Sedih dan Kehilangan; Perasaan Takut dan Kecemasan
Aku mau cerita soal pacarku duluÂ Aku ngerasa kayakÂ aku itu nggak diprioritaskan sama dia.,Perasaan Sedih dan Kehilangan
"Dulu, awal-awal pacaran aku ngerasa diperhatikan banget. Tapi sekarang, dia jarang ngehubungin aku duluan. Kalau aku nggak chat, ya udah, dia juga nggak bakal ngehubungin. Terus kalau aku minta dijemput, dia mau sih, tapi kayakÂ ada syaratnya gitu. Kalau aku beliin dia bensin atau makanan, baru dia jemput. Kalau aku bilang aku nggak punya uang, dia tiba-tiba punya alasan buat nggak bisa ketemu.",Rasa Syukur dan Apresiasi; Perasaan Sedih dan Kehilangan
"Aku kesel, sih. Aku ngerasa kayak aku nggak sepenting itu buat dia. Tapi aku juga bingungÂ Aku sayang sama dia, Kak, tapi aku juga capek.",Perasaan Percaya; Perasaan Sedih dan Kehilangan; Reaksi Terkejut dan Tidak Terduga; Perasaan Marah dan Frustasi
"Iya, kayak aku yang lebih effort dibanding dia. Aku pikir pacaran tuh harusnya bikin bahagia, tapi kenapa aku malah ngerasa kayak gini?",Perasaan Percaya; Perasaan Sedih dan Kehilangan
"IyaÂ Aku ngerasa mama lebih perhatian ke adikku dibanding ke aku. Waktu aku sakit beberapa bulan lalu, dokter nyaranin aku buat dirawat, tapi mama lebih pilih buat adikku aja yang dirawat di rumah sakit. Aku cuma disuruh istirahat di rumah.",Perasaan Sedih dan Kehilangan; Reaksi Terkejut dan Tidak Terduga; Perasaan Takut dan Kecemasan
"Sedih banget, Kak. KayakÂ aku tuh nggak sepenting itu buat mereka. Aku juga sakit, aku juga butuh dirawat, tapi mereka lebih pilih adikku.",Perasaan Sedih dan Kehilangan
PernahÂ Aku bilang ke mama kalau aku juga butuh perhatian. Tapi dia bilang aku jangan banyak permintaan.,Perasaan Sedih dan Kehilangan
"Iya, KakÂ Makanya aku sering diem aja, aku lebih milih nggak cerita lagi ke mama soal perasaanku.",Perasaan Benci dan Jijik; Perasaan Sedih dan Kehilangan
Aku nggak suka ada di tempat ramai. Rasanya nggak nyaman. Aku lebih suka sendiriÂ,Perasaan Benci dan Jijik; Perasaan Sedih dan Kehilangan
"Dari kecil, kayaknya dari SDÂ Aku nggak suka main keluar, lebih nyaman di rumah aja.",Perasaan Benci dan Jijik; Perasaan Sedih dan Kehilangan
IyaÂ Di media sosial lebih gampang. Aku bisa ngobrol sama teman-temanku tanpa harus bertemu langsung.,Rasa Syukur dan Apresiasi; Perasaan Sebelum Menghadapi Kejadian
Mereka nggak melihat aku secara langsungÂ Jadi aku nggak perlu khawatir kelihatan aneh atau gimana.,Perasaan Takut dan Kecemasan; Perasaan Sebelum Menghadapi Kejadian
"Aku ngerasa kayak nggak ada yang benar-benar suka sama aku. Mereka pikir aku aneh karena aku pendiam, jadi aku lebih milih diem aja.",Perasaan Sedih dan Kehilangan
"Iya, mereka pasti mikir aku sombong. Tapi sebenernya aku cuma nggak tahu harus ngomong apa.",Perasaan Sedih dan Kehilangan; Perasaan Takut dan Kecemasan
"IyaÂ Aku memang ingin berbicara soal rasa takut yang sering muncul. Aku tidak tahu kenapa, tapi akhir-akhir ini aku gampang kaget dan cemas setiap saat, bahkan ketika sedang belajar di kamar.",Perasaan Takut dan Kecemasan; Perasaan Sebelum Menghadapi Kejadian
"Misalnya saat aku sedang belajar di kamar, tiba-tiba mendengar suara pintu dapur terbuka, aku langsung kaget dan merasa khawatir. Aku jadi selalu waspada seolah ada sesuatu yang buruk akan terjadi.",Perasaan Benci dan Jijik; Reaksi Terkejut dan Tidak Terduga; Perasaan Takut dan Kecemasan; Perasaan Sebelum Menghadapi Kejadian
"KayakÂ aku takut ketahuan sesuatu. Padahal aku nggak melakukan hal yang salah. Tapi ada rasa seperti dihantui sesuatu, kayak perasaan bersalah yang tidak hilang.",Perasaan Takut dan Kecemasan
"Mungkin sejak kejadian waktu SMA. Waktu itu, keluargaku melakukan ritual komunikasi dengan eyang yang katanya merasuki tubuh tanteku. Tiba-tiba, eyang bilang kalau kakakku sudah melakukan hal yang tidak senonoh dengan pacarnya. Aku benar-benar kagetÂ dan tambah takut karena ibu mendukung pernyataan itu.",Reaksi Terkejut dan Tidak Terduga
"kutÂ Aku takut kalau tiba-tiba aku juga ÂketahuanÂ. Aku tahu aku tidak melakukan hal sejauh kakakku, tapi pacarku dulu memang agak agresif mendekatiku. Aku berusaha menjaga batas, tapi tetap saja, aku takut tiba-tiba disebut melakukan sesuatu yang tidak benar. Aku nggak mau dipermalukan seperti kakakku.",Perasaan Benci dan Jijik; Perasaan Percaya; Perasaan Takut dan Kecemasan; Perasaan Sebelum Menghadapi Kejadian
"Iya, aku takut bangetÂ Setiap hari rasanya seperti ada yang mengawasi dan menilai aku, padahal aku nggak ngapa-ngapain.",Perasaan Sedih dan Kehilangan; Perasaan Takut dan Kecemasan
"Aku merasa ibu tidak pernah memahami aku. Misalnya, waktu aku minta dijemput karena capek kuliah, ibu tetap nyuruh aku pulang naik ojek sendiri. Aku tahu ini mungkin sepele, tapi rasanya kayak aku harus selalu mandiri dan nggak boleh mengeluh. Selain itu, pernah juga saat ada diskusi keluarga tentang liburan, aku ingin ke Taman Safari karena belum pernah lihat binatang secara langsung. Tapi ibu bersikeras memilih Dufan dengan alasan Âaku dulu pernah bilang ingin ke DufanÂ. Aku mencoba menjelaskan, tapi malah ibu diam dan mendiamkan aku selama empat hari.",Perasaan Percaya; Perasaan Sedih dan Kehilangan; Perasaan Sebelum Menghadapi Kejadian
"Kesel, sedih, merasa nggak dihargaiÂ Aku sering merasa seperti disalahkan hanya karena aku anak tengah. Aku merasa suara dan keinginanku tidak dianggap penting.",Perasaan Sedih dan Kehilangan; Reaksi Terkejut dan Tidak Terduga; Perasaan Marah dan Frustasi
"Aku merasa sulit berteman, sulit dihargai, dan juga merasa kesulitan dalam belajar sejak awal kuliah. Aku sudah coba beberapa cara untuk mengatasinya, tapi masih ada yang terasa kurang. Aku ingin tahu apakah yang aku lakukan sudah cukup atau masih perlu diperbaiki.",Perasaan Sedih dan Kehilangan; Perasaan Marah dan Frustasi
"Iya, awalnya aku merasa kaget dengan sistem belajar di kuliah. Dulu waktu sekolah, ujian hanya ada UTS dan UAS. Tapi di kuliah, setiap selesai satu blok materi, langsung ada ujian. Aku jadi kewalahan di awal semester karena harus cepat beradaptasi.",Perasaan Sedih dan Kehilangan; Reaksi Terkejut dan Tidak Terduga
"Aku mulai bikin to-do list dan mengatur waktu belajar. Setelah masuk semester kedua, aku sudah mulai terbiasa dan bisa mengikuti materi lebih baik.",Rasa Syukur dan Apresiasi; Perasaan Sebelum Menghadapi Kejadian
"Sejauh ini cukup membantu, tapi aku masih ingin tahu apakah ada cara lain yang bisa lebih efektif.",Rasa Syukur dan Apresiasi; Perasaan Sebelum Menghadapi Kejadian
"Aku merasa sulit menemukan teman yang satu frekuensi denganku. Aku lebih suka berteman dengan orang yang ada manfaatnya buatku. Kalau mereka pintar di bidang yang aku kurang, aku bisa belajar dari mereka. Tapi kalau menurutku mereka hanya menjadi beban, aku tidak terlalu tertarik untuk berteman dengan mereka.",Perasaan Benci dan Jijik; Perasaan Sedih dan Kehilangan; Perasaan Sebelum Menghadapi Kejadian
"Kayaknya aku dianggap kurang asik, kurang bisa diajak ngobrol hal-hal santai seperti soal perasaan atau kehidupan pribadi. Aku juga sulit berempati kalau mereka cerita soal pacar atau masalah pribadi.",Perasaan Benci dan Jijik; Perasaan Sedih dan Kehilangan
"Sejak SMP. Dulu teman-temanku bilang aku nggak asik karena nggak bisa diajak ngobrol soal pacaran atau hal-hal emosional. Dari situ, aku mulai menjauhi mereka dan hanya berteman dengan yang menurutku ÂbergunaÂ buatku.",Perasaan Sedih dan Kehilangan; Perasaan Sebelum Menghadapi Kejadian
"Sejak kecil, aku merasa tidak ada yang spesial dalam diriku. Orang tuaku sering bilang aku tidak cantik. Rambutku mengembang dan keriting, ibuku tidak suka, jadi sejak kecil aku selalu disuruh rebonding. Sampai sekarang, aku merasa tidak nyaman dengan rambutku sendiri.",Perasaan Benci dan Jijik; Perasaan Sedih dan Kehilangan
IyaÂ Aku merasa tidak berharga karena dari kecil aku dianggap ÂkurangÂ oleh keluargaku sendiri.,Perasaan Sedih dan Kehilangan
"Ya, aku memang agak terganggu. Saat orientasi kemarin, ada beberapa momen di mana aku merasa ditegur dengan nada yang keras, dan itu bikin aku langsung tegang. Aku jadi emosional, merasa nggak nyaman, dan seperti tertekan",Perasaan Benci dan Jijik; Perasaan Takut dan Kecemasan
"Seperti ada sesuatu yang langsung menghantam dadakuÂ Aku merasa seperti kembali ke masa-masa dulu, ketika ayah sering menegurku dengan keras. Dulu, kalau aku melakukan sesuatu yang tidak sesuai dengan harapan orang tua, terutama ayah, aku bisa ditegur habis-habisan. Aku tahu maksudnya baik, tapi tetap saja aku merasa sulit.",Perasaan Percaya; Perasaan Sedih dan Kehilangan; Perasaan Takut dan Kecemasan
"IyaÂ Dulu aku merasa gagal terus di mata ayah. Ada masa di mana aku melakukan banyak hal yang dia tidak setujui, dan itu membuat hubungan kami memburuk. Aku tahu sebagai anak pertama aku harus jadi contoh, harus bisa memenuhi ekspektasi keluarga. Apalagi ayah praktisi hukum, jadi dia ingin aku serius di bidang ini.",Perasaan Percaya; Perasaan Sedih dan Kehilangan; Perasaan Takut dan Kecemasan; Perasaan Marah dan Frustasi
"AwalnyaÂ aku rasa karena ayah. Aku ingin membuktikan bahwa aku bisa berhasil dan bisa membuatnya bangga. Tapi lama-lama, aku mulai merasa tertarik juga. Aku suka beberapa mata kuliahnya dan mulai merasa nyaman. Aku sering diskusi dengan ayah soal hukum sekarang, dan itu membuat hubungan kami membaik. Aku ingin sukses di bidang ini, bukan hanya untuk ayah, tapi juga untuk diriku sendiri.",Rasa Syukur dan Apresiasi; Reaksi Terkejut dan Tidak Terduga; Perasaan Sebelum Menghadapi Kejadian
"IyaÂ Kadang aku takut kalau aku gagal, ayah bakal kecewa lagi. Aku nggak mau mengecewakan dia lagi seperti dulu",Perasaan Takut dan Kecemasan; Perasaan Sebelum Menghadapi Kejadian
Mungkin lebih ke perasaan dalam diriku sendiriÂ Aku hanya ingin memastikan kalau aku bisa melakukan yang terbaik.,Perasaan Sedih dan Kehilangan; Perasaan Sebelum Menghadapi Kejadian
"Segalanya terasa berat. Aku tidak bisa menyelesaikan tugas-tugasku dengan baik, aku selalu menunda pekerjaan, dan semakin lama semakin banyak yang tertumpuk. Aku juga sadar kalau teman-temanku sudah mulai kesal karena aku kurang bisa berkontribusi dalam tugas kelompok.",Perasaan Sedih dan Kehilangan
"Aku mulai mengerjakan tugas, lalu entah bagaimana aku malah terdistraksi. Kadang aku malah bermain handphone, membaca novel, atau tiba-tiba aku merasa mengantuk dan memilih tidur. Saat sadar sudah larut malam, aku panik dan buru-buru mengerjakan, tapi tetap tidak selesai.",Perasaan Benci dan Jijik; Perasaan Sedih dan Kehilangan; Perasaan Takut dan Kecemasan
"Aku merasa sangat bersalahÂ Aku tahu ini salahku, tapi aku tidak bisa mengendalikan diri. Aku hanya ingin berhenti merasa seperti ini.",Perasaan Percaya; Perasaan Sedih dan Kehilangan; Perasaan Takut dan Kecemasan; Perasaan Sebelum Menghadapi Kejadian
"Mereka mulai mengeluh kalau aku kurang berkontribusi. Beberapa dari mereka mencoba mengingatkanku soal tugas, tapi aku tetap tidak bisa mengerjakan dengan baik. Aku minta maaf, tapi aku tetap mengulangi kesalahan yang sama.",Perasaan Benci dan Jijik; Perasaan Sedih dan Kehilangan; Perasaan Takut dan Kecemasan
"Aku merasa semakin buruk. Aku juga sering berbohong untuk menghindari masalahÂ Aku sudah melakukannya sejak SD. Aku bilang ke guru kalau aku sudah mengumpulkan tugas tapi gurunya yang lupa, atau aku meyakinkan ibu bahwa tugas sudah selesai padahal tidak.",Perasaan Benci dan Jijik; Perasaan Takut dan Kecemasan; Perasaan Sebelum Menghadapi Kejadian
"Aku takut dimarahi. Aku benci kalau orang marah padakuÂ Aku pernah ketahuan berbohong dan akibatnya malah lebih parah, tapi tetap saja aku terus melakukannya. Aku seperti refleks berbohong setiap kali merasa terancam.",Perasaan Benci dan Jijik; Perasaan Takut dan Kecemasan
"Ibu sering marahÂ Kalau dia tahu aku tidak mengumpulkan tugas, dia akan berteriak, menjambak, atau memukulku dengan sapu. Aku sangat takut setiap kali dia marah.",Perasaan Percaya; Perasaan Takut dan Kecemasan
"TidakÂ Aku tidak berani. Aku pernah menangis saat dimarahi dan tiba-tiba aku mulai melanturÂ Aku bahkan tidak sadar apa yang aku katakan, tapi aku merasa sangat sakit dan kesepian saat itu.",Perasaan Sedih dan Kehilangan; Perasaan Takut dan Kecemasan
"Ia kagetÂ Dia menangis dan meminta maaf, bahkan akhirnya setuju untuk membiarkan aku mencari bantuan psikolog. Tapi aku tetap takut kalau semuanya akan kembali seperti dulu.",Reaksi Terkejut dan Tidak Terduga; Perasaan Takut dan Kecemasan
"Aku merasa semakin sulit bergaul dengan teman-temanku. Aku sudah mencoba untuk lebih terbuka, tetapi aku tetap merasa mereka tidak menghargai usaha yang aku lakukan. Aku juga merasa tertekan karena nilai IPK-ku tidak mencapai 4.00. Semua orang hanya mengenalku sebagai Âanak pintarÂ, dan aku takut kalau mereka akan berubah pandangan jika aku tidak mempertahankan itu.",Perasaan Sedih dan Kehilangan; Perasaan Takut dan Kecemasan; Perasaan Sebelum Menghadapi Kejadian
"Aku merasa mereka tidak memiliki common sense. Setiap kali aku pergi keluar dengan mereka, aku yang harus mengurus semuanya. Aku harus menyetir, memesan makanan, bahkan membayar untuk mereka. Aku tidak mengerti kenapa mereka tidak bisa lebih mandiri dan bertanggung jawab.",Perasaan Benci dan Jijik; Perasaan Marah dan Frustasi
Tidak. Aku tidak ingin terlihat lemah atau terlalu banyak menuntut. Aku pikir mereka seharusnya bisa mengerti sendiri tanpa aku harus mengatakan apa-apa.,Perasaan Percaya; Perasaan Takut dan Kecemasan
"Ya, karena itu sudah sewajarnya. Tapi ternyata, tidak ada yang paham.",Perasaan Sedih dan Kehilangan; Perasaan Marah dan Frustasi
"Mungkin, tapi aku tetap merasa standar yang aku tetapkan itu benar. Aku tidak ingin menurunkan standar hanya demi bisa berteman dengan mereka.",Perasaan Percaya; Perasaan Sebelum Menghadapi Kejadian
"Aku takut orang-orang akan menganggap aku tidak sepintar yang mereka pikirkan. Semua orang hanya mengenalku sebagai Âanak pintarÂ. Jika aku gagal mempertahankan itu, aku merasa mereka akan mulai meremehkan aku.",Perasaan Takut dan Kecemasan
"Aku tidak tahu... Aku takut kehilangan validasi dari mereka. Jika aku tidak pintar, lalu apa yang tersisa dari aku?",Perasaan Takut dan Kecemasan
"Iya, saya ingin belajar. Tapi saya merasa sulit untuk mengontrol perasaan saya.",Perasaan Marah dan Frustasi
"Saya belum tahu, Kak. Kadang saya ingin tetap bersama, tapi kadang saya berpikir mungkin lebih baik sendiri.",Perasaan Marah dan Frustasi
"Saya coba, tapi masih agak sulit fokus.",Perasaan Marah dan Frustasi
"Saya mencoba menenangkan diri dengan mengatakan ÂItÂs okay, ini cuma sebentar, pasti bisa kokÂ. Tapi tetap saja saya masih merasa cemas.",Perasaan Sebelum Menghadapi Kejadian
"Tidak, mereka justru berusaha memahami saya dan sering memberi motivasi supaya saya lebih tenang.",Rasa Syukur dan Apresiasi
"Tidak, Kak. Saya masih bisa mengendalikannya dan saya juga bisa mengabaikannya jika saya tidak ingin berbicara dengannya.",Perasaan Percaya
"Saya sering merasa bahwa pencapaian saya tidak sebesar teman-teman saya. Saya melihat mereka bisa mengatur waktu dengan baik, selalu aktif di kelas, dan sepertinya tidak terlalu kesulitan menghadapi kuliah. Saya takut tidak bisa berperan dengan baik dalam kehidupan saya sendiri.",Perasaan Sedih dan Kehilangan; Reaksi Terkejut dan Tidak Terduga; Perasaan Sebelum Menghadapi Kejadian
Mungkin saya memang terlalu fokus pada kelemahan saya sendiriÂ,Perasaan Percaya
"Iya, mereka selalu ingin saya menjadi kuat. Saya tidak ingin mengecewakan mereka, jadi saya hanya memendam semuanya.",Perasaan Percaya; Perasaan Marah dan Frustasi
Saya tidak pernah melihatnya dari sudut pandang itu sebelumnya. Saya biasanya hanya menyalahkan diri sendiri.,Reaksi Terkejut dan Tidak Terduga
"Saya tidak ingin membicarakan terlalu banyak tentang itu, Kak. Saya hanya merasa malu. Itu adalah masa yang sangat buruk bagi saya.",Perasaan Benci dan Jijik; Perasaan Sedih dan Kehilangan
"Terima kasih, Kak. Saya tahu saya harus bisa menerima masa lalu, tapi rasanya sulit. Kadang saya merasa ingin melupakan semuanya, tapi di sisi lain saya takut orang lain akan terus mengingatnya.",Perasaan Percaya; Perasaan Sedih dan Kehilangan; Perasaan Takut dan Kecemasan
"Saya diminta membuat video perkenalan di TikTok. Saya sudah membuatnya, tapi saya takut untuk mengunggahnya. Saya khawatir kalau ada yang melihatnya dan mengenali saya dari foto yang dulu tersebar.",Reaksi Terkejut dan Tidak Terduga; Perasaan Takut dan Kecemasan; Perasaan Sebelum Menghadapi Kejadian
Saya tidak tahu... mungkin saya akan merasa lebih lega. Tapi saya juga takut kalau ada yang mengomentari sesuatu yang menyakitkan,Perasaan Percaya; Perasaan Sedih dan Kehilangan; Perasaan Takut dan Kecemasan
"Sejujurnya, saya tidak merasa bersalah. Saya lebih takut kalau teman-teman saya akan menilai saya buruk setelah kejadian itu.",Perasaan Benci dan Jijik; Perasaan Takut dan Kecemasan
"Mungkin ada, tapi saya belum tahu caranya. Saya sering merasa kalau saya tidak bisa mengendalikan reaksi saya ketika marah.",Reaksi Terkejut dan Tidak Terduga; Perasaan Takut dan Kecemasan
"Saya berasal dari SMK, dan di sana saya lebih banyak praktek daripada teori. Begitu masuk kuliah, saya kesulitan mengikuti mata kuliah yang penuh dengan hitungan seperti rangkaian listrik. Di semester 1 saya hanya mendapat nilai 16 untuk mata kuliah itu, tapi di semester 2 saya sudah berusaha lebih keras dan nilainya naik jadi 50.",Rasa Syukur dan Apresiasi; Perasaan Sedih dan Kehilangan
"Saya banyak bertanya kepada teman-teman yang lebih paham. Saya juga mencoba mengulang materi sendiri, tapi tetap terasa sulit bagi saya.",Perasaan Sedih dan Kehilangan; Perasaan Sebelum Menghadapi Kejadian
"Saya sebenarnya ingin mengikuti kelas tambahan atau bimbingan belajar, tapi saya ragu apakah saya masih bisa melanjutkan kuliah.",Perasaan Takut dan Kecemasan; Perasaan Sebelum Menghadapi Kejadian
"Saya ingin mencari pekerjaan yang masih berhubungan dengan bidang teknik atau pekerjaan yang bisa membantu saya menabung. Kalau bisa, saya ingin bekerja di Maranatha, mungkin sebagai asisten laboratorium atau posisi lain yang memungkinkan.",Perasaan Sebelum Menghadapi Kejadian
"Ayah saya pernah bilang bahwa saya ini aneh, bahwa saya merasakan hal yang tidak wajar.",Perasaan Sedih dan Kehilangan
"Biasanya muncul saat saya merasa sendirian. Ketika saya melihat teman-teman yang bisa bermain bersama, tapi saya tidak pernah diajak. Rasanya saya tidak dibutuhkan dan tidak ada yang peduli jika saya ada atau tidak.",Perasaan Sedih dan Kehilangan; Perasaan Takut dan Kecemasan; Perasaan Marah dan Frustasi
"Hanya ayah saya. Tapi seperti yang saya bilang, dia malah memarahi saya",Perasaan Sedih dan Kehilangan
"Saya ingin punya teman, tapi saya tidak tahu bagaimana memulainya.",Perasaan Sedih dan Kehilangan
Tapi saya takut mereka tidak akan peduli dengan saya.,Perasaan Takut dan Kecemasan
"Saya sebenarnya suka bahasa Mandarin dan budaya Cina, makanya saya mengambil program ini.",Rasa Syukur dan Apresiasi
Itu bisa dicoba. Saya ingin punya teman yang bisa mengerti saya.,Rasa Syukur dan Apresiasi
"Saya tidak tahu. Saya takut kalau saya mencoba lagi, saya akan dikhianati lagi.",Perasaan Takut dan Kecemasan
"Mungkin saya bisa mulai berbicara dengan teman di kampus yang sudah lama saya kenal. Saya tahu dia tidak pernah menjelek-jelekkan saya, tapi saya juga tidak pernah terlalu terbuka dengannya.",Perasaan Percaya; Perasaan Sedih dan Kehilangan
Saya mengerti. Saya akan coba perlahan.,Perasaan Percaya
Tapi bagaimana caranya? Saya masih merasa marah dan kecewa.,Perasaan Sedih dan Kehilangan; Perasaan Marah dan Frustasi
Tapi saya tidak tahu bagaimana cara mengekspresikannya dengan benar.,Perasaan Takut dan Kecemasan
"Pernah, tapi saya tidak begitu paham bagaimana cara melakukannya.",Perasaan Sedih dan Kehilangan
"Tapi saya takut kalau saya mengatakan itu, justru akan memperburuk hubungan saya dengan B dan teman-teman lainnya.",Perasaan Takut dan Kecemasan
"Baik, saya akan mencoba. Tapi mungkin saya butuh latihan dulu.",Perasaan Percaya
"Iya. Saya takut kalau saya memaksa, saya akan dianggap membangkang atau tidak menghormati dosen.",Perasaan Takut dan Kecemasan
Orang tua saya tidak akan senang kalau saya pergi ke psikiater. Nenek saya dulu ke psikiater dan selalu diberi obat dalam jumlah banyak. Akhirnya dia malah terkena diabetes. Orang tua saya tidak ingin hal itu terjadi pada saya.,Perasaan Sedih dan Kehilangan; Perasaan Takut dan Kecemasan; Perasaan Sebelum Menghadapi Kejadian
Mungkin... Tapi saya juga tidak yakin. Saya tidak mau ada orang lain yang tahu soal ini.,Perasaan Sebelum Menghadapi Kejadian
"Oke, saya akan coba.",Perasaan Percaya
"Itu susah, Kak. Saya bahkan tidak tahu harus mulai dari mana.",Perasaan Takut dan Kecemasan
"Iya, saya ingin tinggal hanya dengan ibu. Saya merasa lebih bisa bercerita kepadanya, meskipun kami juga sering bertengkar.",Perasaan Sebelum Menghadapi Kejadian
"Tidak, saya tidak mau ke psikiater. Saya tidak mau minum obat seperti nenek saya dulu.",Perasaan Benci dan Jijik
Tapi orang tua saya tidak akan setuju,Perasaan Percaya
"Aku sebenarnya lebih bisa memahami materi jika belajar bersama. Tapi karena aku belum punya teman dekat di kampus, aku lebih banyak belajar sendiri.",Perasaan Sedih dan Kehilangan; Perasaan Sebelum Menghadapi Kejadian
Rasanya nyaman. Aku bisa cerita banyak hal tanpa merasa takut dihakimi.,Rasa Syukur dan Apresiasi
"Biasanya kalau aku ketahuan melanggar aturan yang ibuku buat. Kalau aku ketahuan pacaran, ikut organisasi, atau melakukan hal di luar akademik, pasti langsung dimarahi.",Perasaan Takut dan Kecemasan; Perasaan Sebelum Menghadapi Kejadian
"Maaf, Kak, ibuku marah besar. Aku harus pulang sekarang.",Perasaan Takut dan Kecemasan
"Mungkin aku harus coba, ya?",Perasaan Percaya
Aku mauÂ tapi aku nggak tahu gimana caranya.,Perasaan Sebelum Menghadapi Kejadian
Aku mauÂ tapi aku takut.,Perasaan Takut dan Kecemasan
"Mungkin karena aku merasa mereka lebih kompetitif? Aku ngerasa nggak punya tempat di sana. Aku takut kalau aku berusaha lebih keras, aku malah dinilai sok atau jadi saingan mereka.",Perasaan Sedih dan Kehilangan; Perasaan Takut dan Kecemasan
"Aku belum pernah coba, tapi aku mau coba kalau itu bisa membantu.",Perasaan Percaya; Reaksi Terkejut dan Tidak Terduga
"Iya, KakÂ Aku jadi takut kalau kejadian itu bakal terulang lagi.",Perasaan Takut dan Kecemasan
"Kayaknya lebih banyak negatifnya, Kak. Aku jadi overthinking terus. KayakÂ dia masih peduli nggak, ya? Atau aku cuma jadi cadangan buat dia?",Perasaan Sedih dan Kehilangan; Perasaan Sebelum Menghadapi Kejadian
"Sebagian besar sih karena mantanku, tapi ada juga karena kuliah. Aku jadi nggak fokus, Kak. Aku gampang terdistraksi, sering kepikiran mantanku pas lagi belajar atau pas di kampus.",Perasaan Sedih dan Kehilangan; Perasaan Takut dan Kecemasan
"KayaknyaÂ nggak, Kak. Tapi aku juga nggak tahu harus gimana.",Perasaan Sebelum Menghadapi Kejadian
"Aku suka nulisÂ Tapi kadang kalau aku udah terlalu sedih, aku malah nyakitin diri sendiri.",Perasaan Percaya; Perasaan Takut dan Kecemasan
NggakÂ Aku takut kalau mereka nggak mau ngobrol balik atau malah cuek.,Perasaan Takut dan Kecemasan
Mungkin bisa dicobaÂ Tapi gimana kalau mereka nggak balas?,Perasaan Takut dan Kecemasan
"IyaÂ Kadang aku berpikir, apakah aku ini salah terus di mata mereka?",Perasaan Benci dan Jijik
IyaÂ Aku akan coba,Perasaan Percaya
"Kadang nyaman, kadang nggak. Aku suka kalau punya teman yang bisa diajak diskusi soal akademik, tapi aku juga merasa ada sesuatu yang kurang. Kayak, kok rasanya aku tetap merasa nggak sepenuhnya diterima?",Rasa Syukur dan Apresiasi; Perasaan Sedih dan Kehilangan
"Nggak pernah. Aku merasa ibuku adalah sosok yang sulit aku dekati. Aku ingin dekat, tapi nggak tahu bagaimana caranya.",Perasaan Takut dan Kecemasan
"Itu masuk akalÂ Aku ingin sukses bukan hanya karena ayah, tapi juga karena aku suka bidang ini.",Rasa Syukur dan Apresiasi
"Aku biasanya menyendiri, mendengarkan musik, atau menulis jurnal. Tapi kadang aku hanya menahan semuanya sendiri dan itu rasanya nggak enak.",Perasaan Sedih dan Kehilangan; Perasaan Sebelum Menghadapi Kejadian
Itu terdengar lebih terarahÂ Aku bisa coba itu!,Perasaan Percaya
"Ya, mungkin seperti itu.",Perasaan Percaya
Aku tidak tahu. Aku tidak terbiasa memikirkan hal-hal seperti itu.,Perasaan Sebelum Menghadapi Kejadian
Itu masuk akal. Saya memang sering merasa seperti membeku saat dimarahi.,Perasaan Marah dan Frustasi
"Iya, saya pikir itu satu-satunya cara agar saya bisa membantu keluarga dan tidak terlalu membebani mereka.",Perasaan Marah dan Frustasi
"Itu masuk akal, Kak. Saya memang selalu berpikir bahwa saya akan dipermalukan, padahal kenyataannya teman-teman saya baik-baik saja.",Perasaan Sebelum Menghadapi Kejadian
"Oke, Kak.",Perasaan Takut dan Kecemasan
"IyaÂ aku tahu ini nggak baik, tapi selalu aja kejadian kayak gini.",Perasaan Marah dan Frustasi
Biasanya saat aku sendirianÂ atau saat aku merasa sangat stres. Terutama kalau aku sedang diperlakukan tidak adil oleh orang tua atau saat aku diingatkan tentang masa lalu.,Perasaan Marah dan Frustasi
"Ada, aku nggak suka pelajaran yang terlalu banyak hitung-hitungan atau yang harus ngapalin rumus-rumus. Kalau mata kuliah itu, aku langsung kehilangan semangat buat belajar.",Perasaan Marah dan Frustasi
Kayaknya bisa dicobaÂ tapi aku takut kalau mereka nggak nerima aku.,Perasaan Marah dan Frustasi
NggakÂ biasanya aku cuma menyendiri aja sampai perasaannya hilang sendiri.,Perasaan Marah dan Frustasi
Itu masuk akal sihÂ aku nggak pernah coba cara-cara itu sebelumnya.,Perasaan Sebelum Menghadapi Kejadian
"WahÂ ternyata ini lumayan membantu, ya.",Perasaan Sebelum Menghadapi Kejadian
"Wah, aku jadi lebih tenangÂ Aku bakal coba latihan ini kalau panik lagi.",Perasaan Sebelum Menghadapi Kejadian
"Belum sihÂ Aku biasanya malah tenggelam di media sosial, stalking dia atau nge-scroll tanpa tujuan.",Perasaan Marah dan Frustasi
"WowÂ aku jadi lebih tenang, Kak.",Perasaan Sebelum Menghadapi Kejadian
OkeÂ Aku coba deh.,Perasaan Percaya
BelumÂ Tapi aku biasanya mendengarkan musik atau menyendiri.,Perasaan Sebelum Menghadapi Kejadian
Rasanya lebih enakÂ Kayaknya aku bisa coba ini kalau sedang cemas.,Perasaan Sebelum Menghadapi Kejadian
"Iya, mereka baik. Aku merasa nyaman, tapi kadang aku masih ragu untuk cerita lebih banyak",Perasaan Marah dan Frustasi; Perasaan Sebelum Menghadapi Kejadian
YaÂ Aku mau mencoba.,Perasaan Percaya
"Oke, aku bisa coba itu.",Perasaan Percaya
Itu terdengar masuk akalÂ Aku sering merasa kewalahan kalau harus mengerjakan semuanya sekaligus.,Perasaan Sebelum Menghadapi Kejadian
"Aku tidak tahu apakah itu akan membantu, tapi aku bisa mencobanya.",Perasaan Sebelum Menghadapi Kejadian
"Aku tidak yakin bisa melakukannya. Aku merasa kalau aku menurunkan standar, aku akan ikut menjadi seperti mereka.",Perasaan Marah dan Frustasi
Aku akan coba memikirkannya... Tapi aku masih merasa sulit untuk benar-benar mengubah cara pandangku.,Perasaan Marah dan Frustasi
"Saya mencoba, tapi saya masih kesulitan fokus.",Perasaan Marah dan Frustasi
Saya merasa lebih nyaman. Saya paling suka gerakan menyentuh dada dengan lembut dan memeluk diri sendiri.,Perasaan Sebelum Menghadapi Kejadian
Saya merasa lebih tenang setelah melakukan ini.,Perasaan Sebelum Menghadapi Kejadian
"Saya merasa lebih tenang setelah mencoba ini, Kak.",Perasaan Sebelum Menghadapi Kejadian
"Iya, itu benar. Saya memang menikmati perkuliahan, walaupun saya masih beradaptasi.",Perasaan Sebelum Menghadapi Kejadian
Saya merasa lebih tenang setelah mencoba ini.,Perasaan Sebelum Menghadapi Kejadian
"Saya suka latihan ini, Kak. Saya merasa lebih baik setelah mengatakannya.",Perasaan Sebelum Menghadapi Kejadian
Itu terdengar mudah. Saya akan mencobanya jika merasa marah lagi.,Perasaan Percaya
"Itu terdengar seperti ide yang baik. Saya tidak ingin terus menyimpan dendam, tapi saya juga tidak mau berhubungan lagi dengannya.",Perasaan Sedih dan Kehilangan
"Itu terdengar lebih sopan, tapi tetap menyampaikan apa yang saya inginkan ya?",Perasaan Percaya; Perasaan Sebelum Menghadapi Kejadian
"Itu bisa dicoba, Kak. Tapi aku takut orang-orang sudah punya kelompoknya masing-masing.",Perasaan Percaya; Perasaan Takut dan Kecemasan
"Aku akan coba lebih aktif berbicara, Kak.",Perasaan Percaya; Perasaan Sebelum Menghadapi Kejadian
"Baik, Kak. Mungkin aku bisa mulai melukis atau jalan-jalan sebentar untuk mengurangi stres.",Perasaan Percaya
Hmm... aku tidak tahu apakah itu bisa berhasil. Tapi mungkin aku bisa mencoba.,Perasaan Percaya; Perasaan Takut dan Kecemasan
"Tidak usah, Kak. Aku takut nanti malah tambah parah. Aku akan coba bicara sendiri nanti.",Perasaan Percaya; Perasaan Takut dan Kecemasan
"Journaling? Aku tidak terbiasa menulis tentang diriku sendiri, Kak.",Perasaan Sedih dan Kehilangan
Oke... Saya akan pikirkan lagi.,Perasaan Sebelum Menghadapi Kejadian
Mungkin... Saya tidak tahu. Saya harus berpikir dulu.,Perasaan Sebelum Menghadapi Kejadian
"Baik, aku akan mencobanya.",Perasaan Percaya
"Baik, Kak. Terima kasih banyak.",Rasa Syukur dan Apresiasi
"Iya, Kak. Aku bakal coba. Terima kasih sudah mendengarkan.",Perasaan Percaya; Rasa Syukur dan Apresiasi
"Iya, Kak. Itu kayaknya bisa membantu banget.",Rasa Syukur dan Apresiasi
"Terima kasih, Kak. Aku nggak nyangka aku bisa cerita sejauh iniÂ",Rasa Syukur dan Apresiasi
"Terima kasih, Kak. Aku akan coba semuanya, semoga bisa lebih baik.",Rasa Syukur dan Apresiasi; Perasaan Sebelum Menghadapi Kejadian
"Iya, Kak. Aku bakal cobaÂ Aku juga mau lanjut konseling sih, mungkin ini bisa membantu aku pelan-pelan.",Perasaan Sebelum Menghadapi Kejadian
"Iya, Kak. Aku akan coba semuanya. Aku jadi merasa lebih punya kendali atas situasi ini.",Rasa Syukur dan Apresiasi; Perasaan Sebelum Menghadapi Kejadian
"IyaÂ Aku akan coba, Kak. Terima kasih sudah mendengarkan aku.",Perasaan Percaya; Rasa Syukur dan Apresiasi
"Iya, aku akan cobaÂ Terima kasih, Kak.",Perasaan Percaya
"Iya, aku merasa lebih lega setelah bicara ini. Terima kasih, Kak",Rasa Syukur dan Apresiasi
"Iya, aku akan coba. Aku merasa lebih lega setelah membicarakannya.",Rasa Syukur dan Apresiasi
"Terima kasih juga, Kak. Aku merasa lebih lega setelah membicarakannya. Aku akan coba mulai menulis jurnal dan lebih terbuka dengan teman-temanku.",Rasa Syukur dan Apresiasi; Perasaan Sebelum Menghadapi Kejadian
Itu sulitÂ Tapi aku bisa coba.,Perasaan Sebelum Menghadapi Kejadian
"Terima kasih, Kak. Aku merasa sedikit lebih legaÂ Walaupun aku tahu ini tidak akan mudah.",Perasaan Percaya; Rasa Syukur dan Apresiasi
"Aku rasa cukup untuk hari ini. Aku merasa lebih baik setelah berbicara, meskipun aku masih belum yakin dengan semuanya.",Rasa Syukur dan Apresiasi; Perasaan Takut dan Kecemasan
"Baik, aku akan mencoba. Terima kasih, Kak.",Perasaan Percaya; Rasa Syukur dan Apresiasi
"Aku masih nggak bisa move on dari mantan, rasanya sakit banget dan aku jengkel sama diri sendiri karena masih terjebak dalam kesedihan ini",Perasaan Sedih dan Kehilangan; Perasaan Marah dan Frustasi
"Aku merasa kesepian dan jengkel karena semua temaniku sudah punya pacar, sedangkan aku masih sendiri dan merasa tidak berharga",Perasaan Sedih dan Kehilangan; Perasaan Marah dan Frustasi
"Siapa yang nggak jengkel ketika semua rencana yang sudah disusun dengan baik malah gagal, dan sekarang aku merasa sedih dan kehilangan arah",Perasaan Sedih dan Kehilangan; Perasaan Marah dan Frustasi
"Aku sedih banget ketika tahu bahwa orang tua aku selalu mengecewakanku, dan aku jengkel karena mereka tidak pernah mendengarkan apa yang aku inginkan",Perasaan Sedih dan Kehilangan; Perasaan Marah dan Frustasi
"Aku merasa jengkel dan sedih ketika melihat orang lain yang lebih sukses dari aku, sementara aku masih terjebak dalam kesulitan dan merasa tidak berharga",Perasaan Sedih dan Kehilangan; Perasaan Marah dan Frustasi
"Aku kesal banget karena aku tidak bisa melakukan apa yang aku inginkan, dan sekarang aku merasa sedih dan kehilangan semangat",Perasaan Sedih dan Kehilangan; Perasaan Marah dan Frustasi
"Aku jengkel sama diri sendiri karena tidak bisa mengontrol emosi, dan sekarang aku merasa sedih dan tidak berharga",Perasaan Sedih dan Kehilangan; Perasaan Marah dan Frustasi
"Aku merasa sedih dan jengkel karena semua yang aku lakukan selalu salah, dan sekarang aku merasa kehilangan arah dan tidak tahu apa yang harus dilakukan",Perasaan Sedih dan Kehilangan; Perasaan Marah dan Frustasi
"Aku kesal banget karena aku tidak bisa memenuhi keinginan orang tua, dan sekarang aku merasa sedih dan merasa tidak berharga",Perasaan Sedih dan Kehilangan; Perasaan Marah dan Frustasi
"Aku jengkel sama teman-teman yang tidak pernah mendengarkan aku, dan sekarang aku merasa sedih dan kesepian",Perasaan Sedih dan Kehilangan; Perasaan Marah dan Frustasi
"Aku merasa sedih dan jengkel karena aku tidak bisa melakukan apa yang aku inginkan, dan sekarang aku merasa kehilangan semangat dan tidak berharga",Perasaan Sedih dan Kehilangan; Perasaan Marah dan Frustasi
"Aku kesal banget karena aku tidak bisa mengatasi masalah, dan sekarang aku merasa sedih dan merasa tidak berharga",Perasaan Sedih dan Kehilangan; Perasaan Marah dan Frustasi
"Aku jengkel sama diri sendiri karena tidak bisa mengontrol emosi, dan sekarang aku merasa sedih dan kehilangan arah",Perasaan Sedih dan Kehilangan; Perasaan Marah dan Frustasi
"Aku merasa sedih dan jengkel karena semua yang aku lakukan selalu gagal, dan sekarang aku merasa kehilangan semangat dan tidak berharga",Perasaan Sedih dan Kehilangan; Perasaan Marah dan Frustasi
"Aku kesal banget karena aku tidak bisa memenuhi keinginan diri sendiri, dan sekarang aku merasa sedih dan merasa tidak berharga",Perasaan Sedih dan Kehilangan; Perasaan Marah dan Frustasi
"Aku jengkel sama orang lain yang tidak pernah mendengarkan aku, dan sekarang aku merasa sedih dan kesepian",Perasaan Sedih dan Kehilangan; Perasaan Marah dan Frustasi
"Aku merasa sedih dan jengkel karena aku tidak bisa melakukan apa yang aku inginkan, dan sekarang aku merasa kehilangan arah dan tidak berharga",Perasaan Sedih dan Kehilangan; Perasaan Marah dan Frustasi
"Aku kesal banget karena aku tidak bisa mengatasi kesulitan, dan sekarang aku merasa sedih dan merasa tidak berharga",Perasaan Sedih dan Kehilangan; Perasaan Marah dan Frustasi
"Aku jengkel sama diri sendiri karena tidak bisa mengontrol emosi, dan sekarang aku merasa sedih dan kehilangan semangat",Perasaan Sedih dan Kehilangan; Perasaan Marah dan Frustasi
"Aku merasa sedih dan jengkel karena semua yang aku lakukan selalu salah, dan sekarang aku merasa kehilangan arah dan tidak berharga",Perasaan Sedih dan Kehilangan; Perasaan Marah dan Frustasi
Aku takut banget tidak bisa menghadapi ujian besok karena tadi malam aku baru tahu bahwa materi ujian jauh lebih sulit daripada yang aku bayangkan,Reaksi Terkejut dan Tidak Terduga; Perasaan Takut dan Kecemasan
Aku khawatir sekali karena nilaiku yang rendah di semester ini membuat aku merasa gugup dan kaget saat mendengar bahwa aku harus mengulang mata kuliah itu,Reaksi Terkejut dan Tidak Terduga; Perasaan Takut dan Kecemasan
Aku merasa sangat cemas dan panik karena aku baru saja mengetahui bahwa aku tidak lolos seleksi beasiswa yang aku lamar,Reaksi Terkejut dan Tidak Terduga; Perasaan Takut dan Kecemasan
Aku benar-benar takut tidak bisa membayar biaya kuliah karena orang tuaku mengalami kesulitan keuangan dan aku baru saja mengetahui hal itu,Reaksi Terkejut dan Tidak Terduga; Perasaan Takut dan Kecemasan
Aku merasa sangat takut dan kaget ketika aku tahu bahwa aku harus pindah ke asrama yang jauh dari kampus karena aku tidak mendapatkan asrama yang aku inginkan,Reaksi Terkejut dan Tidak Terduga; Perasaan Takut dan Kecemasan
"Aku khawatir sekali karena aku baru saja mengetahui bahwa aku memiliki kesempatan untuk magang di perusahaan besar, tapi aku takut tidak bisa memenuhi ekspektasi mereka",Reaksi Terkejut dan Tidak Terduga; Perasaan Takut dan Kecemasan
"Aku merasa sangat gugup dan bingung karena aku baru saja mengetahui bahwa aku harus memilih antara dua pilihan yang sangat sulit, yaitu melanjutkan kuliah atau bekerja",Reaksi Terkejut dan Tidak Terduga; Perasaan Takut dan Kecemasan
Aku takut sekali karena aku baru saja mengetahui bahwa aku memiliki utang yang sangat besar dan aku tidak tahu bagaimana cara membayarnya,Reaksi Terkejut dan Tidak Terduga; Perasaan Takut dan Kecemasan
Aku merasa sangat cemas dan takut karena aku baru saja mengetahui bahwa aku harus menghadapi konsekuensi dari tindakanku yang salah,Reaksi Terkejut dan Tidak Terduga; Perasaan Takut dan Kecemasan
Aku khawatir sekali karena aku baru saja mengetahui bahwa aku tidak memiliki kemampuan yang cukup untuk mencapai tujuanku,Reaksi Terkejut dan Tidak Terduga; Perasaan Takut dan Kecemasan
Aku merasa sangat takut dan kaget karena aku baru saja mengetahui bahwa aku harus berhadapan dengan orang yang aku tidak sukai,Reaksi Terkejut dan Tidak Terduga; Perasaan Takut dan Kecemasan
Aku merasa sangat gugup dan bingung karena aku baru saja mengetahui bahwa aku harus membuat keputusan yang sangat penting dan aku tidak tahu apa yang harus aku lakukan,Reaksi Terkejut dan Tidak Terduga; Perasaan Takut dan Kecemasan
Aku takut sekali karena aku baru saja mengetahui bahwa aku memiliki masalah kesehatan yang serius dan aku tidak tahu bagaimana cara mengobatinya,Reaksi Terkejut dan Tidak Terduga; Perasaan Takut dan Kecemasan
Aku khawatir sekali karena aku baru saja mengetahui bahwa aku harus menghadapi persaingan yang sangat ketat di dunia kerja,Reaksi Terkejut dan Tidak Terduga; Perasaan Takut dan Kecemasan
Aku merasa sangat cemas dan takut karena aku baru saja mengetahui bahwa aku tidak memiliki jaminan untuk masa depanku,Reaksi Terkejut dan Tidak Terduga; Perasaan Takut dan Kecemasan
Aku merasa sangat takut dan kaget karena aku baru saja mengetahui bahwa aku harus berpisah dengan orang yang aku cintai,Reaksi Terkejut dan Tidak Terduga; Perasaan Takut dan Kecemasan
Aku khawatir sekali karena aku baru saja mengetahui bahwa aku memiliki tanggung jawab yang sangat besar dan aku tidak tahu bagaimana cara memenuhinya,Reaksi Terkejut dan Tidak Terduga; Perasaan Takut dan Kecemasan
Aku merasa sangat gugup dan bingung karena aku baru saja mengetahui bahwa aku harus memilih antara dua pilihan yang sangat berbeda,Reaksi Terkejut dan Tidak Terduga; Perasaan Takut dan Kecemasan
"Aku takut sekali karena aku baru saja mengetahui bahwa aku memiliki kesempatan untuk melakukan sesuatu yang aku impikan, tapi aku takut tidak bisa memenuhi ekspektasi orang lain",Reaksi Terkejut dan Tidak Terduga; Perasaan Takut dan Kecemasan
Aku merasa sangat cemas dan takut karena aku baru saja mengetahui bahwa aku harus menghadapi konsekuensi dari tindakanku yang salah dan aku tidak tahu bagaimana cara mengatasinya,Reaksi Terkejut dan Tidak Terduga; Perasaan Takut dan Kecemasan
Aku khawatir sekali karena aku baru saja mengetahui bahwa aku tidak memiliki kemampuan yang cukup untuk mencapai tujuanku dan aku merasa sangat gugup,Reaksi Terkejut dan Tidak Terduga; Perasaan Takut dan Kecemasan
Aku merasa sangat takut dan kaget karena aku baru saja mengetahui bahwa aku harus berhadapan dengan orang yang aku tidak sukai dan aku tidak tahu bagaimana cara menghadapinya,Reaksi Terkejut dan Tidak Terduga; Perasaan Takut dan Kecemasan
Aku takut sekali karena aku baru saja mengetahui bahwa aku memiliki masalah yang sangat serius dan aku tidak tahu bagaimana cara mengatasinya,Reaksi Terkejut dan Tidak Terduga; Perasaan Takut dan Kecemasan
Aku khawatir sekali karena aku baru saja mengetahui bahwa aku harus menghadapi persaingan yang sangat ketat di dunia kerja dan aku merasa sangat cemas,Reaksi Terkejut dan Tidak Terduga; Perasaan Takut dan Kecemasan
Aku merasa sangat takut dan kaget karena aku baru saja mengetahui bahwa aku harus berpisah dengan orang yang aku cintai dan aku tidak tahu bagaimana cara menghadapinya,Reaksi Terkejut dan Tidak Terduga; Perasaan Takut dan Kecemasan
Aku merasa sangat gugup dan bingung karena aku baru saja mengetahui bahwa aku harus memilih antara dua pilihan yang sangat berbeda dan aku tidak tahu apa yang harus aku lakukan,Reaksi Terkejut dan Tidak Terduga; Perasaan Takut dan Kecemasan
"Aku takut sekali karena aku baru saja mengetahui bahwa aku memiliki kesempatan untuk melakukan sesuatu yang aku impikan, tapi aku takut tidak bisa memenuhi ekspektasi orang lain dan aku merasa sangat cemas",Reaksi Terkejut dan Tidak Terduga; Perasaan Takut dan Kecemasan
Aku khawatir sekali karena aku baru saja mengetahui bahwa aku tidak memiliki kemampuan yang cukup untuk mencapai tujuanku dan aku merasa sangat gugup dan bingung,Reaksi Terkejut dan Tidak Terduga; Perasaan Takut dan Kecemasan
Aku takut sekali karena aku baru saja mengetahui bahwa aku memiliki masalah yang sangat serius dan aku tidak tahu bagaimana cara mengatasinya dan aku merasa sangat gugup,Reaksi Terkejut dan Tidak Terduga; Perasaan Takut dan Kecemasan
Aku merasa sangat takut dan kaget karena aku baru saja mengetahui bahwa aku harus berpisah dengan orang yang aku cintai dan aku tidak tahu bagaimana cara menghadapinya dan aku merasa sangat cemas,Reaksi Terkejut dan Tidak Terduga; Perasaan Takut dan Kecemasan
"Aku merasa lega banget setelah ngobrol sama kakak konseling, jadi aku percaya kalau aku bisa melewati masa sulit ini",Perasaan Percaya; Rasa Syukur dan Apresiasi
"Aku sangat berterima kasih atas saran kakak, aku sih merasa lebih baik sekarang dan aku percaya aku bisa menghadapi tantangan",Perasaan Percaya; Rasa Syukur dan Apresiasi
"Senang banget aku bisa curhat sama kakak konseling, aku jadi merasa lebih ringan dan aku mau mencoba saran yang diberikan",Perasaan Percaya; Rasa Syukur dan Apresiasi
"Aku merasa beruntung bisa ketemu kakak konseling yang sabar dan pengertian, aku jadi merasa lebih percaya diri",Perasaan Percaya; Rasa Syukur dan Apresiasi
"Aku sih merasa sangat berterima kasih atas bantuan kakak, aku percaya aku bisa mengatasi masalahku dan aku merasa lebih baik sekarang",Perasaan Percaya; Rasa Syukur dan Apresiasi
"Aku lega banget karena aku bisa berbicara terbuka dengan kakak konseling, aku jadi merasa lebih ringan dan aku percaya aku bisa melanjutkan",Perasaan Percaya; Rasa Syukur dan Apresiasi
"Aku sangat menghargai waktu dan saran kakak, aku merasa lebih baik dan aku percaya aku bisa mencapai tujuanku",Perasaan Percaya; Rasa Syukur dan Apresiasi
"Aku merasa lebih baik setelah ngobrol sama kakak konseling, aku sih percaya kalau aku bisa melewati masa sulit ini dengan baik",Perasaan Percaya; Rasa Syukur dan Apresiasi
"Aku berterima kasih banget atas bantuan kakak, aku jadi merasa lebih percaya diri dan aku mau mencoba saran yang diberikan",Perasaan Percaya; Rasa Syukur dan Apresiasi
"Aku sangat senang bisa ketemu kakak konseling yang peduli, aku merasa lebih ringan dan aku percaya aku bisa menghadapi tantangan",Perasaan Percaya; Rasa Syukur dan Apresiasi
"Aku sih merasa lega karena aku bisa curhat sama kakak konseling, aku jadi merasa lebih baik dan aku percaya aku bisa melanjutkan",Perasaan Percaya; Rasa Syukur dan Apresiasi
"Aku sangat menghargai saran dan bantuan kakak, aku merasa lebih baik dan aku percaya aku bisa mencapai tujuanku dengan baik",Perasaan Percaya; Rasa Syukur dan Apresiasi
"Aku merasa beruntung bisa memiliki kakak konseling yang sabar, aku jadi merasa lebih percaya diri dan aku mau mencoba saran yang diberikan",Perasaan Percaya; Rasa Syukur dan Apresiasi
"Aku lega banget karena aku bisa berbicara terbuka dengan kakak konseling, aku jadi merasa lebih ringan dan aku percaya aku bisa mengatasi masalahku",Perasaan Percaya; Rasa Syukur dan Apresiasi
"Aku sangat berterima kasih atas waktu dan perhatian kakak, aku merasa lebih baik dan aku percaya aku bisa melanjutkan dengan baik",Perasaan Percaya; Rasa Syukur dan Apresiasi
"Aku sih merasa sangat berterima kasih atas bantuan kakak, aku jadi merasa lebih percaya diri dan aku percaya aku bisa menghadapi tantangan",Perasaan Percaya; Rasa Syukur dan Apresiasi
"Aku merasa lebih baik setelah ngobrol sama kakak konseling, aku sih percaya kalau aku bisa melewati masa sulit ini dengan baik dan aku merasa lega",Perasaan Percaya; Rasa Syukur dan Apresiasi
"Aku sangat menghargai saran dan bantuan kakak, aku merasa lebih baik dan aku percaya aku bisa mencapai tujuanku dengan baik dan aku merasa berterima kasih",Perasaan Percaya; Rasa Syukur dan Apresiasi
"Aku sih merasa lega karena aku bisa curhat sama kakak konseling, aku jadi merasa lebih baik dan aku percaya aku bisa melanjutkan dengan baik",Perasaan Percaya; Rasa Syukur dan Apresiasi
"Aku berterima kasih banget atas bantuan kakak, aku jadi merasa lebih percaya diri dan aku mau mencoba saran yang diberikan dengan baik",Perasaan Percaya; Rasa Syukur dan Apresiasi
"Aku sangat senang bisa ketemu kakak konseling yang peduli, aku merasa lebih ringan dan aku percaya aku bisa menghadapi tantangan dengan baik",Perasaan Percaya; Rasa Syukur dan Apresiasi
"Aku merasa lebih baik setelah ngobrol sama kakak konseling, aku sih percaya kalau aku bisa melewati masa sulit ini dengan baik dan aku merasa lega banget",Perasaan Percaya; Rasa Syukur dan Apresiasi
"Aku sangat menghargai waktu dan perhatian kakak, aku merasa lebih baik dan aku percaya aku bisa melanjutkan dengan baik dan aku merasa berterima kasih",Perasaan Percaya; Rasa Syukur dan Apresiasi
"Aku sih merasa sangat berterima kasih atas bantuan kakak, aku jadi merasa lebih percaya diri dan aku percaya aku bisa menghadapi tantangan dengan baik",Perasaan Percaya; Rasa Syukur dan Apresiasi
"Aku merasa beruntung bisa memiliki kakak konseling yang sabar, aku jadi merasa lebih percaya diri dan aku mau mencoba saran yang diberikan dengan baik",Perasaan Percaya; Rasa Syukur dan Apresiasi
"Aku lega banget karena aku bisa berbicara terbuka dengan kakak konseling, aku jadi merasa lebih ringan dan aku percaya aku bisa mengatasi masalahku dengan baik",Perasaan Percaya; Rasa Syukur dan Apresiasi
"Aku sangat berterima kasih atas saran dan bantuan kakak, aku merasa lebih baik dan aku percaya aku bisa mencapai tujuanku dengan baik",Perasaan Percaya; Rasa Syukur dan Apresiasi
"Aku sih merasa lega karena aku bisa curhat sama kakak konseling, aku jadi merasa lebih baik dan aku percaya aku bisa melanjutkan dengan baik dan aku merasa berterima kasih",Perasaan Percaya; Rasa Syukur dan Apresiasi
"Aku sangat menghargai saran dan bantuan kakak, aku merasa lebih baik dan aku percaya aku bisa mencapai tujuanku dengan baik dan aku merasa lega banget",Perasaan Percaya; Rasa Syukur dan Apresiasi
"Aku merasa lebih baik setelah ngobrol sama kakak konseling, aku sih percaya kalau aku bisa melewati masa sulit ini dengan baik dan aku merasa lega banget dan aku berterima kasih",Perasaan Percaya; Rasa Syukur dan Apresiasi
"Aku benci banget sama situasi hidupku sekarang, sih, karena aku merasa kehilangan arah dan tujuan hidupku, gitu",Perasaan Benci dan Jijik; Perasaan Sedih dan Kehilangan
"Aku nggak tahu harus ngapain lagi, tuh, karena aku sudah muak dengan semua yang terjadi dan merasa sedih banget karena kehilangan teman baikku",Perasaan Benci dan Jijik; Perasaan Sedih dan Kehilangan
"Aku jijik sama diriku sendiri karena aku merasa tidak berharga dan putus asa, sih, setelah kehilangan pekerjaan",Perasaan Benci dan Jijik; Perasaan Sedih dan Kehilangan
"Aku merasa kesepian banget, tuh, karena aku benci dengan keadaan sekitar dan merasa kehilangan motivasi hidup",Perasaan Benci dan Jijik; Perasaan Sedih dan Kehilangan
"Aku enggan melakukan apa saja, sih, karena aku merasa sedih dan kehilangan semangat hidup karena benci dengan situasi",Perasaan Benci dan Jijik; Perasaan Sedih dan Kehilangan
"Aku muak dengan semua yang terjadi, tuh, karena aku merasa kehilangan kontrol dan benci dengan diriku sendiri",Perasaan Benci dan Jijik; Perasaan Sedih dan Kehilangan
"Aku benci sama orang-orang yang membuatku merasa sedih dan kehilangan, sih, karena mereka tidak mengerti perasaanku",Perasaan Benci dan Jijik; Perasaan Sedih dan Kehilangan
"Aku merasa tidak berharga, gitu, karena aku benci dengan keadaan hidupku dan merasa kehilangan tujuan",Perasaan Benci dan Jijik; Perasaan Sedih dan Kehilangan
"Aku putus asa, tuh, karena aku merasa kehilangan semangat dan benci dengan semua yang terjadi",Perasaan Benci dan Jijik; Perasaan Sedih dan Kehilangan
"Aku jijik sama keadaan sekitar, sih, karena aku merasa sedih dan kehilangan motivasi hidup",Perasaan Benci dan Jijik; Perasaan Sedih dan Kehilangan
"Aku kesepian banget, tuh, karena aku benci dengan situasi dan merasa kehilangan teman",Perasaan Benci dan Jijik; Perasaan Sedih dan Kehilangan
"Aku nggak tahu harus ngapain, sih, karena aku merasa sedih dan kehilangan arah hidupku",Perasaan Benci dan Jijik; Perasaan Sedih dan Kehilangan
"Aku benci sama diriku sendiri, gitu, karena aku merasa tidak berharga dan kehilangan kontrol",Perasaan Benci dan Jijik; Perasaan Sedih dan Kehilangan
"Aku merasa kehilangan semangat, tuh, karena aku benci dengan keadaan hidupku dan sedih banget",Perasaan Benci dan Jijik; Perasaan Sedih dan Kehilangan
"Aku enggan melakukan apa saja, sih, karena aku merasa sedih dan kehilangan motivasi hidup",Perasaan Benci dan Jijik; Perasaan Sedih dan Kehilangan
"Aku muak dengan semua yang terjadi, tuh, karena aku merasa kehilangan tujuan dan benci dengan situasi",Perasaan Benci dan Jijik; Perasaan Sedih dan Kehilangan
"Aku merasa sedih banget, gitu, karena aku benci dengan keadaan sekitar dan kehilangan teman",Perasaan Benci dan Jijik; Perasaan Sedih dan Kehilangan
"Aku putus asa, tuh, karena aku merasa kehilangan semangat dan benci dengan diriku sendiri",Perasaan Benci dan Jijik; Perasaan Sedih dan Kehilangan
"Aku jijik sama keadaan hidupku, sih, karena aku merasa sedih dan kehilangan motivasi",Perasaan Benci dan Jijik; Perasaan Sedih dan Kehilangan
"Aku kesepian banget, tuh, karena aku benci dengan situasi dan merasa kehilangan arah hidup",Perasaan Benci dan Jijik; Perasaan Sedih dan Kehilangan
"Aku nggak tahu harus ngapain lagi, sih, karena aku merasa sedih dan kehilangan kontrol",Perasaan Benci dan Jijik; Perasaan Sedih dan Kehilangan
"Aku benci sama orang-orang yang membuatku merasa sedih, gitu, karena mereka tidak mengerti perasaanku",Perasaan Benci dan Jijik; Perasaan Sedih dan Kehilangan
"Aku merasa tidak berharga, tuh, karena aku benci dengan keadaan hidupku dan merasa kehilangan tujuan",Perasaan Benci dan Jijik; Perasaan Sedih dan Kehilangan
"Aku merasa kehilangan semangat banget, sih, karena aku benci dengan situasi dan sedih banget",Perasaan Benci dan Jijik; Perasaan Sedih dan Kehilangan
"Aku enggan melakukan apa saja, tuh, karena aku merasa sedih dan kehilangan motivasi hidup",Perasaan Benci dan Jijik; Perasaan Sedih dan Kehilangan
"Aku muak dengan semua yang terjadi, gitu, karena aku merasa kehilangan tujuan dan benci dengan keadaan",Perasaan Benci dan Jijik; Perasaan Sedih dan Kehilangan
"Aku merasa sedih banget, tuh, karena aku benci dengan keadaan sekitar dan kehilangan teman baikku",Perasaan Benci dan Jijik; Perasaan Sedih dan Kehilangan
"Aku putus asa, sih, karena aku merasa kehilangan semangat dan benci dengan diriku sendiri",Perasaan Benci dan Jijik; Perasaan Sedih dan Kehilangan
"Aku jijik sama diriku sendiri, gitu, karena aku merasa tidak berharga dan kehilangan kontrol",Perasaan Benci dan Jijik; Perasaan Sedih dan Kehilangan
Aku benar-benar kesal dan cemas karena nilaiku jelek banget,Perasaan Takut dan Kecemasan; Perasaan Marah dan Frustasi
Aku jengkel dan khawatir karena nggak bisa masuk kuliah pagi ini,Perasaan Takut dan Kecemasan; Perasaan Marah dan Frustasi
"Si aku tuh gitu, frustrasi dan takut karena nggak tahu mau ambil jurusan apa",Perasaan Takut dan Kecemasan; Perasaan Marah dan Frustasi
Aku marah dan cemas karena dosenku nggak mau ngasih kesempatan kedua,Perasaan Takut dan Kecemasan; Perasaan Marah dan Frustasi
Aku kesal banget dan panik karena lupa bawa laptop ke kampus,Perasaan Takut dan Kecemasan; Perasaan Marah dan Frustasi
Aku jengkel dan gugup karena harus presentasi di depan kelas,Perasaan Takut dan Kecemasan; Perasaan Marah dan Frustasi
Aku benar-benar frustrasi dan takut karena nggak tahu cara menghadapi ujian,Perasaan Takut dan Kecemasan; Perasaan Marah dan Frustasi
Aku marah dan khawatir karena temenku selalu males-malesan,Perasaan Takut dan Kecemasan; Perasaan Marah dan Frustasi
Aku kesal dan cemas karena nggak bisa fokus belajar karena suara bising,Perasaan Takut dan Kecemasan; Perasaan Marah dan Frustasi
Aku jengkel banget dan panik karena lupa deadline tugas,Perasaan Takut dan Kecemasan; Perasaan Marah dan Frustasi
Aku frustrasi dan takut karena nggak tahu cara membuat makalah,Perasaan Takut dan Kecemasan; Perasaan Marah dan Frustasi
Aku marah dan gugup karena harus menghadapi dosen yang galak,Perasaan Takut dan Kecemasan; Perasaan Marah dan Frustasi
Aku kesal dan khawatir karena nggak bisa membayar SPP,Perasaan Takut dan Kecemasan; Perasaan Marah dan Frustasi
Aku jengkel dan cemas karena nggak tahu cara menggunakan fasilitas kampus,Perasaan Takut dan Kecemasan; Perasaan Marah dan Frustasi
Aku benar-benar frustrasi dan takut karena nggak bisa mengikuti pelajaran,Perasaan Takut dan Kecemasan; Perasaan Marah dan Frustasi
Aku marah dan panik karena lupa bawa buku ke kelas,Perasaan Takut dan Kecemasan; Perasaan Marah dan Frustasi
Aku kesal banget dan gugup karena harus menghadapi ujian tanpa persiapan,Perasaan Takut dan Kecemasan; Perasaan Marah dan Frustasi
Aku jengkel dan khawatir karena nggak tahu cara menghadapi konflik dengan temen,Perasaan Takut dan Kecemasan; Perasaan Marah dan Frustasi
Aku frustrasi dan cemas karena nggak bisa mengembangkan bakat,Perasaan Takut dan Kecemasan; Perasaan Marah dan Frustasi
Aku marah dan takut karena nggak tahu cara menghadapi kesulitan hidup,Perasaan Takut dan Kecemasan; Perasaan Marah dan Frustasi
Aku kesal dan panik karena nggak bisa menyelesaikan tugas,Perasaan Takut dan Kecemasan; Perasaan Marah dan Frustasi
Aku jengkel banget dan gugup karena harus menghadapi tekanan dari ortu,Perasaan Takut dan Kecemasan; Perasaan Marah dan Frustasi
Aku frustrasi dan khawatir karena nggak tahu cara menghadapi perasaan sedih,Perasaan Takut dan Kecemasan; Perasaan Marah dan Frustasi
Aku marah dan cemas karena nggak bisa mengontrol emosi,Perasaan Takut dan Kecemasan; Perasaan Marah dan Frustasi
Aku kesal dan takut karena nggak tahu cara menghadapi kesulitan keuangan,Perasaan Takut dan Kecemasan; Perasaan Marah dan Frustasi
Aku jengkel dan panik karena lupa jadwal kuliah,Perasaan Takut dan Kecemasan; Perasaan Marah dan Frustasi
Aku benar-benar frustrasi dan gugup karena nggak bisa menghadapi persaingan,Perasaan Takut dan Kecemasan; Perasaan Marah dan Frustasi
Aku marah dan khawatir karena nggak tahu cara menghadapi perubahan hidup,Perasaan Takut dan Kecemasan; Perasaan Marah dan Frustasi
Aku kesal banget dan cemas karena nggak bisa mengembangkan karir,Perasaan Takut dan Kecemasan; Perasaan Marah dan Frustasi
Aku benar-benar benci sama kebiasaan pacar baru aku yang bikin aku kaget banget karena tiba-tiba aja dia bilang mau putus,Perasaan Benci dan Jijik; Reaksi Terkejut dan Tidak Terduga
"Gue nggak percaya saat lihat mantan aku yang aku benci banget sedang jalan bareng sama cewe baru, rasanya aku mau muntah",Perasaan Benci dan Jijik; Reaksi Terkejut dan Tidak Terduga
Aku muak banget sama perlakuan dosen aku yang tiba-tiba ngasih tugas baru dan aku kaget karena nggak siap,Perasaan Benci dan Jijik; Reaksi Terkejut dan Tidak Terduga
"Gue jijik banget sama kebiasaan adik aku yang suka nyerap makanan orang lain, dan aku kaget karena dia bahkan nggak malu-maluin",Perasaan Benci dan Jijik; Reaksi Terkejut dan Tidak Terduga
"Aku benar-benar enggan ketika tiba-tiba aku diminta untuk kerja bareng sama orang yang aku benci, rasanya aku mau lari",Perasaan Benci dan Jijik; Reaksi Terkejut dan Tidak Terduga
Gue benci banget sama pola hidup aku yang tidak sehat dan tiba-tiba aku kaget karena mendengar kabar tentang penyakit yang mengancam,Perasaan Benci dan Jijik; Reaksi Terkejut dan Tidak Terduga
"Aku tidak percaya saat mendengar berita tentang temen aku yang aku benci karena dia selingkuh, dan aku merasa jijik",Perasaan Benci dan Jijik; Reaksi Terkejut dan Tidak Terduga
"Gue kaget banget karena tiba-tiba ada berita tentang bencana alam yang menghancurkan tempat tinggal aku, dan aku merasa benci sama nasib",Perasaan Benci dan Jijik; Reaksi Terkejut dan Tidak Terduga
Aku muak banget sama keadaan sekitar aku yang kotor dan tiba-tiba aku kaget karena melihat ada kecelakaan di depan mata,Perasaan Benci dan Jijik; Reaksi Terkejut dan Tidak Terduga
"Gue jijik banget sama kebiasaan orang-orang yang tidak punya empati, dan aku kaget karena mereka bahkan nggak merasa bersalah",Perasaan Benci dan Jijik; Reaksi Terkejut dan Tidak Terduga
"Aku benci banget sama diri aku sendiri karena aku tidak bisa mengontrol emosi aku, dan tiba-tiba aku kaget karena mendengar suara yang menakutkan",Perasaan Benci dan Jijik; Reaksi Terkejut dan Tidak Terduga
"Gue enggan banget untuk menghadapi masalah yang ada, dan tiba-tiba aku kaget karena mendengar kabar yang tidak terduga",Perasaan Benci dan Jijik; Reaksi Terkejut dan Tidak Terduga
"Aku tidak percaya saat melihat orang yang aku benci sedang mendapat kesempatan yang seharusnya aku dapatkan, dan aku merasa jijik",Perasaan Benci dan Jijik; Reaksi Terkejut dan Tidak Terduga
"Gue kaget banget karena tiba-tiba aku mendengar berita tentang kerusuhan di kota aku, dan aku merasa benci sama situasi",Perasaan Benci dan Jijik; Reaksi Terkejut dan Tidak Terduga
"Aku muak banget sama keadaan hidup aku yang tidak pasti, dan tiba-tiba aku kaget karena mendengar tentang perubahan besar yang akan terjadi",Perasaan Benci dan Jijik; Reaksi Terkejut dan Tidak Terduga
"Gue jijik banget sama kebiasaan orang-orang yang suka memanfaatkan orang lain, dan aku kaget karena mereka bahkan nggak merasa bersalah",Perasaan Benci dan Jijik; Reaksi Terkejut dan Tidak Terduga
"Aku benci banget sama diri aku sendiri karena aku tidak bisa mengatasi masalah aku, dan tiba-tiba aku kaget karena mendengar suara yang menakutkan",Perasaan Benci dan Jijik; Reaksi Terkejut dan Tidak Terduga
"Gue enggan banget untuk menghadapi kenyataan yang ada, dan tiba-tiba aku kaget karena mendengar kabar yang tidak terduga",Perasaan Benci dan Jijik; Reaksi Terkejut dan Tidak Terduga
"Aku tidak percaya saat melihat orang yang aku benci sedang mendapat kebahagiaan yang seharusnya aku dapatkan, dan aku merasa jijik",Perasaan Benci dan Jijik; Reaksi Terkejut dan Tidak Terduga
"Gue kaget banget karena tiba-tiba aku mendengar berita tentang bencana yang menghancurkan tempat tinggal aku, dan aku merasa benci sama nasib",Perasaan Benci dan Jijik; Reaksi Terkejut dan Tidak Terduga
"Aku muak banget sama keadaan sekitar aku yang tidak nyaman, dan tiba-tiba aku kaget karena melihat ada kecelakaan di depan mata",Perasaan Benci dan Jijik; Reaksi Terkejut dan Tidak Terduga
"Aku merasa lega karena akhirnya aku bisa ngobrol dengan kamu tentang rencana kuliahku tahun depan, jadi aku bisa lebih siap menghadapi tantangan baru",Rasa Syukur dan Apresiasi; Perasaan Sebelum Menghadapi Kejadian
"Aku senang banget bisa dapat kesempatan ini untuk diskusi tentang masa depanku, sehingga aku bisa lebih antisipasi dalam menghadapi kejadian-kejadian yang akan datang",Rasa Syukur dan Apresiasi; Perasaan Sebelum Menghadapi Kejadian
"Aku merasa berterima kasih karena kamu mau mendengarkan keluhanku, jadi aku bisa lebih siap untuk menghadapi ujian yang akan datang",Rasa Syukur dan Apresiasi; Perasaan Sebelum Menghadapi Kejadian
"Kamu benar-benar membantu aku untuk lebih siap menghadapi kehidupan kuliah, jadi aku merasa lebih percaya diri",Rasa Syukur dan Apresiasi; Perasaan Sebelum Menghadapi Kejadian
"Aku lega karena bisa sharing tentang kekhawatiranku, sehingga aku bisa lebih fokus dalam menghadapi tantangan yang akan datang",Rasa Syukur dan Apresiasi; Perasaan Sebelum Menghadapi Kejadian
"Aku merasa lebih baik setelah ngobrol dengan kamu, jadi aku bisa lebih siap untuk menghadapi kejadian-kejadian yang tidak terduga",Rasa Syukur dan Apresiasi; Perasaan Sebelum Menghadapi Kejadian
"Aku senang karena kamu mau membantu aku untuk membuat rencana studi, sehingga aku bisa lebih antisipasi dalam menghadapi kesulitan",Rasa Syukur dan Apresiasi; Perasaan Sebelum Menghadapi Kejadian
"Aku berterima kasih karena kamu mau menjadi tempat curhatku, jadi aku bisa lebih siap menghadapi kehidupan yang akan datang",Rasa Syukur dan Apresiasi; Perasaan Sebelum Menghadapi Kejadian
"Aku merasa lebih siap menghadapi kehidupan kuliah karena bisa ngobrol dengan kamu tentang pengalamanmu, sehingga aku bisa lebih antisipasi",Rasa Syukur dan Apresiasi; Perasaan Sebelum Menghadapi Kejadian
"Aku lega karena bisa diskusi tentang kebingunganku, sehingga aku bisa lebih fokus dalam menghadapi kejadian-kejadian yang akan datang",Rasa Syukur dan Apresiasi; Perasaan Sebelum Menghadapi Kejadian
"Aku senang banget bisa dapat kesempatan ini untuk belajar dari kamu, sehingga aku bisa lebih siap menghadapi tantangan baru",Rasa Syukur dan Apresiasi; Perasaan Sebelum Menghadapi Kejadian
"Aku merasa berterima kasih karena kamu mau membantu aku untuk membuat keputusan, jadi aku bisa lebih percaya diri",Rasa Syukur dan Apresiasi; Perasaan Sebelum Menghadapi Kejadian
"Aku merasa lebih baik setelah ngobrol dengan kamu, sehingga aku bisa lebih siap untuk menghadapi kejadian-kejadian yang tidak terduga",Rasa Syukur dan Apresiasi; Perasaan Sebelum Menghadapi Kejadian
"Aku senang karena kamu mau membantu aku untuk membuat rencana karir, sehingga aku bisa lebih antisipasi dalam menghadapi kesulitan",Rasa Syukur dan Apresiasi; Perasaan Sebelum Menghadapi Kejadian
"Aku merasa lega karena bisa diskusi tentang kebingunganku, sehingga aku bisa lebih fokus dalam menghadapi kejadian-kejadian yang akan datang",Rasa Syukur dan Apresiasi; Perasaan Sebelum Menghadapi Kejadian
"Aku senang banget bisa dapat kesempatan ini untuk diskusi tentang masa depanku, sehingga aku bisa lebih siap menghadapi tantangan baru",Rasa Syukur dan Apresiasi; Perasaan Sebelum Menghadapi Kejadian
"Aku merasa berterima kasih karena kamu mau membantu aku untuk membuat rencana karir, sehingga aku bisa lebih antisipasi dalam menghadapi kesulitan",Rasa Syukur dan Apresiasi; Perasaan Sebelum Menghadapi Kejadian
"Aku senang karena kamu mau membantu aku untuk membuat keputusan, jadi aku bisa lebih percaya diri",Rasa Syukur dan Apresiasi; Perasaan Sebelum Menghadapi Kejadian
"Aku merasa berterima kasih karena kamu mau membantu aku untuk membuat rencana studi, sehingga aku bisa lebih antisipasi dalam menghadapi kesulitan",Rasa Syukur dan Apresiasi; Perasaan Sebelum Menghadapi Kejadian
"Aku kaget banget ketika tau sih, aku nggak suka sama cara dia memperlakukan orang lain, tapi aku lega karena aku bisa terhindar dari situasi yang tidak enak itu",Perasaan Benci dan Jijik; Rasa Syukur dan Apresiasi; Reaksi Terkejut dan Tidak Terduga
"Aku benci ketika ada orang yang tidak menghargai waktu, tapi aku syukur karena aku bisa belajar dari kesalahan mereka dan menjadi lebih baik",Perasaan Benci dan Jijik; Rasa Syukur dan Apresiasi; Reaksi Terkejut dan Tidak Terduga
"Aku nggak percaya ketika aku mendengar berita itu, tapi aku merasa lega karena aku tidak terlibat dalam hal itu dan bisa fokus pada hal yang lebih positif",Perasaan Benci dan Jijik; Rasa Syukur dan Apresiasi; Reaksi Terkejut dan Tidak Terduga
"Aku kaget banget ketika aku tau bahwa dia sudah tidak suka aku, tapi aku syukur karena aku bisa melanjutkan hidup tanpa beban dan menemukan orang yang lebih baik",Perasaan Benci dan Jijik; Rasa Syukur dan Apresiasi; Reaksi Terkejut dan Tidak Terduga
"Aku jijik ketika melihat kebiasaan buruk mereka, tapi aku apresiasi karena aku bisa belajar dari kesalahan mereka dan tidak mengulangi hal yang sama",Perasaan Benci dan Jijik; Rasa Syukur dan Apresiasi; Reaksi Terkejut dan Tidak Terduga
"Aku bingung ketika aku harus membuat keputusan sulit, tapi aku syukur karena aku memiliki orang-orang yang mendukung aku dan memberikan saran yang baik",Perasaan Benci dan Jijik; Rasa Syukur dan Apresiasi; Reaksi Terkejut dan Tidak Terduga
"Akumuak ketika melihat ketidakadilan, tapi aku lega karena aku bisa melakukan sesuatu untuk mengubahnya dan membuat dunia menjadi lebih baik",Perasaan Benci dan Jijik; Rasa Syukur dan Apresiasi; Reaksi Terkejut dan Tidak Terduga
"Aku kaget banget ketika aku tau bahwa aku diterima di universitas impian aku, tapi aku benci karena aku harus meninggalkan teman-teman aku dan memulai hidup baru",Perasaan Benci dan Jijik; Rasa Syukur dan Apresiasi; Reaksi Terkejut dan Tidak Terduga
"Aku nggak percaya ketika aku mendengar bahwa dia telah berubah menjadi orang yang lebih baik, tapi aku syukur karena aku bisa melihat perkembangan positif dan berharap itu bisa berlanjut",Perasaan Benci dan Jijik; Rasa Syukur dan Apresiasi; Reaksi Terkejut dan Tidak Terduga
"Aku jijik ketika melihat orang yang tidak bertanggung jawab, tapi aku apresiasi karena aku bisa belajar dari kesalahan mereka dan menjadi lebih bertanggung jawab",Perasaan Benci dan Jijik; Rasa Syukur dan Apresiasi; Reaksi Terkejut dan Tidak Terduga
"Aku benci ketika aku melihat kesombongan, tapi aku syukur karena aku bisa belajar dari kesalahan mereka dan menjadi lebih rendah hati",Perasaan Benci dan Jijik; Rasa Syukur dan Apresiasi; Reaksi Terkejut dan Tidak Terduga
"Aku kaget banget ketika aku tau bahwa aku memiliki kesempatan untuk melakukan sesuatu yang aku cintai, tapi aku benci karena aku harus meninggalkan zona nyaman aku dan menghadapi tantangan baru",Perasaan Benci dan Jijik; Rasa Syukur dan Apresiasi; Reaksi Terkejut dan Tidak Terduga
"Aku nggak percaya ketika aku mendengar bahwa aku telah membuat perbedaan dalam kehidupan seseorang, tapi aku syukur karena aku bisa melihat dampak positif dan berharap itu bisa berlanjut",Perasaan Benci dan Jijik; Rasa Syukur dan Apresiasi; Reaksi Terkejut dan Tidak Terduga
"Aku jijik ketika melihat ketidakjujuran, tapi aku apresiasi karena aku bisa belajar dari kesalahan mereka dan menjadi lebih jujur",Perasaan Benci dan Jijik; Rasa Syukur dan Apresiasi; Reaksi Terkejut dan Tidak Terduga
"Aku benci ketika aku melihat orang yang tidak menghargai waktu, tapi aku syukur karena aku bisa belajar dari kesalahan mereka dan menjadi lebih disiplin",Perasaan Benci dan Jijik; Rasa Syukur dan Apresiasi; Reaksi Terkejut dan Tidak Terduga
"Aku kaget banget ketika aku tau bahwa aku diberi kesempatan kedua, tapi aku benci karena aku harus menghadapi konsekuensi dari kesalahan aku dan berusaha untuk memperbaikinya",Perasaan Benci dan Jijik; Rasa Syukur dan Apresiasi; Reaksi Terkejut dan Tidak Terduga
"Aku nggak percaya ketika aku mendengar bahwa aku telah membuat kemajuan besar, tapi aku syukur karena aku bisa melihat hasil dari usaha aku dan berharap itu bisa berlanjut",Perasaan Benci dan Jijik; Rasa Syukur dan Apresiasi; Reaksi Terkejut dan Tidak Terduga
"Aku jijik ketika melihat orang yang tidak memiliki empati, tapi aku apresiasi karena aku bisa belajar dari kesalahan mereka dan menjadi lebih peduli",Perasaan Benci dan Jijik; Rasa Syukur dan Apresiasi; Reaksi Terkejut dan Tidak Terduga
"Aku benci ketika aku melihat ketidakadilan, tapi aku syukur karena aku bisa melakukan sesuatu untuk mengubahnya dan membuat dunia menjadi lebih baik",Perasaan Benci dan Jijik; Rasa Syukur dan Apresiasi; Reaksi Terkejut dan Tidak Terduga
"Aku kaget banget ketika aku tau bahwa aku memiliki kemampuan untuk melakukan sesuatu yang luar biasa, tapi aku benci karena aku harus menghadapi tantangan baru dan berusaha untuk meningkatkan kemampuan aku",Perasaan Benci dan Jijik; Rasa Syukur dan Apresiasi; Reaksi Terkejut dan Tidak Terduga
"Aku nggak percaya ketika aku mendengar bahwa aku telah menjadi inspirasi bagi seseorang, tapi aku syukur karena aku bisa melihat dampak positif dan berharap itu bisa berlanjut",Perasaan Benci dan Jijik; Rasa Syukur dan Apresiasi; Reaksi Terkejut dan Tidak Terduga
"Aku jijik ketika melihat orang yang tidak memiliki rasa tanggung jawab, tapi aku apresiasi karena aku bisa belajar dari kesalahan mereka dan menjadi lebih bertanggung jawab",Perasaan Benci dan Jijik; Rasa Syukur dan Apresiasi; Reaksi Terkejut dan Tidak Terduga
"Aku benci ketika aku melihat keserakahan, tapi aku syukur karena aku bisa belajar dari kesalahan mereka dan menjadi lebih dermawan",Perasaan Benci dan Jijik; Rasa Syukur dan Apresiasi; Reaksi Terkejut dan Tidak Terduga
"Aku kaget banget ketika aku tau bahwa aku diberi kesempatan untuk bekerja sama dengan orang yang aku idolakan, tapi aku benci karena aku harus menghadapi tekanan dan berusaha untuk tidak mengecewakan",Perasaan Benci dan Jijik; Rasa Syukur dan Apresiasi; Reaksi Terkejut dan Tidak Terduga
"Aku nggak percaya ketika aku mendengar bahwa aku telah membuat perbedaan besar dalam kehidupan seseorang, tapi aku syukur karena aku bisa melihat dampak positif dan berharap itu bisa berlanjut",Perasaan Benci dan Jijik; Rasa Syukur dan Apresiasi; Reaksi Terkejut dan Tidak Terduga
"Aku jijik ketika melihat orang yang tidak memiliki integritas, tapi aku apresiasi karena aku bisa belajar dari kesalahan mereka dan menjadi lebih jujur",Perasaan Benci dan Jijik; Rasa Syukur dan Apresiasi; Reaksi Terkejut dan Tidak Terduga
"Aku benci ketika aku melihat ketidakjujuran, tapi aku syukur karena aku bisa belajar dari kesalahan mereka dan menjadi lebih transparan",Perasaan Benci dan Jijik; Rasa Syukur dan Apresiasi; Reaksi Terkejut dan Tidak Terduga
"Aku kaget banget ketika aku tau bahwa aku memiliki kemampuan untuk melakukan sesuatu yang kreatif, tapi aku benci karena aku harus menghadapi kritik dan berusaha untuk meningkatkan kemampuan aku",Perasaan Benci dan Jijik; Rasa Syukur dan Apresiasi; Reaksi Terkejut dan Tidak Terduga
"Aku nggak percaya ketika aku mendengar bahwa aku telah menjadi contoh bagi seseorang, tapi aku syukur karena aku bisa melihat dampak positif dan berharap itu bisa berlanjut",Perasaan Benci dan Jijik; Rasa Syukur dan Apresiasi; Reaksi Terkejut dan Tidak Terduga
"Aku kaget banget ketika aku tau bahwa aku diberi kesempatan untuk melakukan sesuatu yang aku cintai, tapi aku benci karena aku harus meninggalkan zona nyaman aku dan menghadapi tantangan baru",Perasaan Benci dan Jijik; Rasa Syukur dan Apresiasi; Reaksi Terkejut dan Tidak Terduga
"Aku kaget banget ketika aku tau bahwa aku memiliki kemampuan untuk melakukan sesuatu yang kreatif, tapi aku benci karena aku harus menghadapi kritik dan berusaha untuk",Perasaan Benci dan Jijik; Rasa Syukur dan Apresiasi; Reaksi Terkejut dan Tidak Terduga
Aku nggak percaya aku harus menghadapi dosen yang super galak itu di mata kuliah yang aku benci banget,Perasaan Benci dan Jijik; Reaksi Terkejut dan Tidak Terduga; Perasaan Sebelum Menghadapi Kejadian
"Gue sih gitu, nggak siap sama sekali menghadapi ujian yang bakal membuat aku pusing dan benci sama pelajarannya",Perasaan Benci dan Jijik; Reaksi Terkejut dan Tidak Terduga; Perasaan Sebelum Menghadapi Kejadian
"Aku kaget ketika aku tahu aku harus presentasi di depan kelas, dan aku benci public speaking banget",Perasaan Benci dan Jijik; Reaksi Terkejut dan Tidak Terduga; Perasaan Sebelum Menghadapi Kejadian
Gue nggak bisa nerima bahwa aku harus kerja sama dengan orang yang aku benci di proyek kuliah,Perasaan Benci dan Jijik; Reaksi Terkejut dan Tidak Terduga; Perasaan Sebelum Menghadapi Kejadian
Aku bingung harus mulai dari mana karena aku nggak siap menghadapi tantangan di semester baru,Perasaan Benci dan Jijik; Reaksi Terkejut dan Tidak Terduga; Perasaan Sebelum Menghadapi Kejadian
"Aku jijik sama makanan di kantin kampus, tapi aku harus makan disitu karena nggak punya pilihan lain",Perasaan Benci dan Jijik; Reaksi Terkejut dan Tidak Terduga; Perasaan Sebelum Menghadapi Kejadian
Gue kaget saat tahu bahwa aku harus mengambil mata kuliah yang aku benci sebagai syarat kelulusan,Perasaan Benci dan Jijik; Reaksi Terkejut dan Tidak Terduga; Perasaan Sebelum Menghadapi Kejadian
"Aku nggak bisa percaya bahwa aku harus menghadapi konsekuensi dari tindakan yang akuambil, dan itu membuat aku benci sama diri sendiri",Perasaan Benci dan Jijik; Reaksi Terkejut dan Tidak Terduga; Perasaan Sebelum Menghadapi Kejadian
"Aku sih gitu, nggak siap menghadapi tekanan dari orang tua untuk aku harus lulus dengan IPK tinggi",Perasaan Benci dan Jijik; Reaksi Terkejut dan Tidak Terduga; Perasaan Sebelum Menghadapi Kejadian
Gue benci sama diri sendiri karena aku nggak siap menghadapi ujian yang bakal menentukan masa depan aku,Perasaan Benci dan Jijik; Reaksi Terkejut dan Tidak Terduga; Perasaan Sebelum Menghadapi Kejadian
"Aku kaget ketika aku tahu bahwa aku harus pindah ke asrama kampus, dan aku benci sama aturan-aturan disitu",Perasaan Benci dan Jijik; Reaksi Terkejut dan Tidak Terduga; Perasaan Sebelum Menghadapi Kejadian
"Gue nggak siap menghadapi perubahan di kampus, dan itu membuat aku benci sama keadaan sekarang",Perasaan Benci dan Jijik; Reaksi Terkejut dan Tidak Terduga; Perasaan Sebelum Menghadapi Kejadian
"Aku jijik sama tingkah laku teman kuliah aku, tapi aku harus bertoleransi karena kita satu lingkungan",Perasaan Benci dan Jijik; Reaksi Terkejut dan Tidak Terduga; Perasaan Sebelum Menghadapi Kejadian
Aku bingung harus bagaimana karena aku nggak siap menghadapi tantangan di dunia kerja nanti,Perasaan Benci dan Jijik; Reaksi Terkejut dan Tidak Terduga; Perasaan Sebelum Menghadapi Kejadian
Gue kaget saat tahu bahwa aku harus menghadapi kompetisi yang sangat ketat di bidang yang aku minati,Perasaan Benci dan Jijik; Reaksi Terkejut dan Tidak Terduga; Perasaan Sebelum Menghadapi Kejadian
"Aku nggak percaya bahwa aku harus mengambil keputusan yang bakal mempengaruhi masa depan aku, dan itu membuat aku benci sama diri sendiri",Perasaan Benci dan Jijik; Reaksi Terkejut dan Tidak Terduga; Perasaan Sebelum Menghadapi Kejadian
"Gue sih gitu, nggak siap menghadapi tantangan di luar kampus, dan itu membuat aku benci sama keadaan sekarang",Perasaan Benci dan Jijik; Reaksi Terkejut dan Tidak Terduga; Perasaan Sebelum Menghadapi Kejadian
"Aku kaget ketika aku tahu bahwa aku harus menghadapi konsekuensi dari tindakan yang aku ambil, dan itu membuat aku jijik sama diri sendiri",Perasaan Benci dan Jijik; Reaksi Terkejut dan Tidak Terduga; Perasaan Sebelum Menghadapi Kejadian
"Aku nggak bisa percaya bahwa aku harus menghadapi tekanan dari orang tua untuk aku harus lulus dengan IPK tinggi, dan itu membuat aku benci sama keadaan sekarang",Perasaan Benci dan Jijik; Reaksi Terkejut dan Tidak Terduga; Perasaan Sebelum Menghadapi Kejadian
"Gue sih gitu, nggak siap menghadapi perubahan di kampus, dan itu membuat aku benci sama diri sendiri",Perasaan Benci dan Jijik; Reaksi Terkejut dan Tidak Terduga; Perasaan Sebelum Menghadapi Kejadian
"Aku jijik sama makanan di kantin kampus, tapi aku harus makan disitu karena nggak punya pilihan lain, dan itu membuat aku kaget",Perasaan Benci dan Jijik; Reaksi Terkejut dan Tidak Terduga; Perasaan Sebelum Menghadapi Kejadian
"Gue kaget saat tahu bahwa aku harus menghadapi kompetisi yang sangat ketat di bidang yang aku minati, dan itu membuat aku benci sama diri sendiri",Perasaan Benci dan Jijik; Reaksi Terkejut dan Tidak Terduga; Perasaan Sebelum Menghadapi Kejadian
"Aku bingung harus bagaimana karena aku nggak siap menghadapi tantangan di dunia kerja nanti, dan itu membuat aku jijik sama keadaan sekarang",Perasaan Benci dan Jijik; Reaksi Terkejut dan Tidak Terduga; Perasaan Sebelum Menghadapi Kejadian
"Gue sih gitu, nggak siap menghadapi tekanan dari orang tua untuk aku harus lulus dengan IPK tinggi, dan itu membuat aku benci sama diri sendiri",Perasaan Benci dan Jijik; Reaksi Terkejut dan Tidak Terduga; Perasaan Sebelum Menghadapi Kejadian
"Aku kaget ketika aku tahu bahwa aku harus pindah ke asrama kampus, dan aku benci sama aturan-aturan disitu, dan itu membuat aku jijik sama diri sendiri",Perasaan Benci dan Jijik; Reaksi Terkejut dan Tidak Terduga; Perasaan Sebelum Menghadapi Kejadian
"Gue nggak bisa percaya bahwa aku harus menghadapi konsekuensi dari tindakan yang aku ambil, dan itu membuat aku benci sama diri sendiri",Perasaan Benci dan Jijik; Reaksi Terkejut dan Tidak Terduga; Perasaan Sebelum Menghadapi Kejadian
"Aku sih gitu, nggak siap menghadapi ujian yang bakal menentukan masa depan aku, dan itu membuat aku benci sama keadaan sekarang",Perasaan Benci dan Jijik; Reaksi Terkejut dan Tidak Terduga; Perasaan Sebelum Menghadapi Kejadian
"Gue benci sama diri sendiri karena aku nggak siap menghadapi tantangan di luar kampus, dan itu membuat aku kaget",Perasaan Benci dan Jijik; Reaksi Terkejut dan Tidak Terduga; Perasaan Sebelum Menghadapi Kejadian
"Aku jijik sama tingkah laku teman kuliah aku, tapi aku harus bertoleransi karena kita satu lingkungan, dan itu membuat aku benci sama keadaan sekarang",Perasaan Benci dan Jijik; Reaksi Terkejut dan Tidak Terduga; Perasaan Sebelum Menghadapi Kejadian
"Gue kaget saat tahu bahwa aku harus menghadapi perubahan di kampus, dan itu membuat aku benci sama diri sendiri",Perasaan Benci dan Jijik; Reaksi Terkejut dan Tidak Terduga; Perasaan Sebelum Menghadapi Kejadian
"Aku nggak percaya bahwa aku harus mengambil keputusan yang bakal mempengaruhi masa depan aku, dan itu membuat aku jijik sama diri sendiri",Perasaan Benci dan Jijik; Reaksi Terkejut dan Tidak Terduga; Perasaan Sebelum Menghadapi Kejadian
"Gue sih gitu, nggak siap menghadapi kompetisi yang sangat ketat di bidang yang aku minati, dan itu membuat aku benci sama keadaan sekarang",Perasaan Benci dan Jijik; Reaksi Terkejut dan Tidak Terduga; Perasaan Sebelum Menghadapi Kejadian
"Aku bingung harus bagaimana karena aku nggak siap menghadapi tantangan di dunia kerja nanti, dan itu membuat aku benci sama diri sendiri",Perasaan Benci dan Jijik; Reaksi Terkejut dan Tidak Terduga; Perasaan Sebelum Menghadapi Kejadian
"Gue sih gitu, nggak siap menghadapi tekanan dari orang tua untuk aku harus lulus dengan IPK tinggi, dan itu membuat aku jijik sama keadaan sekarang",Perasaan Benci dan Jijik; Reaksi Terkejut dan Tidak Terduga; Perasaan Sebelum Menghadapi Kejadian
"Aku kaget ketika aku tahu bahwa aku harus menghadapi konsekuensi dari tindakan yang aku ambil, dan itu membuat aku benci sama diri sendiri",Perasaan Benci dan Jijik; Reaksi Terkejut dan Tidak Terduga; Perasaan Sebelum Menghadapi Kejadian
"Gue nggak bisa percaya bahwa aku harus menghadapi ujian yang bakal menentukan masa depan aku, dan itu membuat aku benci sama keadaan sekarang",Perasaan Benci dan Jijik; Reaksi Terkejut dan Tidak Terduga; Perasaan Sebelum Menghadapi Kejadian
"Aku sih gitu, nggak siap menghadapi perubahan di kampus, dan itu membuat aku benci sama diri sendiri",Perasaan Benci dan Jijik; Reaksi Terkejut dan Tidak Terduga; Perasaan Sebelum Menghadapi Kejadian
"Aku jijik sama makanan di kantin kampus, tapi aku harus makan disitu karena nggak punya pilihan lain, dan itu membuat aku benci sama keadaan sekarang",Perasaan Benci dan Jijik; Reaksi Terkejut dan Tidak Terduga; Perasaan Sebelum Menghadapi Kejadian
"Gue kaget saat tahu bahwa aku harus menghadapi kompetisi yang sangat ketat di bidang yang aku minati, dan itu membuat aku jijik sama diri sendiri",Perasaan Benci dan Jijik; Reaksi Terkejut dan Tidak Terduga; Perasaan Sebelum Menghadapi Kejadian
"Gue sih gitu, nggak siap menghadapi ujian yang bakal menentukan masa depan aku, dan itu membuat aku benci sama keadaan sekarang",Perasaan Benci dan Jijik; Reaksi Terkejut dan Tidak Terduga; Perasaan Sebelum Menghadapi Kejadian
"Aku kaget ketika aku tahu bahwa aku harus pindah ke asrama kampus, dan aku benci sama aturan-aturan disitu, dan itu membuat aku benci sama diri sendiri",Perasaan Benci dan Jijik; Reaksi Terkejut dan Tidak Terduga; Perasaan Sebelum Menghadapi Kejadian
"Aku nggak percaya bahwa aku harus menghadapi ujian yang bakal menentukan masa depan aku, dan itu membuat aku benci sama diri sendiri",Perasaan Benci dan Jijik; Reaksi Terkejut dan Tidak Terduga; Perasaan Sebelum Menghadapi Kejadian
"Gue sih gitu, nggak siap menghadapi tekanan dari orang tua untuk aku harus lulus dengan IPK tinggi, dan itu membuat aku benci sama keadaan sekarang",Perasaan Benci dan Jijik; Reaksi Terkejut dan Tidak Terduga; Perasaan Sebelum Menghadapi Kejadian
"Aku sih gitu, nggak siap menghadapi kompetisi yang sangat ketat di bidang yang aku minati, dan itu membuat aku jijik sama diri sendiri",Perasaan Benci dan Jijik; Reaksi Terkejut dan Tidak Terduga; Perasaan Sebelum Menghadapi Kejadian
"Aku kaget ketika aku tahu bahwa aku harus pindah ke asrama kampus,",Perasaan Benci dan Jijik; Reaksi Terkejut dan Tidak Terduga; Perasaan Sebelum Menghadapi Kejadian
"Aku merasa lega banget bisa cerita tentang rencana kuliahku ke kakak, dan aku sih percaya kakak bisa bantu aku menghadapi tantangan yang akan datang",Perasaan Percaya; Rasa Syukur dan Apresiasi; Perasaan Sebelum Menghadapi Kejadian
"Aku sangat bersyukur karena bisa mendapatkan kesempatan konseling ini, dan aku berencana untuk mempersiapkan diri dengan baik sebelum menghadapi ujian",Perasaan Percaya; Rasa Syukur dan Apresiasi; Perasaan Sebelum Menghadapi Kejadian
"Aku merasa lebih baik sekarang setelah membicarakan masalahku dengan kakak, dan aku percaya bahwa aku bisa menghadapi tantangan dengan lebih siap",Perasaan Percaya; Rasa Syukur dan Apresiasi; Perasaan Sebelum Menghadapi Kejadian
"Aku berterima kasih atas saran kakak, dan aku sih merasa lebih yakin untuk mengikuti rencana yang telah kita buat bersama",Perasaan Percaya; Rasa Syukur dan Apresiasi; Perasaan Sebelum Menghadapi Kejadian
"Aku merasa syukur karena bisa memiliki kakak konseling yang mau mendengarkan ceritaku, dan aku berencana untuk mempersiapkan diri dengan lebih baik lagi",Perasaan Percaya; Rasa Syukur dan Apresiasi; Perasaan Sebelum Menghadapi Kejadian
"Aku sangat apresiasi kesempatan konseling ini, dan aku percaya bahwa aku bisa belajar dari pengalaman yang akan datang",Perasaan Percaya; Rasa Syukur dan Apresiasi; Perasaan Sebelum Menghadapi Kejadian
"Aku lega karena bisa membicarakan masalahku dengan kakak, dan aku sih merasa lebih siap untuk menghadapi tantangan",Perasaan Percaya; Rasa Syukur dan Apresiasi; Perasaan Sebelum Menghadapi Kejadian
"Aku merasa lebih baik sekarang setelah mendapatkan saran dari kakak, dan aku percaya bahwa aku bisa menghadapi masa depan dengan lebih percaya diri",Perasaan Percaya; Rasa Syukur dan Apresiasi; Perasaan Sebelum Menghadapi Kejadian
"Aku berterima kasih atas bantuan kakak, dan aku sih merasa lebih yakin untuk mengikuti rencana yang telah kita buat bersama",Perasaan Percaya; Rasa Syukur dan Apresiasi; Perasaan Sebelum Menghadapi Kejadian
"Aku merasa syukur karena bisa memiliki kesempatan konseling ini, dan aku berencana untuk mempersiapkan diri dengan lebih baik lagi",Perasaan Percaya; Rasa Syukur dan Apresiasi; Perasaan Sebelum Menghadapi Kejadian
"Aku sih percaya sama kakak konseling, tapi aku marah banget karena aku takut tidak bisa menghadapi masalah ini sendiri",Perasaan Percaya; Perasaan Takut dan Kecemasan; Perasaan Marah dan Frustasi
"Aku coba dulu saran dari kakak, tapi aku khawatir kalau aku masih tidak bisa dan itu membuat aku frustrasi banget",Perasaan Percaya; Perasaan Takut dan Kecemasan; Perasaan Marah dan Frustasi
"Aku mau mencoba lagi, tapi aku takut gagal dan itu membuat aku marah sama diri sendiri",Perasaan Percaya; Perasaan Takut dan Kecemasan; Perasaan Marah dan Frustasi
"Aku percaya sama proses konseling, tapi aku cemas kalau aku tidak bisa mengungkapkan perasaan aku dengan benar dan itu membuat aku jengkel",Perasaan Percaya; Perasaan Takut dan Kecemasan; Perasaan Marah dan Frustasi
"Aku sih terbuka sama kakak, tapi aku takut kalau aku tidak bisa mengontrol emosi aku dan itu membuat aku panik",Perasaan Percaya; Perasaan Takut dan Kecemasan; Perasaan Marah dan Frustasi
"Aku mau mencoba saran dari kakak, tapi aku marah karena aku merasa tidak ada jalan keluar dari masalah ini dan itu membuat aku cemas",Perasaan Percaya; Perasaan Takut dan Kecemasan; Perasaan Marah dan Frustasi
"Aku percaya sama kakak konseling, tapi aku khawatir kalau aku tidak bisa mengatasi rasa takut aku dan itu membuat aku frustrasi",Perasaan Percaya; Perasaan Takut dan Kecemasan; Perasaan Marah dan Frustasi
"Aku coba dulu, tapi aku takut kalau aku tidak bisa dan itu membuat aku marah sama diri sendiri",Perasaan Percaya; Perasaan Takut dan Kecemasan; Perasaan Marah dan Frustasi
"Aku mau mencoba lagi, tapi aku cemas kalau aku tidak bisa menghadapi tantangan ini dan itu membuat aku jengkel",Perasaan Percaya; Perasaan Takut dan Kecemasan; Perasaan Marah dan Frustasi
"Aku sih percaya sama kakak, tapi aku marah karena aku merasa tidak ada yang mengerti aku dan itu membuat aku panik",Perasaan Percaya; Perasaan Takut dan Kecemasan; Perasaan Marah dan Frustasi
"Aku percaya sama proses konseling, tapi aku takut kalau aku tidak bisa mengungkapkan perasaan aku dengan benar dan itu membuat aku frustrasi",Perasaan Percaya; Perasaan Takut dan Kecemasan; Perasaan Marah dan Frustasi
"Aku mau mencoba saran dari kakak, tapi aku khawatir kalau aku tidak bisa mengatasi rasa takut aku dan itu membuat aku cemas",Perasaan Percaya; Perasaan Takut dan Kecemasan; Perasaan Marah dan Frustasi
"Aku sih terbuka sama kakak, tapi aku marah karena aku merasa tidak ada jalan keluar dari masalah ini dan itu membuat aku jengkel",Perasaan Percaya; Perasaan Takut dan Kecemasan; Perasaan Marah dan Frustasi
"Aku mau mencoba lagi, tapi aku cemas kalau aku tidak bisa menghadapi tantangan ini dan itu membuat aku panik",Perasaan Percaya; Perasaan Takut dan Kecemasan; Perasaan Marah dan Frustasi
"Aku percaya sama kakak konseling, tapi aku khawatir kalau aku tidak bisa mengontrol emosi aku dan itu membuat aku frustrasi",Perasaan Percaya; Perasaan Takut dan Kecemasan; Perasaan Marah dan Frustasi
"Aku sih percaya sama kakak, tapi aku marah karena aku merasa tidak ada yang mengerti aku dan itu membuat aku cemas",Perasaan Percaya; Perasaan Takut dan Kecemasan; Perasaan Marah dan Frustasi
"Aku mau mencoba saran dari kakak, tapi aku takut kalau aku tidak bisa mengatasi rasa takut aku dan itu membuat aku jengkel",Perasaan Percaya; Perasaan Takut dan Kecemasan; Perasaan Marah dan Frustasi
"Aku coba dulu, tapi aku khawatir kalau aku tidak bisa dan itu membuat aku marah sama diri sendiri",Perasaan Percaya; Perasaan Takut dan Kecemasan; Perasaan Marah dan Frustasi
"Aku sih terbuka sama kakak, tapi aku marah karena aku merasa tidak ada jalan keluar dari masalah ini dan itu membuat aku panik",Perasaan Percaya; Perasaan Takut dan Kecemasan; Perasaan Marah dan Frustasi
"Aku mau mencoba saran dari kakak, tapi aku khawatir kalau aku tidak bisa mengatasi rasa takut aku dan itu membuat aku panik",Perasaan Percaya; Perasaan Takut dan Kecemasan; Perasaan Marah dan Frustasi
"Aku percaya sama proses konseling, tapi aku khawatir kalau aku tidak bisa mengontrol emosi aku dan itu membuat aku frustrasi",Perasaan Percaya; Perasaan Takut dan Kecemasan; Perasaan Marah dan Frustasi
"Aku percaya sama kakak konseling, tapi aku takut kalau aku tidak bisa mengungkapkan perasaan aku dengan benar dan itu membuat aku frustrasi",Perasaan Percaya; Perasaan Takut dan Kecemasan; Perasaan Marah dan Frustasi
"Aku percaya sama proses konseling, tapi aku khawatir kalau aku tidak bisa mengatasi rasa takut aku dan itu membuat aku frustrasi",Perasaan Percaya; Perasaan Takut dan Kecemasan; Perasaan Marah dan Frustasi
"Aku sih terbuka sama kakak, tapi aku marah karena aku merasa tidak ada jalan keluar dari masalah ini dan itu membuat aku cemas",Perasaan Percaya; Perasaan Takut dan Kecemasan; Perasaan Marah dan Frustasi
"Aku percaya sama kakak konseling, tapi aku takut kalau aku tidak bisa mengungkapkan perasaan aku dengan benar dan itu membuat aku panik",Perasaan Percaya; Perasaan Takut dan Kecemasan; Perasaan Marah dan Frustasi
"Aku mau mencoba saran dari kakak, tapi aku khawatir kalau aku tidak bisa mengatasi rasa takut aku dan itu membuat aku jengkel",Perasaan Percaya; Perasaan Takut dan Kecemasan; Perasaan Marah dan Frustasi
"Aku sih percaya sama kakak, tapi aku marah karena aku merasa tidak ada yang mengerti aku dan itu membuat aku frustrasi",Perasaan Percaya; Perasaan Takut dan Kecemasan; Perasaan Marah dan Frustasi
"Aku percaya sama proses konseling, tapi aku khawatir kalau aku tidak bisa mengatasi rasa takut aku dan itu membuat aku cemas",Perasaan Percaya; Perasaan Takut dan Kecemasan; Perasaan Marah dan Frustasi
"Aku merasa kesal banget karena nggak bisa nyelesain tugas ini, tapi aku juga takut kalau nggak bisa lulus, dan itu membuat aku sedih karena aku merasa gagal",Perasaan Sedih dan Kehilangan; Perasaan Takut dan Kecemasan; Perasaan Marah dan Frustasi
"Aku jengkel dengan diri aku sendiri karena aku tidak bisa mengontrol emosi aku, aku takut kalau aku akan kehilangan kontrol, dan itu membuat aku merasa sedih dan kosong",Perasaan Sedih dan Kehilangan; Perasaan Takut dan Kecemasan; Perasaan Marah dan Frustasi
"Aku merasa frustrasi karena aku tidak bisa melakukan apa yang aku ingin, aku khawatir kalau aku tidak bisa mencapai tujuan aku, dan itu membuat aku merasa putus asa dan kesepian",Perasaan Sedih dan Kehilangan; Perasaan Takut dan Kecemasan; Perasaan Marah dan Frustasi
"Aku merasa marah karena aku tidak bisa mendapatkan apa yang aku inginkan, aku takut kalau aku akan kehilangan kesempatan, dan itu membuat aku merasa sedih dan tidak berharga",Perasaan Sedih dan Kehilangan; Perasaan Takut dan Kecemasan; Perasaan Marah dan Frustasi
"Aku merasa kesal karena aku tidak bisa melakukan apa yang aku ingin, aku khawatir kalau aku tidak bisa mencapai impian aku, dan itu membuat aku merasa frustrasi dan kehilangan",Perasaan Sedih dan Kehilangan; Perasaan Takut dan Kecemasan; Perasaan Marah dan Frustasi
"Aku jengkel dengan orang-orang yang tidak mengerti aku, aku takut kalau aku akan kehilangan hubungan dengan mereka, dan itu membuat aku merasa sedih dan sendirian",Perasaan Sedih dan Kehilangan; Perasaan Takut dan Kecemasan; Perasaan Marah dan Frustasi
"Aku merasa frustrasi karena aku tidak bisa mengatasi masalah aku, aku khawatir kalau aku tidak bisa menemukan solusi, dan itu membuat aku merasa putus asa dan tidak punya harapan",Perasaan Sedih dan Kehilangan; Perasaan Takut dan Kecemasan; Perasaan Marah dan Frustasi
"Aku merasa marah karena aku tidak bisa melakukan apa yang aku ingin, aku takut kalau aku akan kehilangan identitas aku, dan itu membuat aku merasa sedih dan tidak punya tujuan",Perasaan Sedih dan Kehilangan; Perasaan Takut dan Kecemasan; Perasaan Marah dan Frustasi
"Aku merasa kesal karena aku tidak bisa mendapatkan apa yang aku inginkan, aku khawatir kalau aku tidak bisa mencapai kesuksesan, dan itu membuat aku merasa frustrasi dan kehilangan",Perasaan Sedih dan Kehilangan; Perasaan Takut dan Kecemasan; Perasaan Marah dan Frustasi
"Aku merasa jengkel dengan diri aku sendiri karena aku tidak bisa mengontrol emosi aku, aku takut kalau aku akan kehilangan kontrol, dan itu membuat aku merasa sedih dan kosong",Perasaan Sedih dan Kehilangan; Perasaan Takut dan Kecemasan; Perasaan Marah dan Frustasi
"Aku merasa jengkel dengan orang-orang yang tidak mengerti aku, aku takut kalau aku akan kehilangan hubungan dengan mereka, dan itu membuat aku merasa sedih dan sendirian",Perasaan Sedih dan Kehilangan; Perasaan Takut dan Kecemasan; Perasaan Marah dan Frustasi
Aku merasa marah karena,Perasaan Sedih dan Kehilangan; Perasaan Takut dan Kecemasan; Perasaan Marah dan Frustasi
Aku benar-benar kesal dan sedih banget karena nilaiku jelek sekali dan akhirnya aku nggak bisa masuk universitas impianku,Perasaan Sedih dan Kehilangan; Perasaan Marah dan Frustasi
Aku jengkel setengah mati karena aku selalu gagal dalam ujian dan itu membuatku merasa tidak berharga,Perasaan Sedih dan Kehilangan; Perasaan Marah dan Frustasi
Aku nggak tahu harus apa karena aku merasa frustasi dan sedih setelah putus dengan pacarku,Perasaan Sedih dan Kehilangan; Perasaan Marah dan Frustasi
Aku benar-benar marah dan sedih karena aku dibilang tidak cukup baik oleh orang tuaku,Perasaan Sedih dan Kehilangan; Perasaan Marah dan Frustasi
Aku merasa kesepian dan jengkel karena aku tidak punya teman di sekolah,Perasaan Sedih dan Kehilangan; Perasaan Marah dan Frustasi
Aku sedih banget karena aku tidak bisa memenuhi harapan orang tuaku dan itu membuatku marah,Perasaan Sedih dan Kehilangan; Perasaan Marah dan Frustasi
Aku frustasi dan sedih karena aku selalu kalah dalam kompetisi dan itu membuatku merasa tidak berharga,Perasaan Sedih dan Kehilangan; Perasaan Marah dan Frustasi
Aku jengkel dan sedih karena aku tidak bisa mengontrol emosiku sendiri,Perasaan Sedih dan Kehilangan; Perasaan Marah dan Frustasi
Aku merasa tidak berharga dan sedih karena aku selalu diolok-olok oleh teman-temanku,Perasaan Sedih dan Kehilangan; Perasaan Marah dan Frustasi
Aku kesal dan sedih karena aku tidak bisa mencapai tujuanku,Perasaan Sedih dan Kehilangan; Perasaan Marah dan Frustasi
Aku marah dan sedih karena aku merasa tidak adil dalam kehidupan,Perasaan Sedih dan Kehilangan; Perasaan Marah dan Frustasi
Aku nggak tahu harus apa karena aku merasa frustasi dan sedih setelah kehilangan pekerjaan,Perasaan Sedih dan Kehilangan; Perasaan Marah dan Frustasi
Aku jengkel banget karena aku selalu merasa tidak cukup baik,Perasaan Sedih dan Kehilangan; Perasaan Marah dan Frustasi
Aku sedih dan marah karena aku merasa tidak dipahami oleh orang-orang,Perasaan Sedih dan Kehilangan; Perasaan Marah dan Frustasi
Aku frustasi dan sedih karena aku tidak bisa melakukan apa yang aku inginkan,Perasaan Sedih dan Kehilangan; Perasaan Marah dan Frustasi
Aku kesal dan sedih karena aku merasa terjebak dalam kehidupan ini,Perasaan Sedih dan Kehilangan; Perasaan Marah dan Frustasi
Aku marah dan sedih karena aku merasa tidak punya pilihan,Perasaan Sedih dan Kehilangan; Perasaan Marah dan Frustasi
Aku jengkel dan sedih karena aku tidak bisa mengatasi masalahku sendiri,Perasaan Sedih dan Kehilangan; Perasaan Marah dan Frustasi
Aku merasa tidak berharga dan sedih karena aku selalu merasa tidak cukup,Perasaan Sedih dan Kehilangan; Perasaan Marah dan Frustasi
Aku frustasi dan sedih karena aku tidak bisa mengontrol kehidupanku sendiri,Perasaan Sedih dan Kehilangan; Perasaan Marah dan Frustasi
Aku jengkel banget karena aku selalu merasa kesepian,Perasaan Sedih dan Kehilangan; Perasaan Marah dan Frustasi
Aku sedih dan marah karena aku merasa tidak punya tujuan hidup,Perasaan Sedih dan Kehilangan; Perasaan Marah dan Frustasi
Aku sedih banget karena aku tidak bisa memenuhi harapan orang tuaku,Perasaan Sedih dan Kehilangan; Perasaan Marah dan Frustasi
Aku sedih dan marah karena aku merasa tidak berharga,Perasaan Sedih dan Kehilangan; Perasaan Marah dan Frustasi
"Aku baru saja mendapat tugas yang super berat dan aku jadi khawatir banget aku nggak bisa nyelesainnya, sementara itu aku juga kaget karena tugas ini tiba-tiba muncul dan aku nggak siap",Reaksi Terkejut dan Tidak Terduga; Perasaan Takut dan Kecemasan
"Aku takut aku nggak bisa lulus ujian karena aku merasa belum siap, tapi yang lebih parah aku kaget karena aku baru sadar bahwa ujian itu besok",Reaksi Terkejut dan Tidak Terduga; Perasaan Takut dan Kecemasan
"Aku cemas tentang masa depan aku, tapi yang lebih membuat aku kaget adalah aku baru menyadari bahwa aku belum punya rencana yang jelas",Reaksi Terkejut dan Tidak Terduga; Perasaan Takut dan Kecemasan
"Aku khawatir aku nggak bisa menyeimbangkan antara kuliah dan pekerjaan, dan aku juga kaget karena aku baru menyadari bahwa aku harus melakukan keduanya secara bersamaan",Reaksi Terkejut dan Tidak Terduga; Perasaan Takut dan Kecemasan
"Aku takut aku nggak bisa memenuhi ekspektasi orang tua, dan aku juga kaget karena aku baru menyadari bahwa aku harus membuat keputusan yang tepat untuk masa depanku",Reaksi Terkejut dan Tidak Terduga; Perasaan Takut dan Kecemasan
"Aku cemas tentang keuangan aku, tapi yang lebih membuat aku kaget adalah aku baru menyadari bahwa aku harus mencari pekerjaan sampingan",Reaksi Terkejut dan Tidak Terduga; Perasaan Takut dan Kecemasan
"Aku khawatir aku nggak bisa mengatasi stres, dan aku juga kaget karena aku baru menyadari bahwa aku harus mencari cara untuk mengelolanya",Reaksi Terkejut dan Tidak Terduga; Perasaan Takut dan Kecemasan
"Aku takut aku nggak bisa menemukan pekerjaan yang sesuai, tapi yang lebih parah aku kaget karena aku baru sadar bahwa aku harus memiliki kemampuan yang lebih",Reaksi Terkejut dan Tidak Terduga; Perasaan Takut dan Kecemasan
"Aku cemas tentang relasi aku dengan teman-teman, dan aku juga kaget karena aku baru menyadari bahwa aku harus menjaga hubungan yang baik dengan mereka",Reaksi Terkejut dan Tidak Terduga; Perasaan Takut dan Kecemasan
"Aku khawatir aku nggak bisa mengatasi kesulitan, tapi yang lebih membuat aku kaget adalah aku baru menyadari bahwa aku harus mencari solusi yang tepat",Reaksi Terkejut dan Tidak Terduga; Perasaan Takut dan Kecemasan
"Aku takut aku nggak bisa memenuhi target, dan aku juga kaget karena aku baru menyadari bahwa aku harus bekerja lebih keras",Reaksi Terkejut dan Tidak Terduga; Perasaan Takut dan Kecemasan
"Aku cemas tentang kesehatan aku, tapi yang lebih membuat aku kaget adalah aku baru menyadari bahwa aku harus menjaga pola hidup yang sehat",Reaksi Terkejut dan Tidak Terduga; Perasaan Takut dan Kecemasan
"Aku takut aku nggak bisa menemukan jati diri, tapi yang lebih parah aku kaget karena aku baru sadar bahwa aku harus melakukan perjalanan self-discovery",Reaksi Terkejut dan Tidak Terduga; Perasaan Takut dan Kecemasan
"Aku cemas tentang masa depan karir aku, dan aku juga kaget karena aku baru menyadari bahwa aku harus memiliki rencana yang jelas",Reaksi Terkejut dan Tidak Terduga; Perasaan Takut dan Kecemasan
"Aku takut aku nggak bisa memenuhi ekspektasi diri sendiri, dan aku juga kaget karena aku baru menyadari bahwa aku harus membuat keputusan yang tepat",Reaksi Terkejut dan Tidak Terduga; Perasaan Takut dan Kecemasan
"Aku cemas tentang kehilangan kesempatan, tapi yang lebih membuat aku kaget adalah aku baru menyadari bahwa aku harus抓 kesempatan itu",Reaksi Terkejut dan Tidak Terduga; Perasaan Takut dan Kecemasan
"Aku takut aku nggak bisa menemukan pasangan hidup, tapi yang lebih parah aku kaget karena aku baru sadar bahwa aku harus memiliki kesiapan yang lebih",Reaksi Terkejut dan Tidak Terduga; Perasaan Takut dan Kecemasan
"Aku cemas tentang keamanan aku, tapi yang lebih membuat aku kaget adalah aku baru menyadari bahwa aku harus menjaga keselamatan diri",Reaksi Terkejut dan Tidak Terduga; Perasaan Takut dan Kecemasan
"Aku takut aku nggak bisa memenuhi harapan orang lain, dan aku juga kaget karena aku baru menyadari bahwa aku harus membuat keputusan yang tepat",Reaksi Terkejut dan Tidak Terduga; Perasaan Takut dan Kecemasan
"Aku cemas tentang kehilangan identitas, tapi yang lebih membuat aku kaget adalah aku baru menyadari bahwa aku harus melakukan perjalanan self-discovery",Reaksi Terkejut dan Tidak Terduga; Perasaan Takut dan Kecemasan
"Aku khawatir aku nggak bisa mengatasi kesulitan dalam berkomunikasi, tapi yang lebih membuat aku kaget adalah aku baru menyadari bahwa aku harus mencari cara untuk mengelolanya",Reaksi Terkejut dan Tidak Terduga; Perasaan Takut dan Kecemasan
Aku baru saja merasa lega setelah kamu mendengarkan masalahku dan aku sih percaya kalau kamu bisa membantuku menyelesaikannya dengan baik,Perasaan Percaya; Rasa Syukur dan Apresiasi
Aku merasa beruntung banget bisa bertemu denganmu dan aku percaya bahwa kamu bisa membantuku mencari solusi terbaik,Perasaan Percaya; Rasa Syukur dan Apresiasi
Seneng banget aku bisa curhat sama kamu dan aku sih merasa lebih baik sekarang karena kamu mendengarkan dengan sabar dan memberikan saran yang bermanfaat,Perasaan Percaya; Rasa Syukur dan Apresiasi
Aku merasa sangat berterima kasih karena kamu mau meluangkan waktu untuk membantuku dan aku percaya bahwa aku bisa mencapai tujuanku dengan bantuanmu,Perasaan Percaya; Rasa Syukur dan Apresiasi
Aku baru saja merasa bebas dari pikiran negatif setelah kamu memberikan motivasi dan aku sih percaya kalau aku bisa melakukan apa saja dengan keyakinan,Perasaan Percaya; Rasa Syukur dan Apresiasi
Aku merasa sangat apresiasi karena kamu membantuku melihat sudut pandang yang berbeda dan aku percaya bahwa aku bisa membuat keputusan yang lebih baik,Perasaan Percaya; Rasa Syukur dan Apresiasi
Aku sih merasa lega karena kamu tidak menghakimi aku dan aku percaya bahwa aku bisa menjadi diri sendiri tanpa takut dihakimi,Perasaan Percaya; Rasa Syukur dan Apresiasi
Aku merasa sangat berterima kasih karena kamu membantuku menemukan solusi yang kreatif dan aku percaya bahwa aku bisa mencapai tujuanku dengan lebih mudah,Perasaan Percaya; Rasa Syukur dan Apresiasi
Aku baru saja merasa lebih percaya diri setelah kamu memberikan dukungan dan aku sih percaya kalau aku bisa melakukan apa saja yang aku inginkan,Perasaan Percaya; Rasa Syukur dan Apresiasi
Aku merasa sangat bahagia karena kamu membantuku menemukan passionku dan aku percaya bahwa aku bisa mencapai kesuksesan dengan melakukan apa yang aku cintai,Perasaan Percaya; Rasa Syukur dan Apresiasi
Aku sih merasa lega karena kamu membantuku mengatasi rasa takutku dan aku percaya bahwa aku bisa menghadapi tantangan dengan lebih berani,Perasaan Percaya; Rasa Syukur dan Apresiasi
Aku merasa sangat berterima kasih karena kamu membantuku meningkatkan kemampuan aku dan aku percaya bahwa aku bisa mencapai tujuanku dengan lebih cepat,Perasaan Percaya; Rasa Syukur dan Apresiasi
Aku baru saja merasa lebih fokus setelah kamu memberikan saran yang bermanfaat dan aku sih percaya kalau aku bisa mencapai tujuanku dengan lebih efektif,Perasaan Percaya; Rasa Syukur dan Apresiasi
Aku merasa sangat apresiasi karena kamu membantuku mengembangkan kemampuan aku dan aku percaya bahwa aku bisa menjadi lebih baik,Perasaan Percaya; Rasa Syukur dan Apresiasi
Aku sih merasa lega karena kamu membantuku mengatasi masalahku dengan lebih mudah dan aku percaya bahwa aku bisa menghadapi tantangan dengan lebih siap,Perasaan Percaya; Rasa Syukur dan Apresiasi
Aku merasa sangat bahagia karena kamu membantuku menemukan jalan yang tepat dan aku percaya bahwa aku bisa mencapai tujuanku dengan lebih cepat,Perasaan Percaya; Rasa Syukur dan Apresiasi
Aku sih merasa lega karena kamu membantuku mengatasi rasa raguku dan aku percaya bahwa aku bisa mengambil keputusan dengan lebih yakin,Perasaan Percaya; Rasa Syukur dan Apresiasi
Aku merasa sangat berterima kasih karena kamu membantuku meningkatkan kesadaran aku dan aku percaya bahwa aku bisa membuat keputusan yang lebih baik,Perasaan Percaya; Rasa Syukur dan Apresiasi
"Aku benci banget sama keadaan sekarang, rasanya sedih dan kosong karena kehilangan orang yang aku cintai",Perasaan Benci dan Jijik; Perasaan Sedih dan Kehilangan
"Aku muak dengan diri sendiri, sedih karena nggak bisa melakukan apa-apa untuk mengubah keadaan",Perasaan Benci dan Jijik; Perasaan Sedih dan Kehilangan
"Gitu sedihnya aku karena kehilangan teman, tapi aku juga benci sama diri sendiri karena nggak bisa mencegahnya",Perasaan Benci dan Jijik; Perasaan Sedih dan Kehilangan
"Aku enggan untuk menerima kenyataan, tapi sedih karena aku tahu aku harus melanjutkan hidup",Perasaan Benci dan Jijik; Perasaan Sedih dan Kehilangan
"Aku jijik sama orang yang menyebabkan aku sedih, tapi aku juga merasa kehilangan karena nggak ada lagi yang bisa aku percaya",Perasaan Benci dan Jijik; Perasaan Sedih dan Kehilangan
"Aku benci sama kehidupan ini, sedih karena aku merasa tidak berharga",Perasaan Benci dan Jijik; Perasaan Sedih dan Kehilangan
"Aku sedih banget karena kehilangan kesempatan, dan aku juga benci sama diri sendiri karena nggak bisa mengambilnya",Perasaan Benci dan Jijik; Perasaan Sedih dan Kehilangan
"Aku muak dengan semua ini, sedih karena aku merasa sendirian",Perasaan Benci dan Jijik; Perasaan Sedih dan Kehilangan
"Aku benci sama orang yang membuatku sedih, tapi aku juga sedih karena aku masih mencintainya",Perasaan Benci dan Jijik; Perasaan Sedih dan Kehilangan
"Aku jijik sama keadaan sekarang, sedih karena aku merasa terjebak",Perasaan Benci dan Jijik; Perasaan Sedih dan Kehilangan
"Aku enggan untuk melanjutkan hidup, tapi aku juga sedih karena aku tahu aku harus",Perasaan Benci dan Jijik; Perasaan Sedih dan Kehilangan
"Aku benci sama diri sendiri, sedih karena aku merasa tidak cukup baik",Perasaan Benci dan Jijik; Perasaan Sedih dan Kehilangan
"Aku sedih banget karena kehilangan impian, dan aku juga benci sama kehidupan ini",Perasaan Benci dan Jijik; Perasaan Sedih dan Kehilangan
"Aku muak dengan semua kebohongan, sedih karena aku merasa tidak percaya siapa-siapa lagi",Perasaan Benci dan Jijik; Perasaan Sedih dan Kehilangan
"Aku jijik sama keadaan sekarang, sedih karena aku merasa tidak memiliki apa-apa",Perasaan Benci dan Jijik; Perasaan Sedih dan Kehilangan
"Aku benci sama kehidupan ini, sedih karena aku merasa sendirian",Perasaan Benci dan Jijik; Perasaan Sedih dan Kehilangan
"Aku muak dengan semua kesulitan, sedih karena aku merasa tidak bisa menghadapinya",Perasaan Benci dan Jijik; Perasaan Sedih dan Kehilangan
"Aku muak dengan semua ini, sedih karena aku merasa tidak memiliki tujuan hidup",Perasaan Benci dan Jijik; Perasaan Sedih dan Kehilangan
"Aku muak dengan semua kesulitan, sedih karena aku merasa tidak bisa menghadapinya dan tidak memiliki harapan lagi",Perasaan Benci dan Jijik; Perasaan Sedih dan Kehilangan
"Aku jijik sama keadaan sekarang, sedih karena aku merasa terjebak dalam kesedihan dan tidak memiliki jalan keluar",Perasaan Benci dan Jijik; Perasaan Sedih dan Kehilangan
"Aku enggan untuk melanjutkan hidup, tapi aku juga sedih karena aku tahu aku harus melanjutkan hidup dengan kesedihan ini dan tidak memiliki pilihan lain",Perasaan Benci dan Jijik; Perasaan Sedih dan Kehilangan
"Aku benci sama diri sendiri, sedih karena aku merasa tidak cukup baik untuk siapa-siapa dan tidak memiliki tujuan hidup lagi",Perasaan Benci dan Jijik; Perasaan Sedih dan Kehilangan
"Aku sedih banget karena kehilangan semuanya, dan aku juga benci sama kehidupan ini karena aku merasa tidak berharga dan tidak memiliki apa-apa lagi",Perasaan Benci dan Jijik; Perasaan Sedih dan Kehilangan
"Aku benci sama orang yang membuatku merasa tidak berharga, tapi aku juga sedih karena aku masih mencintainya dan merasa kehilangan",Perasaan Benci dan Jijik; Perasaan Sedih dan Kehilangan
"Aku sedih banget karena kehilangan segalanya, dan aku juga benci sama diri sendiri karena nggak bisa mengubahnya dan tidak memiliki harapan lagi",Perasaan Benci dan Jijik; Perasaan Sedih dan Kehilangan
Aku merasa kesal banget karena aku takut nilai ujian aku jelek dan aku jadi gugup gitu,Perasaan Takut dan Kecemasan; Perasaan Marah dan Frustasi
"Aku nggak sabar lagi menunggu pengumuman hasil ujian, tapi aku juga khawatir kalau-kalau aku tidak lulus",Perasaan Takut dan Kecemasan; Perasaan Marah dan Frustasi
Aku jengkel sama diri aku sendiri karena aku tidak bisa meng控制 rasa takut aku saat ujian,Perasaan Takut dan Kecemasan; Perasaan Marah dan Frustasi
Aku merasa frustrasi karena aku tidak bisa memahami materi ujian dan aku takut tidak bisa menjawab soal,Perasaan Takut dan Kecemasan; Perasaan Marah dan Frustasi
Aku kesal banget karena aku merasa tidak siap menghadapi ujian dan aku jadi cemas,Perasaan Takut dan Kecemasan; Perasaan Marah dan Frustasi
Aku takut aku tidak bisa menghadapi tekanan dari orang tua aku tentang nilai ujian,Perasaan Takut dan Kecemasan; Perasaan Marah dan Frustasi
Aku merasa jengkel karena aku tidak bisa fokus belajar karena aku terlalu khawatir tentang masa depan,Perasaan Takut dan Kecemasan; Perasaan Marah dan Frustasi
"Aku nggak sabar lagi menunggu liburan, tapi aku juga takut kalau-kalau aku tidak bisa menghabiskan waktu liburan dengan baik",Perasaan Takut dan Kecemasan; Perasaan Marah dan Frustasi
Aku merasa kesal karena aku tidak bisa mengontrol rasa takut aku tentang kegagalan,Perasaan Takut dan Kecemasan; Perasaan Marah dan Frustasi
Aku merasa frustrasi karena aku tidak bisa memenuhi ekspektasi orang tua aku dan aku jadi khawatir,Perasaan Takut dan Kecemasan; Perasaan Marah dan Frustasi
Aku jengkel sama sistem pendidikan yang membuat aku merasa tertekan dan takut tidak bisa sukses,Perasaan Takut dan Kecemasan; Perasaan Marah dan Frustasi
Aku merasa cemas karena aku tidak tahu apa yang akan terjadi di masa depan dan aku jadi kesal,Perasaan Takut dan Kecemasan; Perasaan Marah dan Frustasi
Aku takut aku tidak bisa menghadapi tantangan di dunia kerja dan aku jadi frustrasi,Perasaan Takut dan Kecemasan; Perasaan Marah dan Frustasi
Aku merasa khawatir karena aku tidak bisa memilih jurusan yang tepat dan aku jadi jengkel,Perasaan Takut dan Kecemasan; Perasaan Marah dan Frustasi
Aku kesal banget karena aku merasa tidak punya pilihan lain selain meneruskan kuliah dan aku jadi takut,Perasaan Takut dan Kecemasan; Perasaan Marah dan Frustasi
Aku merasa gugup karena aku tidak bisa menghadapi ujian dan aku jadi merasa tidak siap,Perasaan Takut dan Kecemasan; Perasaan Marah dan Frustasi
"Aku nggak sabar lagi menunggu hari kelulusan, tapi aku juga takut kalau-kalau aku tidak bisa merayakannya dengan baik",Perasaan Takut dan Kecemasan; Perasaan Marah dan Frustasi
Aku merasa frustrasi karena aku tidak bisa mengontrol rasa takut aku tentang kehidupan,Perasaan Takut dan Kecemasan; Perasaan Marah dan Frustasi
Aku merasa jengkel karena aku tidak bisa menghabiskan waktu dengan orang-orang yang aku cintai karena aku terlalu sibuk belajar,Perasaan Takut dan Kecemasan; Perasaan Marah dan Frustasi
Aku takut aku tidak bisa menghadapi kesulitan di masa depan dan aku jadi kesal,Perasaan Takut dan Kecemasan; Perasaan Marah dan Frustasi
Aku merasa cemas karena aku tidak tahu apa yang akan terjadi setelah lulus dan aku jadi khawatir,Perasaan Takut dan Kecemasan; Perasaan Marah dan Frustasi
Aku merasa kesal banget karena aku tidak bisa mengontrol rasa takut aku tentang masa depan,Perasaan Takut dan Kecemasan; Perasaan Marah dan Frustasi
Aku merasa frustrasi karena aku tidak bisa memenuhi ekspektasi diri aku sendiri dan aku jadi jengkel,Perasaan Takut dan Kecemasan; Perasaan Marah dan Frustasi
Aku takut aku tidak bisa menghadapi tekanan dari masyarakat tentang keberhasilan,Perasaan Takut dan Kecemasan; Perasaan Marah dan Frustasi
Aku merasa khawatir karena aku tidak bisa memilih karir yang tepat dan aku jadi takut tidak bisa sukses,Perasaan Takut dan Kecemasan; Perasaan Marah dan Frustasi
Aku merasa gugup karena aku tidak bisa menghadapi perubahan di kehidupan aku dan aku jadi merasa tidak siap,Perasaan Takut dan Kecemasan; Perasaan Marah dan Frustasi
"Aku nggak sabar lagi menunggu kesempatan untuk membuktikan diri aku, tapi aku juga takut kalau-kalau aku tidak bisa memanfaatkannya dengan baik",Perasaan Takut dan Kecemasan; Perasaan Marah dan Frustasi
Aku merasa kesal banget karena aku merasa tidak punya kebebasan untuk memilih apa yang aku inginkan dan aku jadi frustrasi,Perasaan Takut dan Kecemasan; Perasaan Marah dan Frustasi
Aku merasa jengkel karena aku tidak bisa mengontrol rasa takut aku tentang kegagalan dan aku jadi khawatir,Perasaan Takut dan Kecemasan; Perasaan Marah dan Frustasi
"Aku benar-benar benci sama guru itu, tapi yang membuat aku kaget adalah dia tiba-tiba mengumumkan untuk mengundurkan diri",Perasaan Benci dan Jijik; Reaksi Terkejut dan Tidak Terduga
"Aku nggak percaya sama sekali ketika aku lihat pacar aku berpelukan dengan orang lain, rasanya aku muak banget",Perasaan Benci dan Jijik; Reaksi Terkejut dan Tidak Terduga
"Tuh, aku baru sadar kalau aku benar-benar tidak suka dengan pekerjaan ini, dan yang membuat aku terkejut adalah aku baru menyadari itu setelah bertahun-tahun",Perasaan Benci dan Jijik; Reaksi Terkejut dan Tidak Terduga
"Aku merasa jijik banget sama cara kerja rekan kerja aku, tapi yang membuat aku kaget adalah dia tiba-tiba dipromosikan",Perasaan Benci dan Jijik; Reaksi Terkejut dan Tidak Terduga
"Aku benci banget sama situasi ini, tapi yang membuat aku terkejut adalah aku tidak bisa melakukan apa-apa untuk mengubahnya",Perasaan Benci dan Jijik; Reaksi Terkejut dan Tidak Terduga
"Aku nggak bisa percaya kalau aku masih harus bekerja sama dengan orang yang aku benci, itu benar-benar membuat aku muak",Perasaan Benci dan Jijik; Reaksi Terkejut dan Tidak Terduga
"Aku merasa enggan banget untuk menghadapi orang tua aku, tapi yang membuat aku kaget adalah mereka tiba-tiba meminta maaf",Perasaan Benci dan Jijik; Reaksi Terkejut dan Tidak Terduga
"Aku benar-benar tidak suka sama lingkungan kerja aku, tapi yang membuat aku terkejut adalah aku tidak bisa meninggalkan pekerjaan itu",Perasaan Benci dan Jijik; Reaksi Terkejut dan Tidak Terduga
"Aku merasa jijik banget sama cara orang lain memperlakukan aku, tapi yang membuat aku kaget adalah aku tidak bisa melawan",Perasaan Benci dan Jijik; Reaksi Terkejut dan Tidak Terduga
"Aku benci banget sama keputusan itu, tapi yang membuat aku terkejut adalah aku tidak bisa mengubahnya",Perasaan Benci dan Jijik; Reaksi Terkejut dan Tidak Terduga
"Aku nggak percaya sama sekali kalau aku masih harus menghadapi masalah ini, itu benar-benar membuat aku muak",Perasaan Benci dan Jijik; Reaksi Terkejut dan Tidak Terduga
"Aku merasa enggan banget untuk menghadapi kenyataan, tapi yang membuat aku kaget adalah aku tidak bisa menghindarinya",Perasaan Benci dan Jijik; Reaksi Terkejut dan Tidak Terduga
"Aku benar-benar tidak suka sama situasi ini, tapi yang membuat aku terkejut adalah aku tidak bisa melakukan apa-apa",Perasaan Benci dan Jijik; Reaksi Terkejut dan Tidak Terduga
"Aku benci banget sama keadaan ini, tapi yang membuat aku terkejut adalah aku tidak bisa mengatasi",Perasaan Benci dan Jijik; Reaksi Terkejut dan Tidak Terduga
"Aku nggak bisa percaya kalau aku masih harus berjuang untuk ini, itu benar-benar membuat aku muak",Perasaan Benci dan Jijik; Reaksi Terkejut dan Tidak Terduga
"Aku benar-benar tidak suka sama jalan hidup aku, tapi yang membuat aku terkejut adalah aku tidak bisa mengubahnya",Perasaan Benci dan Jijik; Reaksi Terkejut dan Tidak Terduga
"Aku merasa lega banget karena aku udah mempersiapkan diri dengan baik sebelum menghadapi ujian, sehingga aku bisa lebih santai dan fokus",Rasa Syukur dan Apresiasi; Perasaan Sebelum Menghadapi Kejadian
"Aku sangat berterima kasih atas saran yang diberikan, sehingga aku bisa lebih siap menghadapi tantangan di masa depan",Rasa Syukur dan Apresiasi; Perasaan Sebelum Menghadapi Kejadian
"Gitu senangnya aku karena aku udah mempersiapkan semua materi sebelum kuliah, jadi aku nggak terlalu khawatir tentang nilai",Rasa Syukur dan Apresiasi; Perasaan Sebelum Menghadapi Kejadian
Aku merasa lebih baik karena aku udah mempersiapkan rencana untuk menghadapi kejadian yang tidak terduga,Rasa Syukur dan Apresiasi; Perasaan Sebelum Menghadapi Kejadian
"Aku sih merasa berterima kasih banget karena aku udah mempersiapkan diri dengan baik, sehingga aku bisa lebih percaya diri",Rasa Syukur dan Apresiasi; Perasaan Sebelum Menghadapi Kejadian
"Aku lega karena aku udah mempersiapkan semua yang dibutuhkan sebelum menghadapi presentasi, jadi aku nggak terlalu gugup",Rasa Syukur dan Apresiasi; Perasaan Sebelum Menghadapi Kejadian
Aku merasa sangat apresiasi dengan diri sendiri karena aku udah mempersiapkan rencana untuk mencapai tujuan,Rasa Syukur dan Apresiasi; Perasaan Sebelum Menghadapi Kejadian
"Aku gitu senangnya karena aku udah mempersiapkan semua yang dibutuhkan untuk menghadapi kompetisi, sehingga aku bisa lebih fokus",Rasa Syukur dan Apresiasi; Perasaan Sebelum Menghadapi Kejadian
Aku merasa lebih siap karena aku udah mempersiapkan diri dengan baik sebelum menghadapi kejadian yang tidak terduga,Rasa Syukur dan Apresiasi; Perasaan Sebelum Menghadapi Kejadian
"Aku sangat berterima kasih karena aku udah mempersiapkan rencana untuk menghadapi tantangan, sehingga aku bisa lebih percaya diri",Rasa Syukur dan Apresiasi; Perasaan Sebelum Menghadapi Kejadian
"Aku sih merasa lega banget karena aku udah mempersiapkan semua yang dibutuhkan sebelum menghadapi ujian, jadi aku nggak terlalu khawatir",Rasa Syukur dan Apresiasi; Perasaan Sebelum Menghadapi Kejadian
"Aku gitu senangnya karena aku udah mempersiapkan rencana untuk mencapai tujuan, sehingga aku bisa lebih fokus",Rasa Syukur dan Apresiasi; Perasaan Sebelum Menghadapi Kejadian
Aku merasa sangat apresiasi dengan diri sendiri karena aku udah mempersiapkan semua yang dibutuhkan untuk menghadapi kompetisi,Rasa Syukur dan Apresiasi; Perasaan Sebelum Menghadapi Kejadian
"Aku lega karena aku udah mempersiapkan diri dengan baik sebelum menghadapi presentasi, sehingga aku bisa lebih percaya diri",Rasa Syukur dan Apresiasi; Perasaan Sebelum Menghadapi Kejadian
Aku sih merasa berterima kasih banget karena aku udah mempersiapkan rencana untuk menghadapi kejadian yang tidak terduga,Rasa Syukur dan Apresiasi; Perasaan Sebelum Menghadapi Kejadian
"Aku merasa lebih siap karena aku udah mempersiapkan semua yang dibutuhkan sebelum menghadapi ujian, sehingga aku bisa lebih fokus",Rasa Syukur dan Apresiasi; Perasaan Sebelum Menghadapi Kejadian
"Aku sangat berterima kasih karena aku udah mempersiapkan diri dengan baik sebelum menghadapi kejadian yang tidak terduga, sehingga aku bisa lebih percaya diri",Rasa Syukur dan Apresiasi; Perasaan Sebelum Menghadapi Kejadian
Aku merasa sangat apresiasi dengan diri sendiri karena aku udah mempersiapkan rencana untuk menghadapi kejadian yang tidak terduga,Rasa Syukur dan Apresiasi; Perasaan Sebelum Menghadapi Kejadian
"Aku merasa lebih siap karena aku udah mempersiapkan semua yang dibutuhkan untuk menghadapi kompetisi, sehingga aku bisa lebih percaya diri",Rasa Syukur dan Apresiasi; Perasaan Sebelum Menghadapi Kejadian
"Aku sangat berterima kasih karena aku udah mempersiapkan diri dengan baik sebelum menghadapi presentasi, sehingga aku bisa lebih siap",Rasa Syukur dan Apresiasi; Perasaan Sebelum Menghadapi Kejadian
"Aku sih merasa lega banget karena aku udah mempersiapkan rencana untuk menghadapi kejadian yang tidak terduga, sehingga aku bisa lebih fokus",Rasa Syukur dan Apresiasi; Perasaan Sebelum Menghadapi Kejadian
"Aku merasa lebih baik karena aku udah mempersiapkan semua yang dibutuhkan sebelum menghadapi ujian, sehingga aku bisa lebih percaya diri",Rasa Syukur dan Apresiasi; Perasaan Sebelum Menghadapi Kejadian
"Aku gitu senangnya karena aku udah mempersiapkan diri dengan baik sebelum menghadapi kejadian yang tidak terduga, sehingga aku bisa lebih siap",Rasa Syukur dan Apresiasi; Perasaan Sebelum Menghadapi Kejadian
"Aku sih merasa berterima kasih banget karena aku udah mempersiapkan rencana untuk mencapai tujuan, sehingga aku bisa lebih fokus",Rasa Syukur dan Apresiasi; Perasaan Sebelum Menghadapi Kejadian
"Aku gitu senangnya karena aku udah mempersiapkan rencana untuk menghadapi kejadian yang tidak terduga, sehingga aku bisa lebih fokus",Rasa Syukur dan Apresiasi; Perasaan Sebelum Menghadapi Kejadian
"Aku merasa sangat apresiasi dengan diri sendiri karena aku udah mempersiapkan rencana untuk mencapai tujuan, sehingga aku bisa lebih fokus",Rasa Syukur dan Apresiasi; Perasaan Sebelum Menghadapi Kejadian
"Aku sih merasa lega banget karena aku udah mempersiapkan diri dengan baik sebelum menghadapi kejadian yang tidak terduga, sehingga aku bisa lebih siap",Rasa Syukur dan Apresiasi; Perasaan Sebelum Menghadapi Kejadian
"Aku kaget banget waktu aku lihat sih, cowok yang aku benci tiba-tiba jadi orang yang aku apresiasi karena dia berhasil membuatku merasa lega",Perasaan Benci dan Jijik; Rasa Syukur dan Apresiasi; Reaksi Terkejut dan Tidak Terduga
Aku nggak percaya sampe aku merasa syukur saat aku dapet tahu kalo orang yang aku jijik itu sebenarnya punya sisi baik,Perasaan Benci dan Jijik; Rasa Syukur dan Apresiasi; Reaksi Terkejut dan Tidak Terduga
"Gue benci banget sama situasi ini, tapi aku tetap bersyukur karena aku bisa bertemu dengan orang-orang yang peduli",Perasaan Benci dan Jijik; Rasa Syukur dan Apresiasi; Reaksi Terkejut dan Tidak Terduga
"Aku muak banget dengan perilaku dia, tapi aku juga merasa lega karena aku bisa lepas dari dia",Perasaan Benci dan Jijik; Rasa Syukur dan Apresiasi; Reaksi Terkejut dan Tidak Terduga
"Aku kaget waktu aku tahu kalo sih, orang yang aku benci itu sebenarnya punya hati yang baik dan aku jadi merasa syukur",Perasaan Benci dan Jijik; Rasa Syukur dan Apresiasi; Reaksi Terkejut dan Tidak Terduga
"Aku nggak bisa percaya aku bisa merasa syukur atas sesuatu yang dulunya aku benci, tapi sekarang aku jadi menghargainya",Perasaan Benci dan Jijik; Rasa Syukur dan Apresiasi; Reaksi Terkejut dan Tidak Terduga
"Aku jijik sama situasi ini, tapi aku juga merasa lega karena aku bisa melewatinya dengan baik",Perasaan Benci dan Jijik; Rasa Syukur dan Apresiasi; Reaksi Terkejut dan Tidak Terduga
"Aku benci banget sama orang itu, tapi aku juga merasa syukur karena aku bisa belajar dari pengalaman itu",Perasaan Benci dan Jijik; Rasa Syukur dan Apresiasi; Reaksi Terkejut dan Tidak Terduga
"Aku jijik sama situasi ini, tapi aku juga merasa lega karena aku bisa melewatinya dengan baik dan aku jadi merasa syukur banget gitu",Perasaan Benci dan Jijik; Rasa Syukur dan Apresiasi; Reaksi Terkejut dan Tidak Terduga
"Gue kaget banget waktu dapet tahu kalau harus hadapi ulangan hari ini, sih, aku benci banget sama mata pelajaran itu, tapi aku udah siap mental untuk ngadepinnya dengan gue udah baca materi semalam",Perasaan Benci dan Jijik; Reaksi Terkejut dan Tidak Terduga; Perasaan Sebelum Menghadapi Kejadian
"Aku tidak percaya kalau aku harus kerja sama sama orang yang aku benci, tapi aku harus siap untuk menghadapi situasi itu dan aku udah mempersiapkan diri untuk tidak meledak",Perasaan Benci dan Jijik; Reaksi Terkejut dan Tidak Terduga; Perasaan Sebelum Menghadapi Kejadian
"Gue bingung banget waktu mendengar kabar bahwa aku harus pindah sekolah, aku muak banget dengan keputusan itu, tapi aku udah mempersiapkan mental untuk menghadapi tantangan baru",Perasaan Benci dan Jijik; Reaksi Terkejut dan Tidak Terduga; Perasaan Sebelum Menghadapi Kejadian
"Aku kaget waktu tahu kalau aku harus menghadapi presentasi di depan kelas, sih, aku enggan banget untuk berbicara di depan umum, tapi aku udah siap untuk menghadapi itu dengan persiapan yang matang",Perasaan Benci dan Jijik; Reaksi Terkejut dan Tidak Terduga; Perasaan Sebelum Menghadapi Kejadian
"Gue tidak terduga kalau aku harus menghadapi konflik dengan teman, sih, aku benci banget dengan situasi itu, tapi aku udah mempersiapkan diri untuk menyelesaikannya dengan kepala dingin",Perasaan Benci dan Jijik; Reaksi Terkejut dan Tidak Terduga; Perasaan Sebelum Menghadapi Kejadian
"Aku siap untuk menghadapi ujian, tapi aku benci banget dengan soal-soal yang sulit, dan aku kaget kalau aku tidak siap untuk menghadapinya",Perasaan Benci dan Jijik; Reaksi Terkejut dan Tidak Terduga; Perasaan Sebelum Menghadapi Kejadian
"Gue muak banget dengan tugas yang banyak, tapi aku udah siap untuk menghadapi tantangan itu dengan mempersiapkan jadwal yang tepat",Perasaan Benci dan Jijik; Reaksi Terkejut dan Tidak Terduga; Perasaan Sebelum Menghadapi Kejadian
"Aku tidak percaya kalau aku harus menghadapi kegagalan, sih, aku benci banget dengan rasa kecewa, tapi aku udah siap untuk menghadapi itu dengan mempersiapkan mental yang kuat",Perasaan Benci dan Jijik; Reaksi Terkejut dan Tidak Terduga; Perasaan Sebelum Menghadapi Kejadian
"Gue kaget banget waktu tahu kalau aku harus menghadapi perubahan besar, sih, aku enggan banget untuk meninggalkan zona nyaman, tapi aku udah siap untuk menghadapi itu dengan persiapan yang baik",Perasaan Benci dan Jijik; Reaksi Terkejut dan Tidak Terduga; Perasaan Sebelum Menghadapi Kejadian
"Aku benci banget dengan kritik yang pedas, tapi aku udah siap untuk menghadapi itu dengan mempersiapkan diri untuk menerima masukan yang konstruktif",Perasaan Benci dan Jijik; Reaksi Terkejut dan Tidak Terduga; Perasaan Sebelum Menghadapi Kejadian
"Gue tidak terduga kalau aku harus menghadapi kesulitan keuangan, sih, aku muak banget dengan situasi itu, tapi aku udah mempersiapkan diri untuk menghadapi itu dengan membuat anggaran yang tepat",Perasaan Benci dan Jijik; Reaksi Terkejut dan Tidak Terduga; Perasaan Sebelum Menghadapi Kejadian
"Aku siap untuk menghadapi tantangan baru, tapi aku benci banget dengan rasa takut yang menghantui, dan aku kaget kalau aku tidak siap untuk menghadapinya",Perasaan Benci dan Jijik; Reaksi Terkejut dan Tidak Terduga; Perasaan Sebelum Menghadapi Kejadian
"Gue bingung banget waktu mendengar kabar bahwa aku harus menghadapi perubahan dalam hubungan, aku benci banget dengan situasi itu, tapi aku udah mempersiapkan mental untuk menghadapi itu",Perasaan Benci dan Jijik; Reaksi Terkejut dan Tidak Terduga; Perasaan Sebelum Menghadapi Kejadian
"Aku kaget banget waktu tahu kalau aku harus menghadapi kesalahan yang besar, sih, aku enggan banget untuk mengakui kesalahan, tapi aku udah siap untuk menghadapi itu dengan mempersiapkan diri untuk memperbaiki kesalahan",Perasaan Benci dan Jijik; Reaksi Terkejut dan Tidak Terduga; Perasaan Sebelum Menghadapi Kejadian
"Aku muak banget dengan tekanan yang berat, tapi aku udah siap untuk menghadapi tantangan itu dengan mempersiapkan diri untuk mengelola stres",Perasaan Benci dan Jijik; Reaksi Terkejut dan Tidak Terduga; Perasaan Sebelum Menghadapi Kejadian
"Gue tidak terduga kalau aku harus menghadapi konsekuensi dari tindakan, sih, aku benci banget dengan situasi itu, tapi aku udah mempersiapkan diri untuk menghadapi itu dengan mempersiapkan diri untuk menerima tanggung jawab",Perasaan Benci dan Jijik; Reaksi Terkejut dan Tidak Terduga; Perasaan Sebelum Menghadapi Kejadian
"Aku siap untuk menghadapi masa depan, tapi aku benci banget dengan ketidakpastian, dan aku kaget kalau aku tidak siap untuk menghadapinya",Perasaan Benci dan Jijik; Reaksi Terkejut dan Tidak Terduga; Perasaan Sebelum Menghadapi Kejadian
"Gue benci banget dengan perasaan ragu, tapi aku udah siap untuk menghadapi itu dengan mempersiapkan diri untuk membuat keputusan yang tepat",Perasaan Benci dan Jijik; Reaksi Terkejut dan Tidak Terduga; Perasaan Sebelum Menghadapi Kejadian
"Aku kaget banget waktu tahu kalau aku harus menghadapi kesulitan dalam mencapai tujuan, sih, aku enggan banget untuk menghadapi hambatan, tapi aku udah siap untuk menghadapi itu dengan mempersiapkan diri untuk mencari solusi",Perasaan Benci dan Jijik; Reaksi Terkejut dan Tidak Terduga; Perasaan Sebelum Menghadapi Kejadian
"Aku senang banget bisa bicara sama kakak konseling, jadi aku merasa lebih siap menghadapi ujian karena aku sudah mempersiapkan diri dan aku percaya bahwa dengan bantuan kakak, aku bisa melewatinya dengan baik",Perasaan Percaya; Rasa Syukur dan Apresiasi; Perasaan Sebelum Menghadapi Kejadian
"Aku lega bisa curhat sama kakak, sekarang aku merasa lebih tenang dan siap menghadapi tantangan baru karena aku sudah mempersiapkan mental dan aku terbuka dengan saran yang akan kakak berikan",Perasaan Percaya; Rasa Syukur dan Apresiasi; Perasaan Sebelum Menghadapi Kejadian
"Aku berterima kasih banget sudah diberi kesempatan untuk bicara dengan kakak konseling, sekarang aku merasa lebih percaya diri dan siap menghadapi hari esok karena aku sudah mempersiapkan rencana dan aku mau mencoba saran yang kakak berikan",Perasaan Percaya; Rasa Syukur dan Apresiasi; Perasaan Sebelum Menghadapi Kejadian
"Aku merasa lebih baik setelah bicara dengan kakak, aku siap menghadapi kejadian baru dan aku percaya bahwa aku bisa melewatinya dengan baik karena aku sudah mempersiapkan diri dan aku terbuka dengan proses konseling",Perasaan Percaya; Rasa Syukur dan Apresiasi; Perasaan Sebelum Menghadapi Kejadian
"Aku sangat apresiasi kesempatan ini, aku merasa siap menghadapi tantangan baru dan aku percaya bahwa aku bisa melewatinya dengan baik karena aku sudah mempersiapkan mental dan aku mau mencoba saran yang kakak berikan",Perasaan Percaya; Rasa Syukur dan Apresiasi; Perasaan Sebelum Menghadapi Kejadian
"Aku lega bisa curhat, sekarang aku merasa lebih tenang dan siap menghadapi hari esok karena aku sudah mempersiapkan rencana dan aku percaya bahwa aku bisa melewatinya dengan baik",Perasaan Percaya; Rasa Syukur dan Apresiasi; Perasaan Sebelum Menghadapi Kejadian
"Aku berterima kasih banget, aku merasa lebih percaya diri dan siap menghadapi kejadian baru karena aku sudah mempersiapkan diri dan aku mau mencoba saran yang kakak berikan",Perasaan Percaya; Rasa Syukur dan Apresiasi; Perasaan Sebelum Menghadapi Kejadian
"Aku merasa lebih baik, aku siap menghadapi tantangan baru dan aku percaya bahwa aku bisa melewatinya dengan baik karena aku sudah mempersiapkan mental dan aku terbuka dengan proses konseling",Perasaan Percaya; Rasa Syukur dan Apresiasi; Perasaan Sebelum Menghadapi Kejadian
"Aku sangat apresiasi, aku merasa siap menghadapi kejadian baru dan aku percaya bahwa aku bisa melewatinya dengan baik karena aku sudah mempersiapkan diri dan aku mau mencoba saran yang kakak berikan",Perasaan Percaya; Rasa Syukur dan Apresiasi; Perasaan Sebelum Menghadapi Kejadian
"Aku senang banget, aku merasa lebih siap menghadapi ujian dan aku percaya bahwa aku bisa melewatinya dengan baik karena aku sudah mempersiapkan diri dan aku terbuka dengan proses konseling",Perasaan Percaya; Rasa Syukur dan Apresiasi; Perasaan Sebelum Menghadapi Kejadian
"Aku berterima kasih banget, aku merasa lebih percaya diri dan siap menghadapi kejadian baru karena aku sudah",Perasaan Percaya; Rasa Syukur dan Apresiasi; Perasaan Sebelum Menghadapi Kejadian
"Aku sih percaya sama kakak konselor, tapi aku masih marah dan frustrasi banget sama situasi ini, dan aku juga takut kalau aku tidak bisa mengatasi masalah ini",Perasaan Percaya; Perasaan Takut dan Kecemasan; Perasaan Marah dan Frustasi
"Aku mau mencoba saran kakak, tapi aku jengkel banget karena aku sudah mencoba banyak hal dan tidak berhasil, dan aku juga cemas tentang apa yang akan terjadi",Perasaan Percaya; Perasaan Takut dan Kecemasan; Perasaan Marah dan Frustasi
"Aku ingin terbuka dan mau mencoba, tapi aku marah karena aku merasa tidak dipahami, dan aku juga takut karena aku tidak tahu apa yang akan terjadi",Perasaan Percaya; Perasaan Takut dan Kecemasan; Perasaan Marah dan Frustasi
"Aku percaya bahwa konseling bisa membantu, tapi aku frustrasi karena aku merasa tidak membuat kemajuan, dan aku juga khawatir tentang masa depanku",Perasaan Percaya; Perasaan Takut dan Kecemasan; Perasaan Marah dan Frustasi
"Aku sih mau mencoba, tapi aku marah dan frustrasi karena aku merasa terjebak, dan aku juga takut karena aku tidak tahu bagaimana cara keluar dari situasi ini",Perasaan Percaya; Perasaan Takut dan Kecemasan; Perasaan Marah dan Frustasi
"Aku ingin mencoba saran kakak, tapi aku jengkel karena aku merasa tidak memiliki kontrol, dan aku juga cemas tentang apa yang akan terjadi",Perasaan Percaya; Perasaan Takut dan Kecemasan; Perasaan Marah dan Frustasi
"Aku percaya bahwa aku bisa mendapatkan bantuan, tapi aku marah dan frustrasi karena aku merasa tidak didengar, dan aku juga takut karena aku tidak tahu apa yang akan terjadi",Perasaan Percaya; Perasaan Takut dan Kecemasan; Perasaan Marah dan Frustasi
"Aku mau mencoba, tapi aku frustrasi karena aku merasa tidak membuat kemajuan, dan aku juga khawatir tentang masa depanku",Perasaan Percaya; Perasaan Takut dan Kecemasan; Perasaan Marah dan Frustasi
"Aku benar-benar kesal dan takut banget saat aku tidak bisa memenuhi harapan orang tua, itu membuat aku merasa sedih dan kehilangan arah hidup",Perasaan Sedih dan Kehilangan; Perasaan Takut dan Kecemasan; Perasaan Marah dan Frustasi
Aku jengkel banget sama diri sendiri karena aku takut gagal dan merasa sedih karena aku tidak punya cukup waktu untuk melakukan apa yang aku sukai,Perasaan Sedih dan Kehilangan; Perasaan Takut dan Kecemasan; Perasaan Marah dan Frustasi
"Aku merasa sangat frustasi dan takut karena aku tidak bisa memenuhi kebutuhan hidup sendiri, itu membuat aku sedih dan merasa tidak berharga",Perasaan Sedih dan Kehilangan; Perasaan Takut dan Kecemasan; Perasaan Marah dan Frustasi
"Aku kesal dan khawatir karena aku tidak tahu apa yang akan terjadi di masa depan, itu membuat aku merasa sedih dan kehilangan semangat",Perasaan Sedih dan Kehilangan; Perasaan Takut dan Kecemasan; Perasaan Marah dan Frustasi
"Aku benar-benar tidak sabar dan takut karena aku harus menghadapi banyak tantangan, itu membuat aku merasa sedih dan lelah",Perasaan Sedih dan Kehilangan; Perasaan Takut dan Kecemasan; Perasaan Marah dan Frustasi
"Aku jengkel banget karena aku tidak bisa mencapai tujuan aku, itu membuat aku takut dan merasa sedih karena aku tidak tahu apa yang harus aku lakukan",Perasaan Sedih dan Kehilangan; Perasaan Takut dan Kecemasan; Perasaan Marah dan Frustasi
"Aku merasa sangat sedih dan kehilangan karena aku tidak punya orang yang bisa aku percaya, itu membuat aku takut dan frustasi",Perasaan Sedih dan Kehilangan; Perasaan Takut dan Kecemasan; Perasaan Marah dan Frustasi
"Aku kesal dan khawatir karena aku tidak bisa memenuhi ekspektasi orang lain, itu membuat aku merasa sedih dan tidak berharga",Perasaan Sedih dan Kehilangan; Perasaan Takut dan Kecemasan; Perasaan Marah dan Frustasi
"Aku benar-benar takut dan sedih karena aku harus menghadapi kenyataan bahwa aku tidak cukup baik, itu membuat aku merasa frustasi dan kehilangan arah",Perasaan Sedih dan Kehilangan; Perasaan Takut dan Kecemasan; Perasaan Marah dan Frustasi
"Aku jengkel banget karena aku tidak bisa mengontrol hidup aku, itu membuat aku takut dan merasa sedih karena aku tidak tahu apa yang akan terjadi",Perasaan Sedih dan Kehilangan; Perasaan Takut dan Kecemasan; Perasaan Marah dan Frustasi
"Aku merasa sangat frustasi dan sedih karena aku tidak bisa mencapai apa yang aku inginkan, itu membuat aku takut dan kehilangan semangat",Perasaan Sedih dan Kehilangan; Perasaan Takut dan Kecemasan; Perasaan Marah dan Frustasi
"Aku kesal dan khawatir karena aku tidak tahu apa yang harus aku lakukan untuk memperbaiki hidup aku, itu membuat aku merasa sedih dan tidak berharga",Perasaan Sedih dan Kehilangan; Perasaan Takut dan Kecemasan; Perasaan Marah dan Frustasi
"Aku benar-benar takut dan sedih karena aku harus menghadapi konsekuensi dari kesalahan aku, itu membuat aku merasa frustasi dan kehilangan arah",Perasaan Sedih dan Kehilangan; Perasaan Takut dan Kecemasan; Perasaan Marah dan Frustasi
"Aku merasa sangat sedih dan kehilangan karena aku tidak punya tujuan hidup yang jelas, itu membuat aku takut dan frustasi",Perasaan Sedih dan Kehilangan; Perasaan Takut dan Kecemasan; Perasaan Marah dan Frustasi
"Aku kesal dan khawatir karena aku tidak bisa mengatasi masalah aku, itu membuat aku merasa sedih dan tidak berharga",Perasaan Sedih dan Kehilangan; Perasaan Takut dan Kecemasan; Perasaan Marah dan Frustasi
"Aku benar-benar tidak sabar dan takut karena aku harus menunggu untuk melihat apa yang akan terjadi, itu membuat aku merasa sedih dan lelah",Perasaan Sedih dan Kehilangan; Perasaan Takut dan Kecemasan; Perasaan Marah dan Frustasi
"Aku merasa sangat frustasi dan sedih karena aku tidak bisa mengontrol hidup aku, itu membuat aku takut dan kehilangan semangat",Perasaan Sedih dan Kehilangan; Perasaan Takut dan Kecemasan; Perasaan Marah dan Frustasi
"Aku jengkel banget karena aku tidak bisa memenuhi ekspektasi orang lain, itu membuat aku takut dan merasa sedih karena aku tidak tahu apa yang akan terjadi",Perasaan Sedih dan Kehilangan; Perasaan Takut dan Kecemasan; Perasaan Marah dan Frustasi
Aku nggak sabar kalau harus memulai projek lagi setelah keterlambatan yang lama,Perasaan Sedih dan Kehilangan; Perasaan Marah dan Frustasi
Aku kesal karena nilai ujian tidak naik seperti yang aku harapkan sih,Perasaan Sedih dan Kehilangan; Perasaan Marah dan Frustasi
Aku jengkel dengan teman yang selalu tidak memenuhi janji,Perasaan Sedih dan Kehilangan; Perasaan Marah dan Frustasi
Aku sedih dan kehilangan harapan setelah bermimpi gagal menjadi seorang atlet profesional,Perasaan Sedih dan Kehilangan; Perasaan Marah dan Frustasi
Aku tidak tahu harus melanjutkan lagi apa di masa depan,Perasaan Sedih dan Kehilangan; Perasaan Marah dan Frustasi
Aku merasa tidak berharga setelah terjatuh di depan teman-teman,Perasaan Sedih dan Kehilangan; Perasaan Marah dan Frustasi
Aku tidak percaya diri untuk menghadapi ujian lagi,Perasaan Sedih dan Kehilangan; Perasaan Marah dan Frustasi
Aku kesepian di malam hari tanpa teman,Perasaan Sedih dan Kehilangan; Perasaan Marah dan Frustasi
Aku marah dengan diri sendiri karena tidak bisa menyelesaikan tugas,Perasaan Sedih dan Kehilangan; Perasaan Marah dan Frustasi
Aku frustrasi karena proyek tidak berjalan lancar,Perasaan Sedih dan Kehilangan; Perasaan Marah dan Frustasi
Aku sedih karena harus meninggalkan kegiatan yang aku sukai,Perasaan Sedih dan Kehilangan; Perasaan Marah dan Frustasi
Aku berharap aku bisa lebih sukses di masa depan,Perasaan Sedih dan Kehilangan; Perasaan Marah dan Frustasi
Aku tidak sabar untuk bisa menjadi lebih berpengalaman,Perasaan Sedih dan Kehilangan; Perasaan Marah dan Frustasi
Aku kesal karena harus menghadapi kesulitan,Perasaan Sedih dan Kehilangan; Perasaan Marah dan Frustasi
Aku jengkel dengan diri sendiri karena tidak bisa fokus,Perasaan Sedih dan Kehilangan; Perasaan Marah dan Frustasi
Aku kehilangan motivasi setelah berbagai kegagalan,Perasaan Sedih dan Kehilangan; Perasaan Marah dan Frustasi
Aku merasa tidak memiliki kemampuan yang cukup,Perasaan Sedih dan Kehilangan; Perasaan Marah dan Frustasi
Aku merasa tidak berharga setelah gagal menyelesaikan tugas,Perasaan Sedih dan Kehilangan; Perasaan Marah dan Frustasi
Aku sedih karena harus menghadapi kehidupan yang tidak seperti yang aku impikan,Perasaan Sedih dan Kehilangan; Perasaan Marah dan Frustasi
Aku tidak percaya diri untuk menghadapi tantangan,Perasaan Sedih dan Kehilangan; Perasaan Marah dan Frustasi
Aku kesepian karena tidak punya teman yang setia,Perasaan Sedih dan Kehilangan; Perasaan Marah dan Frustasi
Aku marah dengan orang tua karena tidak mendukung impianku,Perasaan Sedih dan Kehilangan; Perasaan Marah dan Frustasi
Aku frustrasi karena tidak bisa menemukan pekerjaan yang tepat,Perasaan Sedih dan Kehilangan; Perasaan Marah dan Frustasi
Aku jengkel dengan sistem yang tidak adil,Perasaan Sedih dan Kehilangan; Perasaan Marah dan Frustasi
Aku kehilangan harapan setelah bermimpi gagal,Perasaan Sedih dan Kehilangan; Perasaan Marah dan Frustasi
Aku merasa tidak memiliki tujuan yang jelas,Perasaan Sedih dan Kehilangan; Perasaan Marah dan Frustasi
Aku merasa tidak berharga setelah gagal menemukan pekerjaan yang tepat,Perasaan Sedih dan Kehilangan; Perasaan Marah dan Frustasi
Aku sedih karena tidak bisa menjadi yang terbaik,Perasaan Sedih dan Kehilangan; Perasaan Marah dan Frustasi
Aku tidak percaya diri untuk menghadapi dunia yang tidak adil,Perasaan Sedih dan Kehilangan; Perasaan Marah dan Frustasi
Aku kesepian karena tidak punya orang yang peduli,Perasaan Sedih dan Kehilangan; Perasaan Marah dan Frustasi
Aku marah dengan keterbatasan diri sendiri,Perasaan Sedih dan Kehilangan; Perasaan Marah dan Frustasi
Aku frustrasi karena tidak bisa menemukan jalan keluar,Perasaan Sedih dan Kehilangan; Perasaan Marah dan Frustasi
Aku berharap aku bisa lebih percaya diri,Perasaan Sedih dan Kehilangan; Perasaan Marah dan Frustasi
Aku jengkel dengan diri sendiri karena tidak bisa mengelola waktu,Perasaan Sedih dan Kehilangan; Perasaan Marah dan Frustasi
Aku kehilangan motivasi setelah bermimpi gagal,Perasaan Sedih dan Kehilangan; Perasaan Marah dan Frustasi
"Aku lagi sangat khawatir dengan masalah yang aku temukan di semester ini, ini sangat tidak terduga.",Reaksi Terkejut dan Tidak Terduga; Perasaan Takut dan Kecemasan
Aku bingung gimana cara menghadapi ujian nanti karena aku baru belajar materi ini.,Reaksi Terkejut dan Tidak Terduga; Perasaan Takut dan Kecemasan
Aku merasa sangat cemas dengan kemungkinan gagal di semester ini.,Reaksi Terkejut dan Tidak Terduga; Perasaan Takut dan Kecemasan
Aku tidak percaya aku bisa gagal di satu mata kuliah saja.,Reaksi Terkejut dan Tidak Terduga; Perasaan Takut dan Kecemasan
Aku gugup karena aku harus mencari tempat kost di Jakarta nanti.,Reaksi Terkejut dan Tidak Terduga; Perasaan Takut dan Kecemasan
Aku merasa terancam dengan kemungkinan tidak bisa lulus kuliah.,Reaksi Terkejut dan Tidak Terduga; Perasaan Takut dan Kecemasan
Aku sangat kaget ketika aku mendengar bahwa ujian akan dilakukan secara daring.,Reaksi Terkejut dan Tidak Terduga; Perasaan Takut dan Kecemasan
Aku tidak tahu harus bagaimana cara menghadapi situasi yang tidak terduga ini.,Reaksi Terkejut dan Tidak Terduga; Perasaan Takut dan Kecemasan
Aku khawatir aku tidak bisa menyelesaikan tugas kuliah ku.,Reaksi Terkejut dan Tidak Terduga; Perasaan Takut dan Kecemasan
Aku merasa sangat takut gagal dalam hidup.,Reaksi Terkejut dan Tidak Terduga; Perasaan Takut dan Kecemasan
Aku bingung dengan sistem kuliah online ini.,Reaksi Terkejut dan Tidak Terduga; Perasaan Takut dan Kecemasan
Aku cemas bahwa aku tidak akan bisa bertemu dengan rekan kuliah.,Reaksi Terkejut dan Tidak Terduga; Perasaan Takut dan Kecemasan
Aku tidak percaya bahwa aku harus menghadapi perubahan besar ini.,Reaksi Terkejut dan Tidak Terduga; Perasaan Takut dan Kecemasan
Aku merasa sangat gugup dengan persaingan kuliah yang sangat ketat.,Reaksi Terkejut dan Tidak Terduga; Perasaan Takut dan Kecemasan
Aku terancam dengan kemungkinan tidak bisa menyelesaikan kuliah dengan nilai baik.,Reaksi Terkejut dan Tidak Terduga; Perasaan Takut dan Kecemasan
Aku sangat kaget dengan informasi bahwa kuliah akan dilakukan secara online.,Reaksi Terkejut dan Tidak Terduga; Perasaan Takut dan Kecemasan
Aku tidak tahu harus membantu kawan yang sedang mengalami krisis keuangan.,Reaksi Terkejut dan Tidak Terduga; Perasaan Takut dan Kecemasan
Aku sangat khawatir tentang masa depan karirku.,Reaksi Terkejut dan Tidak Terduga; Perasaan Takut dan Kecemasan
Aku merasa sangat cemas dengan kemungkinan tidak bisa menemukan pekerjaan.,Reaksi Terkejut dan Tidak Terduga; Perasaan Takut dan Kecemasan
Aku tidak percaya bahwa aku harus menghadapi tantangan ini sendirian.,Reaksi Terkejut dan Tidak Terduga; Perasaan Takut dan Kecemasan
Aku gugup dengan kemungkinan gagal dalam hidup.,Reaksi Terkejut dan Tidak Terduga; Perasaan Takut dan Kecemasan
Aku merasa terancam dengan kemungkinan tidak bisa mencapai tujuan hidup.,Reaksi Terkejut dan Tidak Terduga; Perasaan Takut dan Kecemasan
Aku sangat kaget dengan berita bahwa ada perubahan besar di universitas.,Reaksi Terkejut dan Tidak Terduga; Perasaan Takut dan Kecemasan
Aku tidak tahu harus bersikap dalam menghadapi situasi sulit ini.,Reaksi Terkejut dan Tidak Terduga; Perasaan Takut dan Kecemasan
Aku sangat cemas dengan kemungkinan gagal mencapai cita-cita.,Reaksi Terkejut dan Tidak Terduga; Perasaan Takut dan Kecemasan
Aku tidak percaya bahwa aku harus menghadapi kenyataan ini.,Reaksi Terkejut dan Tidak Terduga; Perasaan Takut dan Kecemasan
Aku gugup dengan kemungkinan tidak bisa meninggalkan kuliah.,Reaksi Terkejut dan Tidak Terduga; Perasaan Takut dan Kecemasan
Aku merasa terancam dengan kemungkinan tidak bisa mencapai kesuksesan.,Reaksi Terkejut dan Tidak Terduga; Perasaan Takut dan Kecemasan
Aku sangat kaget dengan informasi bahwa ada krisis keuangan di universitas.,Reaksi Terkejut dan Tidak Terduga; Perasaan Takut dan Kecemasan
Aku sangat khawatir tentang keuangan pribadi.,Reaksi Terkejut dan Tidak Terduga; Perasaan Takut dan Kecemasan
Aku merasa sangat cemas dengan kemungkinan tidak bisa menyelesaikan kuliah.,Reaksi Terkejut dan Tidak Terduga; Perasaan Takut dan Kecemasan
"Aku senang sekali bisa berbicara dengan konselor, kamu benar-benar membantu aku merasa lebih baik tentang saya sendiri.",Perasaan Percaya; Rasa Syukur dan Apresiasi
"Aku lega karena bisa menemukan jawaban di sini, konselor kamu sangat membantu!",Perasaan Percaya; Rasa Syukur dan Apresiasi
Saya berterima kasih kepada kakak konseling yang sudah siap membantu aku.,Perasaan Percaya; Rasa Syukur dan Apresiasi
Saya merasa lebih percaya diri setelah mendengar saran dari konselor.,Perasaan Percaya; Rasa Syukur dan Apresiasi
"Aku senang bisa berbagi masalah dengan kamu, dan aku percaya kamu bisa membantu.",Perasaan Percaya; Rasa Syukur dan Apresiasi
"Saya sangat berterima kasih atas bantuan konselor, selalu membantu aku menemukan solusi.",Perasaan Percaya; Rasa Syukur dan Apresiasi
"Mungkin aku harus mencoba cara lain, terima kasih kakak konseling atas masukanmu.",Perasaan Percaya; Rasa Syukur dan Apresiasi
"Saya merasa lebih lega setelah berbicara dengan konselor, kamu hebat!",Perasaan Percaya; Rasa Syukur dan Apresiasi
"Aku mengucapkan terima kasih atas bantuan yang begitu berharga, kakak konseling.",Perasaan Percaya; Rasa Syukur dan Apresiasi
"Saya berharap bisa menemukan jawaban dengan bantuan konselor, kamu sangat baik!",Perasaan Percaya; Rasa Syukur dan Apresiasi
Aku benar-benar mengapresiasi kesediaan konselor membantu aku sekarang.,Perasaan Percaya; Rasa Syukur dan Apresiasi
Saya merasa lebih percaya karena bisa berbicara dengan konselor yang sangat ramah.,Perasaan Percaya; Rasa Syukur dan Apresiasi
"Mungkin aku harus mencoba untuk terbuka lebih luas, terima kasih kakak konseling.",Perasaan Percaya; Rasa Syukur dan Apresiasi
"Aku merasa lebih baik setelah mendengar saran dari konselor, kamu membantu aku banyak!",Perasaan Percaya; Rasa Syukur dan Apresiasi
"Saya mengucapkan terima kasih atas waktu dan perhatian konselor, itu sangat berguna.",Perasaan Percaya; Rasa Syukur dan Apresiasi
"Aku senang bisa menemukan jawaban di sini, konselor benar-benar membantu!",Perasaan Percaya; Rasa Syukur dan Apresiasi
Saya berterima kasih kepada konselor yang sudah membantu aku mengatasi masalah.,Perasaan Percaya; Rasa Syukur dan Apresiasi
Saya merasa lebih percaya diri setelah berbicara dengan konselor yang begitu baik.,Perasaan Percaya; Rasa Syukur dan Apresiasi
"Aku berharap bisa menemukan jawaban dengan bantuan konselor, kamu hebat!",Perasaan Percaya; Rasa Syukur dan Apresiasi
"Saya mengucapkan terima kasih atas bantuan yang begitu berharga, konselor sangat membantu!",Perasaan Percaya; Rasa Syukur dan Apresiasi
Saya benar-benar mengapresiasi kesediaan konselor membantu aku sekarang juga.,Perasaan Percaya; Rasa Syukur dan Apresiasi
Saya merasa lebih lega setelah berbicara dengan konselor yang sangat ramah.,Perasaan Percaya; Rasa Syukur dan Apresiasi
Aku merasa lebih baik setelah mendengar saran dari konselor yang begitu baik.,Perasaan Percaya; Rasa Syukur dan Apresiasi
"Saya merasa lebih percaya diri setelah berbicara dengan konselor, kamu membantu aku banyak!",Perasaan Percaya; Rasa Syukur dan Apresiasi
Aku nggak bisa lagi ngobrol sama dia karena dia selalu melanggar batas dan membuat aku jijik banget sih.,Perasaan Benci dan Jijik; Perasaan Sedih dan Kehilangan
"Aku benar-benar sedih karena temen aku pindah ke luar kota dan aku ditinggalkan sendirian, membuat aku merasa tidak berharga lagi.",Perasaan Benci dan Jijik; Perasaan Sedih dan Kehilangan
"Aku nggak bisa menerima keputusan kakak konseling ini, aku merasa duka karena aku harus melepaskan cita-cita aku.",Perasaan Benci dan Jijik; Perasaan Sedih dan Kehilangan
Aku putus asa karena aku selalu gagal mencapai target dan aku merasa tidak kompetitif dibandingkan teman-teman aku.,Perasaan Benci dan Jijik; Perasaan Sedih dan Kehilangan
"Aku nggak bisa menerima sikap temen aku yang selalu egois dan hanya peduli dengan dirinya sendiri, membuat aku jijik banget.",Perasaan Benci dan Jijik; Perasaan Sedih dan Kehilangan
Aku sedih karena aku kehilangan momong karena dia terlalu sibuk dan aku hanya bisa bertemu dengannya di akhir pekan.,Perasaan Benci dan Jijik; Perasaan Sedih dan Kehilangan
Aku memilih tidak berpartisipasi dalam kegiatan kampus karena aku merasa tidak bisa lagi bertahan dan aku merasa putus asa.,Perasaan Benci dan Jijik; Perasaan Sedih dan Kehilangan
Aku nggak bisa menerima ketakutan aku sendiri karena aku selalu khawatir tentang masa depan dan aku merasa sedih.,Perasaan Benci dan Jijik; Perasaan Sedih dan Kehilangan
Aku merasa terjebak dalam kehidupan ini dan aku hanya ingin melepaskan diri dari kesedihan ini.,Perasaan Benci dan Jijik; Perasaan Sedih dan Kehilangan
Aku nggak bisa menerima keputusan orang tua aku untuk membuat aku pindah sekolah karena aku merasa kehilangan teman-teman aku.,Perasaan Benci dan Jijik; Perasaan Sedih dan Kehilangan
Aku nggak bisa menerima sikap guru aku yang selalu keras dan aku merasa jijik banget.,Perasaan Benci dan Jijik; Perasaan Sedih dan Kehilangan
Aku sedih karena aku kehilangan ibuku yang baru saja meninggal dan aku merasa tidak berharga lagi.,Perasaan Benci dan Jijik; Perasaan Sedih dan Kehilangan
Aku nggak bisa menerima kehidupan yang aku jalani sekarang karena aku merasa kehilangan semangat dan aku sedih.,Perasaan Benci dan Jijik; Perasaan Sedih dan Kehilangan
Aku nggak bisa menerima sikap temen aku yang selalu mengganggu aku dan membuat aku jijik banget.,Perasaan Benci dan Jijik; Perasaan Sedih dan Kehilangan
Aku sedih karena aku kehilangan teman sekolah karena dia pindah ke luar kota dan aku merasa tidak berharga lagi.,Perasaan Benci dan Jijik; Perasaan Sedih dan Kehilangan
Aku nggak bisa menerima keputusan aku untuk tidak menghadiri acara keluarga karena aku merasa tidak nyaman dan aku jijik banget.,Perasaan Benci dan Jijik; Perasaan Sedih dan Kehilangan
Aku merasa jijik banget dengan sikap temen aku yang selalu egois dan hanya peduli dengan dirinya sendiri.,Perasaan Benci dan Jijik; Perasaan Sedih dan Kehilangan
Aku jengkel banget karena skripsi aku masih belum selesai dan aku takut tidak bisa menyelesaikannya sebelum deadline,Perasaan Takut dan Kecemasan; Perasaan Marah dan Frustasi
Aku kesal dengan diri sendiri karena selalu lupa mencetak tugas kuliah dan aku rasa takut akan mendapatkan nilai jelek,Perasaan Takut dan Kecemasan; Perasaan Marah dan Frustasi
Aku cemas karena ujian nanti tinggal beberapa hari lagi dan aku belum memahami materi kuliah,Perasaan Takut dan Kecemasan; Perasaan Marah dan Frustasi
Aku jadi gugup sendiri karena aku tahu aku tidak bisa menyelesaikan proyek akhir kuliah sebelum akhir semester,Perasaan Takut dan Kecemasan; Perasaan Marah dan Frustasi
Aku merasa tidak sabar menunggu jawaban dari peminjaman uang dari bank dan aku khawatir tidak bisa membayar kuliah,Perasaan Takut dan Kecemasan; Perasaan Marah dan Frustasi
Aku merasa marah dengan diri sendiri karena aku tahu aku bisa lebih baik dari ini dan aku rasa kecewa dengan prestasi kuliahku,Perasaan Takut dan Kecemasan; Perasaan Marah dan Frustasi
Aku sedih karena aku kehilangan teman sekamar dan aku merasa cemas tentang keadaan hidup sendirian di kota asing,Perasaan Takut dan Kecemasan; Perasaan Marah dan Frustasi
Aku gugup karena aku tahu aku akan menghadapi ujian psikologi dan aku takut tidak bisa menjawab pertanyaan yang diujikan,Perasaan Takut dan Kecemasan; Perasaan Marah dan Frustasi
Aku merasa marah dan frustrasi karena guru kuliahku tidak menjelaskan materi secara jelas dan aku merasa kesal dengan diri sendiri karena belum memahami,Perasaan Takut dan Kecemasan; Perasaan Marah dan Frustasi
Aku takut akan kejutan-kejutan di kemudian hari dan aku cemas tentang masa depan kuliahku,Perasaan Takut dan Kecemasan; Perasaan Marah dan Frustasi
Aku tidak sabar menunggu hari liburan akhir semester dan aku khawatir tidak bisa menyelesaikan segala kerjaan kuliah sebelum itu,Perasaan Takut dan Kecemasan; Perasaan Marah dan Frustasi
Aku jadi gugup sendiri ketika aku harus memilih jurusan di universitas dan aku rasa takut salah pilihan,Perasaan Takut dan Kecemasan; Perasaan Marah dan Frustasi
Aku sedih karena aku kehilangan sahabat lama dan aku merasa cemas tentang keadaan hidup sendirian di kampus,Perasaan Takut dan Kecemasan; Perasaan Marah dan Frustasi
Aku khawatir tidak bisa menyelesaikan tugas-tugas kuliah sebelum deadline dan aku merasa cemas akan mendapatkan nilai jelek,Perasaan Takut dan Kecemasan; Perasaan Marah dan Frustasi
Aku tidak sabar untuk mendapatkan hasil akhir ujian dan aku merasa gugup tentang keputusan peminjaman uang,Perasaan Takut dan Kecemasan; Perasaan Marah dan Frustasi
Aku merasa takut tidak bisa menyelesaikan kerjaan kuliah sebelum seminggu dan aku cemas akan tidak bisa mengerjakan proyek akhir kuliahku,Perasaan Takut dan Kecemasan; Perasaan Marah dan Frustasi
Aku merasa marah dengan kinerja diri sendiri karena aku tahu aku bisa lebih baik dan aku sedih karena kehilangan teman sekamar,Perasaan Takut dan Kecemasan; Perasaan Marah dan Frustasi
Aku jadi gugup sendiri ketika aku harus memilih antara kuliah atau kerja dan aku rasa takut salah pilihan,Perasaan Takut dan Kecemasan; Perasaan Marah dan Frustasi
Aku merasa takut tidak bisa menyelesaikan segala kerjaan kuliah sebelum liburan akhir semester dan aku cemas tentang masa depan kuliahku,Perasaan Takut dan Kecemasan; Perasaan Marah dan Frustasi
Aku tidak sabar menunggu hasil akhir ujian dan aku khawatir tidak bisa menyelesaikan proyek akhir kuliahku,Perasaan Takut dan Kecemasan; Perasaan Marah dan Frustasi
Aku sedih karena aku kehilangan kepercayaan diri dan aku merasa gugup tentang keputusan peminjaman uang,Perasaan Takut dan Kecemasan; Perasaan Marah dan Frustasi
Aku merasa takut tidak bisa menyelesaikan tugas-tugas kuliah sebelum deadline dan aku rasa kesal dengan diri sendiri karena belum memahami,Perasaan Takut dan Kecemasan; Perasaan Marah dan Frustasi
Aku merasa marah dengan kinerja diri sendiri karena aku tahu aku bisa lebih baik dan aku khawatir tidak bisa menyelesaikan proyek akhir kuliahku,Perasaan Takut dan Kecemasan; Perasaan Marah dan Frustasi
Aku khawatir tidak bisa menyelesaikan segala kerjaan kuliah sebelum liburan akhir semester dan aku merasa cemas akan mendapatkan nilai jelek,Perasaan Takut dan Kecemasan; Perasaan Marah dan Frustasi
Aku tidak sabar menunggu hari liburan akhir semester dan aku rasa cemas tentang keadaan hidup sendirian di kampus,Perasaan Takut dan Kecemasan; Perasaan Marah dan Frustasi
Aku sedih karena aku kehilangan sahabat lama dan aku merasa takut tidak bisa menyelesaikan kerjaan kuliah sebelum seminggu,Perasaan Takut dan Kecemasan; Perasaan Marah dan Frustasi
Aku merasa marah dengan guru kuliahku karena tidak menjelaskan materi secara jelas dan aku merasa gugup tentang keputusan peminjaman uang,Perasaan Takut dan Kecemasan; Perasaan Marah dan Frustasi
Aku merasa cemas tentang keadaan hidup sendirian di kampus dan aku khawatir tidak bisa menyelesaikan proyek akhir kuliahku,Perasaan Takut dan Kecemasan; Perasaan Marah dan Frustasi
Aku tidak sabar menunggu hasil akhir ujian dan aku merasa kesal dengan diri sendiri karena belum memahami,Perasaan Takut dan Kecemasan; Perasaan Marah dan Frustasi
Aku merasa marah dengan kinerja diri sendiri karena aku tahu aku bisa lebih baik dan aku merasa gugup tentang keputusan peminjaman uang,Perasaan Takut dan Kecemasan; Perasaan Marah dan Frustasi
Aku khawatir tidak bisa menyelesaikan tugas-tugas kuliah sebelum deadline dan aku rasa takut tidak bisa menyelesaikan kerjaan kuliah sebelum seminggu,Perasaan Takut dan Kecemasan; Perasaan Marah dan Frustasi
Aku sedih karena aku kehilangan kepercayaan diri dan aku merasa cemas tentang masa depan kuliahku,Perasaan Takut dan Kecemasan; Perasaan Marah dan Frustasi
Aku tidak sabar menunggu hasil akhir ujian dan aku merasa gugup tentang keadaan hidup sendirian di universitas.,Perasaan Takut dan Kecemasan; Perasaan Marah dan Frustasi
"Aku benar-benar terkejut dengan tindakan dia, membuat aku jadi benci dan enggan bicara sama dia lagi",Perasaan Benci dan Jijik; Reaksi Terkejut dan Tidak Terduga
"Aku nggak bisa percaya dia bisa begitu kejam, membuat aku kaget dan muak",Perasaan Benci dan Jijik; Reaksi Terkejut dan Tidak Terduga
"Dia selalu bilang dia kasih, tapi dia nggak pernah menunjukkannya, aku jadi benci dan jijik sama dia",Perasaan Benci dan Jijik; Reaksi Terkejut dan Tidak Terduga
"Aku terkejut ketika tahu dia nggak pernah belajar, aku tidak percaya dan enggan bicara sama dia lagi",Perasaan Benci dan Jijik; Reaksi Terkejut dan Tidak Terduga
"Aku nggak bisa ngerti mengapa dia bisa begitu tidak peduli, membuat aku bingung dan muak",Perasaan Benci dan Jijik; Reaksi Terkejut dan Tidak Terduga
"Aku benar-benar tidak terduga dia bisa begitu kejam, aku kaget dan benci sama dia",Perasaan Benci dan Jijik; Reaksi Terkejut dan Tidak Terduga
"Aku nggak bisa percaya ada orang begitu tidak peduli, membuat aku kaget dan jijik",Perasaan Benci dan Jijik; Reaksi Terkejut dan Tidak Terduga
"Dia selalu bilang dia suka, tapi dia nggak pernah menunjukkannya, aku jadi tidak percaya dan enggan bicara sama dia",Perasaan Benci dan Jijik; Reaksi Terkejut dan Tidak Terduga
"Aku benar-benar muak sama dia, karena dia nggak pernah peduli sama orang lain",Perasaan Benci dan Jijik; Reaksi Terkejut dan Tidak Terduga
"Aku nggak bisa ngerti mengapa dia bisa begitu benci, membuat aku bingung dan jijik",Perasaan Benci dan Jijik; Reaksi Terkejut dan Tidak Terduga
"Aku nggak bisa ngerti mengapa dia bisa begitu benci, membuat aku bingung dan enggan bicara sama dia",Perasaan Benci dan Jijik; Reaksi Terkejut dan Tidak Terduga
"Aku nggak bisa percaya ada orang begitu tidak peduli, membuat aku kaget dan enggan bicara sama dia",Perasaan Benci dan Jijik; Reaksi Terkejut dan Tidak Terduga
"Aku sangat berterima kasih atas kesempatan ini, karena aku sudah siap mentargetkan nilai di tes nanti",Rasa Syukur dan Apresiasi; Perasaan Sebelum Menghadapi Kejadian
"Aku merasa lebih baik setelah ngobrol dengan kalian, jadi aku siap menghadapi ujian hari ini",Rasa Syukur dan Apresiasi; Perasaan Sebelum Menghadapi Kejadian
"Kakak, aku sangat rindu berbicara tentang ini, tapi aku sudah siap untuk menghadapi kejadian tersebut",Rasa Syukur dan Apresiasi; Perasaan Sebelum Menghadapi Kejadian
"Aku sangat apresiasi waktu dan perhatian kalian, karena aku baru bisa menemukan jawaban yang tepat",Rasa Syukur dan Apresiasi; Perasaan Sebelum Menghadapi Kejadian
"Aku sudah memikirkan tentang hal ini sih, tapi aku sangat berterima kasih atas nasihat kalian",Rasa Syukur dan Apresiasi; Perasaan Sebelum Menghadapi Kejadian
"Aku baru sadar sekarang kalau aku bisa mengatasi masalah ini, tapi aku sangat berterima kasih atas bantuannya",Rasa Syukur dan Apresiasi; Perasaan Sebelum Menghadapi Kejadian
"Aku sudah siap dengan berbagai kemungkinan, jadi aku merasa lebih baik dan berantusias",Rasa Syukur dan Apresiasi; Perasaan Sebelum Menghadapi Kejadian
"Aku merasa lega karena aku telah menemukan jawaban yang tepat, jadi aku siap menghadapi tantangan",Rasa Syukur dan Apresiasi; Perasaan Sebelum Menghadapi Kejadian
"Aku baru bisa menemukan jawaban yang tepat, tapi aku sangat berterima kasih atas perhatian dan waktu kalian",Rasa Syukur dan Apresiasi; Perasaan Sebelum Menghadapi Kejadian
"Aku sudah antisipasi hal ini sih, tapi aku sangat rindu berbicara tentang ini dengan kalian",Rasa Syukur dan Apresiasi; Perasaan Sebelum Menghadapi Kejadian
"Aku merasa lebih baik sejak menemukan jawaban yang tepat, jadi aku siap menghadapi ujian hari ini",Rasa Syukur dan Apresiasi; Perasaan Sebelum Menghadapi Kejadian
"Aku sangat berterima kasih atas bantuannya, karena aku baru bisa mengatasi masalah ini",Rasa Syukur dan Apresiasi; Perasaan Sebelum Menghadapi Kejadian
"Aku baru sadar sekarang kalau aku bisa menghadapi tantangan ini, tapi aku sangat berterima kasih atas nasihat kalian",Rasa Syukur dan Apresiasi; Perasaan Sebelum Menghadapi Kejadian
"Aku sudah siap untuk menghadapi kejadian tersebut, jadi aku merasa lega dan lebih bersyukur",Rasa Syukur dan Apresiasi; Perasaan Sebelum Menghadapi Kejadian
"Aku sudah memikirkan tentang hal ini sih, tapi aku sangat merasa lebih baik setelah ngobrol dengan kalian",Rasa Syukur dan Apresiasi; Perasaan Sebelum Menghadapi Kejadian
"Aku baru bisa menemukan jawaban yang tepat, jadi aku sangat berterima kasih atas bantuannya",Rasa Syukur dan Apresiasi; Perasaan Sebelum Menghadapi Kejadian
"Aku sangat berterima kasih atas perhatian dan waktu kalian, karena aku baru bisa mengatasi masalah ini",Rasa Syukur dan Apresiasi; Perasaan Sebelum Menghadapi Kejadian
"Aku sudah siap untuk menghadapi kejadian tersebut, jadi aku merasa lega dan lebih bersyukur karena aku menemukan jawaban yang tepat",Rasa Syukur dan Apresiasi; Perasaan Sebelum Menghadapi Kejadian
"Aku sangat apresiasi waktu dan perhatian kalian, karena aku baru bisa menemukan jawaban yang tepat untuk masalah ini dan aku merasa lebih baik",Rasa Syukur dan Apresiasi; Perasaan Sebelum Menghadapi Kejadian
"Aku merasa lega karena aku telah menemukan jawaban yang tepat, jadi aku siap menghadapi ujian dan aku merasa lebih baik sekarang",Rasa Syukur dan Apresiasi; Perasaan Sebelum Menghadapi Kejadian
"Aku sudah antisipasi hal ini sih, tapi aku sangat rindu berbicara tentang ini dengan kalian dan aku baru sedikit lebih baik lagi",Rasa Syukur dan Apresiasi; Perasaan Sebelum Menghadapi Kejadian
"Aku sangat berterima kasih atas bantuannya, karena aku baru bisa mengatasi masalah ini dan aku merasa lebih lega dan senang",Rasa Syukur dan Apresiasi; Perasaan Sebelum Menghadapi Kejadian
"Aku baru sadar sekarang kalau aku bisa menghadapi tantangan ini, tapi aku sangat berterima kasih atas nasihat kalian untuk memulihkan diri dan aku merasa lebih baik",Rasa Syukur dan Apresiasi; Perasaan Sebelum Menghadapi Kejadian
"Aku baru bisa menemukan jawaban yang tepat, jadi aku sangat berterima kasih atas bantuannya untuk menghadapi tantangan dan aku merasa berantusias",Rasa Syukur dan Apresiasi; Perasaan Sebelum Menghadapi Kejadian
Aku sangat berterima kasih atas perhatian dan waktu kalian,Rasa Syukur dan Apresiasi; Perasaan Sebelum Menghadapi Kejadian
"Apa yang harus kulakukan setelah diberitahu aku akan dikeluarkan dari kuliah itu, nggak percaya sih",Perasaan Benci dan Jijik; Rasa Syukur dan Apresiasi; Reaksi Terkejut dan Tidak Terduga
"Aku tidak ingin bertemu dengan kakak kuliah di tempat umum lagi, jijik banget",Perasaan Benci dan Jijik; Rasa Syukur dan Apresiasi; Reaksi Terkejut dan Tidak Terduga
"Sepanjang hari aku merasa syukur atas kesempatan kuliah yang aku dapatkan, lega juga karena masih punya waktu untuk mengejar impian.",Perasaan Benci dan Jijik; Rasa Syukur dan Apresiasi; Reaksi Terkejut dan Tidak Terduga
"Aku tak percaya kakak konseling bilang aku lulus, benar-benar kaget",Perasaan Benci dan Jijik; Rasa Syukur dan Apresiasi; Reaksi Terkejut dan Tidak Terduga
"Tidak mau ada orang kayak itu di sekitarku lagi, jadi aku nggak mau bertemu dengannya",Perasaan Benci dan Jijik; Rasa Syukur dan Apresiasi; Reaksi Terkejut dan Tidak Terduga
"Setelah aku menghadapi kakak konseling itu, aku merasa syukur karena aku bisa belajar dari pengalamanku.",Perasaan Benci dan Jijik; Rasa Syukur dan Apresiasi; Reaksi Terkejut dan Tidak Terduga
"Aku tidak ingin bertemu dengan kakak konseling itu lagi, jijik dan benci",Perasaan Benci dan Jijik; Rasa Syukur dan Apresiasi; Reaksi Terkejut dan Tidak Terduga
"Namun, aku merasa syukur karena aku bisa belajar dari pengalamanku dan merasa lebih baik setelahnya.",Perasaan Benci dan Jijik; Rasa Syukur dan Apresiasi; Reaksi Terkejut dan Tidak Terduga
"Aku kaget saat tahu aku bisa mengatasinya, tapi sebenarnya aku harus syukur saja.",Perasaan Benci dan Jijik; Rasa Syukur dan Apresiasi; Reaksi Terkejut dan Tidak Terduga
"Jujur sih aku tidak ingin lagi kuliah di situ, tapi aku syukur karena masih diberi kesempatan",Perasaan Benci dan Jijik; Rasa Syukur dan Apresiasi; Reaksi Terkejut dan Tidak Terduga
"Aku kaget saat tahu apa yang terjadi, tapi aku harus menghadapinya dengan hati berterima kasih",Perasaan Benci dan Jijik; Rasa Syukur dan Apresiasi; Reaksi Terkejut dan Tidak Terduga
"Aku tidak suka kakak konseling itu, tapi aku merasa lega karena aku bisa mengalahkan rasa benci.",Perasaan Benci dan Jijik; Rasa Syukur dan Apresiasi; Reaksi Terkejut dan Tidak Terduga
"Aku benci sekali dengan situasinya, tapi aku syukur karena aku bisa belajar dari pengalamanku",Perasaan Benci dan Jijik; Rasa Syukur dan Apresiasi; Reaksi Terkejut dan Tidak Terduga
Aku kaget saat tahu aku harus menghadapi kesulitan ini sendiri,Perasaan Benci dan Jijik; Rasa Syukur dan Apresiasi; Reaksi Terkejut dan Tidak Terduga
Aku merasa syukur karena aku bisa menemukan jalan keluarnya.,Perasaan Benci dan Jijik; Rasa Syukur dan Apresiasi; Reaksi Terkejut dan Tidak Terduga
"Aku tidak percaya bisa berhasil seperti ini, benar-benar kaget",Perasaan Benci dan Jijik; Rasa Syukur dan Apresiasi; Reaksi Terkejut dan Tidak Terduga
"Aku tidak ingin bertemu dengan orang kayak itu lagi, jijik banget",Perasaan Benci dan Jijik; Rasa Syukur dan Apresiasi; Reaksi Terkejut dan Tidak Terduga
Aku merasa syukur atas hasil yang aku dapatkan.,Perasaan Benci dan Jijik; Rasa Syukur dan Apresiasi; Reaksi Terkejut dan Tidak Terduga
Jujur sih aku terkejut dengan apa yang terjadi,Perasaan Benci dan Jijik; Rasa Syukur dan Apresiasi; Reaksi Terkejut dan Tidak Terduga
Aku tidak ingin bertemu dengan kakak konseling itu lagi,Perasaan Benci dan Jijik; Rasa Syukur dan Apresiasi; Reaksi Terkejut dan Tidak Terduga
Aku kaget saat tahu aku bisa mengatasinya,Perasaan Benci dan Jijik; Rasa Syukur dan Apresiasi; Reaksi Terkejut dan Tidak Terduga
Aku benci sekali dengan situasinya,Perasaan Benci dan Jijik; Rasa Syukur dan Apresiasi; Reaksi Terkejut dan Tidak Terduga
Aku tidak percaya bisa berhasil seperti ini,Perasaan Benci dan Jijik; Rasa Syukur dan Apresiasi; Reaksi Terkejut dan Tidak Terduga
Aku tidak suka kakak konseling itu,Perasaan Benci dan Jijik; Rasa Syukur dan Apresiasi; Reaksi Terkejut dan Tidak Terduga
Aku tidak ingin bertemu dengan orang kayak itu lagi,Perasaan Benci dan Jijik; Rasa Syukur dan Apresiasi; Reaksi Terkejut dan Tidak Terduga
Aku kaget saat tahu apa yang terjadi,Perasaan Benci dan Jijik; Rasa Syukur dan Apresiasi; Reaksi Terkejut dan Tidak Terduga
Aku merasa syukur karena aku bisa belajar dari pengalamanku.,Perasaan Benci dan Jijik; Rasa Syukur dan Apresiasi; Reaksi Terkejut dan Tidak Terduga
Aku merasa syukur karena aku bisa mengatasi situasi tersebut,Perasaan Benci dan Jijik; Rasa Syukur dan Apresiasi; Reaksi Terkejut dan Tidak Terduga
Aku tidak ingin bertemu dengan kakak kuliah di tempat umum lagi,Perasaan Benci dan Jijik; Rasa Syukur dan Apresiasi; Reaksi Terkejut dan Tidak Terduga
Aku merasa syukur karena aku bisa merasa lebih baik setelahnya.,Perasaan Benci dan Jijik; Rasa Syukur dan Apresiasi; Reaksi Terkejut dan Tidak Terduga
Aku tidak suka kakak konseling itu.,Perasaan Benci dan Jijik; Rasa Syukur dan Apresiasi; Reaksi Terkejut dan Tidak Terduga
"Aku nggak bisa percaya sama dosen ini, dia mau kasih tugas dihari libur gitu?",Perasaan Benci dan Jijik; Reaksi Terkejut dan Tidak Terduga; Perasaan Sebelum Menghadapi Kejadian
Aku malu banget ngomong sama si cewek itu karena rasanya benci sama aku banget setelah aku salah tingkah di depan sekolah,Perasaan Benci dan Jijik; Reaksi Terkejut dan Tidak Terduga; Perasaan Sebelum Menghadapi Kejadian
"Aku sudah siap menghadapi ujian nanti hari Sabtu, aku sudah antisipasi dan persiapkan diri sih dari awal.",Perasaan Benci dan Jijik; Reaksi Terkejut dan Tidak Terduga; Perasaan Sebelum Menghadapi Kejadian
Aku jijik banget sama hobi teman kuliahku yang suka makan sesuatu yang aku pikir kotor,Perasaan Benci dan Jijik; Reaksi Terkejut dan Tidak Terduga; Perasaan Sebelum Menghadapi Kejadian
Aku tidak percaya sama diri sendiri karena aku bisa lulus kuliah cumlaude,Perasaan Benci dan Jijik; Reaksi Terkejut dan Tidak Terduga; Perasaan Sebelum Menghadapi Kejadian
Aku harus antisipasi dan siap sebelum berbicara hadiah kepada pacar tanggal ulang tahunya.,Perasaan Benci dan Jijik; Reaksi Terkejut dan Tidak Terduga; Perasaan Sebelum Menghadapi Kejadian
Aku enggan banget ikut kegiatan sekolah nanti minggu ini,Perasaan Benci dan Jijik; Reaksi Terkejut dan Tidak Terduga; Perasaan Sebelum Menghadapi Kejadian
Aku bingung banget nanti aku harus pilih antara kuliah atau kerja,Perasaan Benci dan Jijik; Reaksi Terkejut dan Tidak Terduga; Perasaan Sebelum Menghadapi Kejadian
Aku harus berencana bagaimana cara menghadapi ujian nanti.,Perasaan Benci dan Jijik; Reaksi Terkejut dan Tidak Terduga; Perasaan Sebelum Menghadapi Kejadian
Aku merasa benci sama kampus ini karena tidak ada fasilitas yang memadai,Perasaan Benci dan Jijik; Reaksi Terkejut dan Tidak Terduga; Perasaan Sebelum Menghadapi Kejadian
Aku nggak bisa percaya aku bisa mendapatkan beasiswa itu,Perasaan Benci dan Jijik; Reaksi Terkejut dan Tidak Terduga; Perasaan Sebelum Menghadapi Kejadian
Aku harus siap mental sebelum berbicara hadiah kepada teman karena aku tidak tahu bagaimana reaksinya.,Perasaan Benci dan Jijik; Reaksi Terkejut dan Tidak Terduga; Perasaan Sebelum Menghadapi Kejadian
Aku tidak terima suatu cara berpakaian yang menurutku tidak sopan,Perasaan Benci dan Jijik; Reaksi Terkejut dan Tidak Terduga; Perasaan Sebelum Menghadapi Kejadian
Aku jijik banget sama suasana di sekitar kampus,Perasaan Benci dan Jijik; Reaksi Terkejut dan Tidak Terduga; Perasaan Sebelum Menghadapi Kejadian
Aku harus antisipasi berapa banyak dana yang aku perlukan untuk nanti ujian.,Perasaan Benci dan Jijik; Reaksi Terkejut dan Tidak Terduga; Perasaan Sebelum Menghadapi Kejadian
Aku benci banget sama suasana yang tidak nyaman di kampus,Perasaan Benci dan Jijik; Reaksi Terkejut dan Tidak Terduga; Perasaan Sebelum Menghadapi Kejadian
Aku nggak bisa percaya aku bisa lulus kuliah dalam waktu yang lebih cepat dari rencana,Perasaan Benci dan Jijik; Reaksi Terkejut dan Tidak Terduga; Perasaan Sebelum Menghadapi Kejadian
Aku harus siap dan mental sebelum presentasi nanti.,Perasaan Benci dan Jijik; Reaksi Terkejut dan Tidak Terduga; Perasaan Sebelum Menghadapi Kejadian
Aku merasa jijik sama makanan yang tidak masak sama sekali,Perasaan Benci dan Jijik; Reaksi Terkejut dan Tidak Terduga; Perasaan Sebelum Menghadapi Kejadian
Aku muak banget sama tugas yang tidak masuk akal di diktat kuliah,Perasaan Benci dan Jijik; Reaksi Terkejut dan Tidak Terduga; Perasaan Sebelum Menghadapi Kejadian
Aku harus antisipasi berapa banyak materi yang harus aku kuasai nanti.,Perasaan Benci dan Jijik; Reaksi Terkejut dan Tidak Terduga; Perasaan Sebelum Menghadapi Kejadian
Aku tidak percaya aku bisa mendapatkan pekerjaan yang aku inginkan,Perasaan Benci dan Jijik; Reaksi Terkejut dan Tidak Terduga; Perasaan Sebelum Menghadapi Kejadian
Aku harus siap mental dan fisik sebelum nanti pertandingan.,Perasaan Benci dan Jijik; Reaksi Terkejut dan Tidak Terduga; Perasaan Sebelum Menghadapi Kejadian
Aku merasa tidak nyaman sama suasana di sekitar kampus,Perasaan Benci dan Jijik; Reaksi Terkejut dan Tidak Terduga; Perasaan Sebelum Menghadapi Kejadian
Aku jijik banget sama perilaku teman-teman kuliahku yang suka berkelahi,Perasaan Benci dan Jijik; Reaksi Terkejut dan Tidak Terduga; Perasaan Sebelum Menghadapi Kejadian
Aku benci banget sama fasilitas yang kurang lengkap di kampus,Perasaan Benci dan Jijik; Reaksi Terkejut dan Tidak Terduga; Perasaan Sebelum Menghadapi Kejadian
Aku nggak bisa percaya aku bisa mendapatkan beasiswa di universitas ternama,Perasaan Benci dan Jijik; Reaksi Terkejut dan Tidak Terduga; Perasaan Sebelum Menghadapi Kejadian
Aku harus siap mental sebelum nanti berbicara hadiah kepada pacar.,Perasaan Benci dan Jijik; Reaksi Terkejut dan Tidak Terduga; Perasaan Sebelum Menghadapi Kejadian
Aku merasa muak sama pengajar yang tidak mengetahui apa-apa,Perasaan Benci dan Jijik; Reaksi Terkejut dan Tidak Terduga; Perasaan Sebelum Menghadapi Kejadian
Aku jijik banget sama suasana yang tidak nyaman di sekolah,Perasaan Benci dan Jijik; Reaksi Terkejut dan Tidak Terduga; Perasaan Sebelum Menghadapi Kejadian
Aku tidak percaya aku bisa lulus kuliah dengan nilai yang sangat tinggi,Perasaan Benci dan Jijik; Reaksi Terkejut dan Tidak Terduga; Perasaan Sebelum Menghadapi Kejadian
Aku benci banget sama pengajar yang tidak mengetahui apa-apa,Perasaan Benci dan Jijik; Reaksi Terkejut dan Tidak Terduga; Perasaan Sebelum Menghadapi Kejadian
"Saya sudah siap membantu. Berikut adalah 50 kalimat pendek yang mencerminkan rasa syukur dan apresiasi, perasaan sebelum menghadapi kejadian, serta perasaan percaya:",Perasaan Percaya; Rasa Syukur dan Apresiasi; Perasaan Sebelum Menghadapi Kejadian
"Aku sangat berterima kasih atas saranmu, aku merasa lebih siap menghadapi ujian besok.",Perasaan Percaya; Rasa Syukur dan Apresiasi; Perasaan Sebelum Menghadapi Kejadian
"Sudah banyak berkat yang diberikan, jadi aku tidak perlu khawatir lagi.",Perasaan Percaya; Rasa Syukur dan Apresiasi; Perasaan Sebelum Menghadapi Kejadian
Aku mengikuti proses konseling ini karena aku percaya pada kemampuanmu.,Perasaan Percaya; Rasa Syukur dan Apresiasi; Perasaan Sebelum Menghadapi Kejadian
"Aku merasa lega sekarang, aku sudah memiliki rencana untuk mengatasi masalah ini.",Perasaan Percaya; Rasa Syukur dan Apresiasi; Perasaan Sebelum Menghadapi Kejadian
"Aku berharap kamu bisa membantu aku, aku sangat butuh saran yang tepat.",Perasaan Percaya; Rasa Syukur dan Apresiasi; Perasaan Sebelum Menghadapi Kejadian
"Aku sangat berterima kasih atas kepercayaanmu, aku akan mencoba saranmu dengan baik.",Perasaan Percaya; Rasa Syukur dan Apresiasi; Perasaan Sebelum Menghadapi Kejadian
"Aku sudah sangat siap untuk menghadapi tantangan di depan, aku tahu aku bisa melakukannya.",Perasaan Percaya; Rasa Syukur dan Apresiasi; Perasaan Sebelum Menghadapi Kejadian
"Aku merasa sangat percaya diri sekarang, aku telah menemukan jalan untuk mengatasi masalahku.",Perasaan Percaya; Rasa Syukur dan Apresiasi; Perasaan Sebelum Menghadapi Kejadian
Aku berusaha untuk menjadi lebih terbuka dan mau menerima saran baru.,Perasaan Percaya; Rasa Syukur dan Apresiasi; Perasaan Sebelum Menghadapi Kejadian
Aku merasa sangat bersyukur atas kesempatan untuk berkonsultasi denganmu.,Perasaan Percaya; Rasa Syukur dan Apresiasi; Perasaan Sebelum Menghadapi Kejadian
"Aku sudah memiliki rencana untuk menghadapi kejadian ini, aku rasa akan berhasil.",Perasaan Percaya; Rasa Syukur dan Apresiasi; Perasaan Sebelum Menghadapi Kejadian
"Aku sangat percaya pada diri sendiri saat ini, aku tahu aku bisa melampaui masalah-masalahku.",Perasaan Percaya; Rasa Syukur dan Apresiasi; Perasaan Sebelum Menghadapi Kejadian
Aku merasa lega karena aku bisa membicarakan perasaanku denganmu secara bebas.,Perasaan Percaya; Rasa Syukur dan Apresiasi; Perasaan Sebelum Menghadapi Kejadian
Aku sangat berterima kasih atas kesempatan untuk berkonsultasi denganmu.,Perasaan Percaya; Rasa Syukur dan Apresiasi; Perasaan Sebelum Menghadapi Kejadian
Aku merasa lebih percaya diri setelah kita berdiskusi tentang masalahku.,Perasaan Percaya; Rasa Syukur dan Apresiasi; Perasaan Sebelum Menghadapi Kejadian
Aku telah menemukan rahasia untuk mengatasi masalahku dan aku sangat berterima kasih atas saranmu.,Perasaan Percaya; Rasa Syukur dan Apresiasi; Perasaan Sebelum Menghadapi Kejadian
Aku bisa menghadapi tantangan di depan dengan lebih percaya diri.,Perasaan Percaya; Rasa Syukur dan Apresiasi; Perasaan Sebelum Menghadapi Kejadian
"Aku sangat berterima kasih atas bantuanmu, aku tahu aku bisa melakukannya.",Perasaan Percaya; Rasa Syukur dan Apresiasi; Perasaan Sebelum Menghadapi Kejadian
Aku merasa syukur atas kesempatan untuk berkonsultasi denganmu.,Perasaan Percaya; Rasa Syukur dan Apresiasi; Perasaan Sebelum Menghadapi Kejadian
"Aku telah memutuskan untuk mengikuti saran kamu, aku rasa akan berhasil.",Perasaan Percaya; Rasa Syukur dan Apresiasi; Perasaan Sebelum Menghadapi Kejadian
Aku merasa lebih siap untuk menghadapi tantangan di depan.,Perasaan Percaya; Rasa Syukur dan Apresiasi; Perasaan Sebelum Menghadapi Kejadian
Aku percaya bahwa aku bisa mengatasi masalah-masalahku.,Perasaan Percaya; Rasa Syukur dan Apresiasi; Perasaan Sebelum Menghadapi Kejadian
Aku telah menemukan jalan untuk mengatasi masalahku.,Perasaan Percaya; Rasa Syukur dan Apresiasi; Perasaan Sebelum Menghadapi Kejadian
Aku percaya pada kemampuanmu untuk membantu aku.,Perasaan Percaya; Rasa Syukur dan Apresiasi; Perasaan Sebelum Menghadapi Kejadian
Aku merasa sangat berterima kasih atas saranmu.,Perasaan Percaya; Rasa Syukur dan Apresiasi; Perasaan Sebelum Menghadapi Kejadian
Aku telah memutuskan untuk mengikuti proses konseling ini.,Perasaan Percaya; Rasa Syukur dan Apresiasi; Perasaan Sebelum Menghadapi Kejadian
Aku sangat berterima kasih atas bantuanmu.,Perasaan Percaya; Rasa Syukur dan Apresiasi; Perasaan Sebelum Menghadapi Kejadian
Aku telah memutuskan untuk mengikuti saran kamu.,Perasaan Percaya; Rasa Syukur dan Apresiasi; Perasaan Sebelum Menghadapi Kejadian
"Dengan saran kamu, aku yakin bisa menghadapi tantangan di depan.",Perasaan Percaya; Rasa Syukur dan Apresiasi; Perasaan Sebelum Menghadapi Kejadian
Aku sangat berterima kasih atas bantuanmu dalam menemukan jalan keluar.,Perasaan Percaya; Rasa Syukur dan Apresiasi; Perasaan Sebelum Menghadapi Kejadian
"Aku nggak percaya kamu bisa membantu aku cari jalan keluar dari masalah ini, tapi aku sih mau mencoba saran kamu",Perasaan Percaya; Perasaan Takut dan Kecemasan; Perasaan Marah dan Frustasi
"Aku sangat marah dengan kondisi sekarang ini, tapi aku rasa aku butuh bantuan konselor buat menenangkannya",Perasaan Percaya; Perasaan Takut dan Kecemasan; Perasaan Marah dan Frustasi
Bagaimana aku bisa yakin dengan keputusan ini? Aku rasa aku masih bingung dan butuh bantuan kamu,Perasaan Percaya; Perasaan Takut dan Kecemasan; Perasaan Marah dan Frustasi
"Aku rasa aku tidak bisa menemukan kebenaran, tapi aku rasa aku harus mencoba terlebih dahulu",Perasaan Percaya; Perasaan Takut dan Kecemasan; Perasaan Marah dan Frustasi
"Aku sangat khawatir dengan masa depan aku, tapi aku rasa aku perlu bantuan konselor buat menghadapinya",Perasaan Percaya; Perasaan Takut dan Kecemasan; Perasaan Marah dan Frustasi
"Aku rasa aku tidak sabar dengan proses ini, tapi aku sih mau mencoba dan lihat hasilnya",Perasaan Percaya; Perasaan Takut dan Kecemasan; Perasaan Marah dan Frustasi
"Aku sangat panik dengan apa yang aku rasakan sekarang, tapi aku rasa aku perlu bantuan konselor buat menenangkannya",Perasaan Percaya; Perasaan Takut dan Kecemasan; Perasaan Marah dan Frustasi
"Aku rasa aku tidak percaya diri, tapi aku rasa aku perlu mencoba dan melihat hasilnya",Perasaan Percaya; Perasaan Takut dan Kecemasan; Perasaan Marah dan Frustasi
"Aku sangat gugup dengan kondisi ini, tapi aku rasa aku perlu bantuan konselor buat menghadapinya",Perasaan Percaya; Perasaan Takut dan Kecemasan; Perasaan Marah dan Frustasi
"Aku rasa aku jengkel dengan situasi ini, tapi aku sih mau mencoba dan lihat hasilnya",Perasaan Percaya; Perasaan Takut dan Kecemasan; Perasaan Marah dan Frustasi
"Aku rasa aku tidak tahu harus berbuat apa, tapi aku rasa aku perlu mencoba dan melihat hasilnya",Perasaan Percaya; Perasaan Takut dan Kecemasan; Perasaan Marah dan Frustasi
"Aku sangat kesal dengan kondisi ini, tapi aku rasa aku perlu bantuan konselor buat menenangkannya",Perasaan Percaya; Perasaan Takut dan Kecemasan; Perasaan Marah dan Frustasi
"Aku sangat frustrasi dengan keadaan ini, tapi aku rasa aku perlu bantuan konselor buat menghadapinya",Perasaan Percaya; Perasaan Takut dan Kecemasan; Perasaan Marah dan Frustasi
Aku sangat khawatir aku tidak bisa menghadapi masa depan,Perasaan Percaya; Perasaan Takut dan Kecemasan; Perasaan Marah dan Frustasi
Aku rasa aku perlu bantuan konselor untuk menenangkanku,Perasaan Percaya; Perasaan Takut dan Kecemasan; Perasaan Marah dan Frustasi
"Aku sangat marah dengan keadaan ini, tapi aku rasa aku perlu mencoba dan lihat hasilnya",Perasaan Percaya; Perasaan Takut dan Kecemasan; Perasaan Marah dan Frustasi
Aku rasa aku harus mencoba terlebih dahulu sebelum aku bisa percaya diri,Perasaan Percaya; Perasaan Takut dan Kecemasan; Perasaan Marah dan Frustasi
Aku sangat gugup dengan apa yang aku rasakan,Perasaan Percaya; Perasaan Takut dan Kecemasan; Perasaan Marah dan Frustasi
Aku rasa aku perlu bantuan konselor untuk menghadapi kecemasanku,Perasaan Percaya; Perasaan Takut dan Kecemasan; Perasaan Marah dan Frustasi
Aku sangat panik dengan apa yang aku lakukan,Perasaan Percaya; Perasaan Takut dan Kecemasan; Perasaan Marah dan Frustasi
Aku rasa aku perlu mencoba dan melihat hasilnya sebelum aku bisa percaya diri,Perasaan Percaya; Perasaan Takut dan Kecemasan; Perasaan Marah dan Frustasi
"Aku sangat jengkel dengan situasi ini, tapi aku rasa aku perlu mencoba dan lihat hasilnya",Perasaan Percaya; Perasaan Takut dan Kecemasan; Perasaan Marah dan Frustasi
Aku rasa aku harus mencoba terlebih dahulu sebelum aku bisa menemukan kebenaran,Perasaan Percaya; Perasaan Takut dan Kecemasan; Perasaan Marah dan Frustasi
Aku sangat marah dengan keadaan ini,Perasaan Percaya; Perasaan Takut dan Kecemasan; Perasaan Marah dan Frustasi
Aku sangat khawatir aku tidak bisa menemukan kebenaran,Perasaan Percaya; Perasaan Takut dan Kecemasan; Perasaan Marah dan Frustasi
Aku sangat panik dengan kondisi ini,Perasaan Percaya; Perasaan Takut dan Kecemasan; Perasaan Marah dan Frustasi
Aku sangat jengkel dengan situasi ini,Perasaan Percaya; Perasaan Takut dan Kecemasan; Perasaan Marah dan Frustasi
Aku sangat frustrasi dengan keadaan ini,Perasaan Percaya; Perasaan Takut dan Kecemasan; Perasaan Marah dan Frustasi
"Aku benar-benar marah dan frustasi karena nilai tes akhir semester yang jelek, nantinya kayaknya aku tidak bisa lulus dengan nilai yang bagus",Perasaan Sedih dan Kehilangan; Perasaan Takut dan Kecemasan; Perasaan Marah dan Frustasi
"Aku sedih dan kehilangan harapan saat mencoba mendaftar lowongan kerja yang pas banget dengan minatku, tapi aku khawatir aku tidak bisa lolos interview",Perasaan Sedih dan Kehilangan; Perasaan Takut dan Kecemasan; Perasaan Marah dan Frustasi
Aku jengkel dan tidak sabar menunggu jawaban dari teman yang tidak sabar menunggu aku,Perasaan Sedih dan Kehilangan; Perasaan Takut dan Kecemasan; Perasaan Marah dan Frustasi
"Aku cemas dan khawatir tentang skripsi yang belum jelas, kayaknya aku tidak bisa menyelesaikannya sebelum tenggat waktu",Perasaan Sedih dan Kehilangan; Perasaan Takut dan Kecemasan; Perasaan Marah dan Frustasi
Aku tidak berharga dan sedih karena tidak bisa menangkap perhatian cinta dari kekasihku,Perasaan Sedih dan Kehilangan; Perasaan Takut dan Kecemasan; Perasaan Marah dan Frustasi
Aku merasa terancam dan gugup dalam wawancara kerja karena aku tidak percaya diri,Perasaan Sedih dan Kehilangan; Perasaan Takut dan Kecemasan; Perasaan Marah dan Frustasi
Aku putus asa dan sedih karena ujian semester sekarang nanti akan berlangsung,Perasaan Sedih dan Kehilangan; Perasaan Takut dan Kecemasan; Perasaan Marah dan Frustasi
Aku merasa tidak berharga dan kehilangan harapan setelah ujian semester sebelumnya gagal,Perasaan Sedih dan Kehilangan; Perasaan Takut dan Kecemasan; Perasaan Marah dan Frustasi
Aku sedih dan kehilangan harapan atas tidak mencapai target akhir semester,Perasaan Sedih dan Kehilangan; Perasaan Takut dan Kecemasan; Perasaan Marah dan Frustasi
Aku tidak sabar dan marah karena belum bisa menyelesaikan proyek akhir,Perasaan Sedih dan Kehilangan; Perasaan Takut dan Kecemasan; Perasaan Marah dan Frustasi
Aku sedih dan kehilangan harapan setelah berbagai usaha tidak berhasil menyelesaikan proyek akhir,Perasaan Sedih dan Kehilangan; Perasaan Takut dan Kecemasan; Perasaan Marah dan Frustasi
Aku cemas dan khawatir tentang ujian kenaikan kelas yang tidak jelas,Perasaan Sedih dan Kehilangan; Perasaan Takut dan Kecemasan; Perasaan Marah dan Frustasi
Aku merasa terancam dan gugup dengan ujian kenaikan kelas yang akan datang,Perasaan Sedih dan Kehilangan; Perasaan Takut dan Kecemasan; Perasaan Marah dan Frustasi
Aku putus asa dan sedih karena sudah beberapa kali gagal menghadapi ujian,Perasaan Sedih dan Kehilangan; Perasaan Takut dan Kecemasan; Perasaan Marah dan Frustasi
Aku sedih dan kehilangan harapan atas tidak bisa menangkap perhatian cinta,Perasaan Sedih dan Kehilangan; Perasaan Takut dan Kecemasan; Perasaan Marah dan Frustasi
Aku jengkel dan tidak sabar karena belum bisa menyelesaikan tugas akhir,Perasaan Sedih dan Kehilangan; Perasaan Takut dan Kecemasan; Perasaan Marah dan Frustasi
Aku marah dan frustasi dengan tugas akhir yang tidak jelas,Perasaan Sedih dan Kehilangan; Perasaan Takut dan Kecemasan; Perasaan Marah dan Frustasi
Aku kehilangan harapan dan sedih karena gagal menghadapi ujian,Perasaan Sedih dan Kehilangan; Perasaan Takut dan Kecemasan; Perasaan Marah dan Frustasi
Aku sedih dan kehilangan harapan atas tidak bisa lolos wawancara kerja,Perasaan Sedih dan Kehilangan; Perasaan Takut dan Kecemasan; Perasaan Marah dan Frustasi
Aku merasa terancam dan gugup dengan skripsi yang belum jelas,Perasaan Sedih dan Kehilangan; Perasaan Takut dan Kecemasan; Perasaan Marah dan Frustasi
Aku putus asa dan sedih karena sudah terjebak dalam masalah,Perasaan Sedih dan Kehilangan; Perasaan Takut dan Kecemasan; Perasaan Marah dan Frustasi
Aku sedih dan kehilangan harapan atas tidak bisa menyelesaikan proyek akhir,Perasaan Sedih dan Kehilangan; Perasaan Takut dan Kecemasan; Perasaan Marah dan Frustasi
Aku benar-benar marah dan frustasi dengan hasil nilai tes,Perasaan Sedih dan Kehilangan; Perasaan Takut dan Kecemasan; Perasaan Marah dan Frustasi
Aku tidak berharga dan sedih karena sudah beberapa kali gagal menghadapi ujian,Perasaan Sedih dan Kehilangan; Perasaan Takut dan Kecemasan; Perasaan Marah dan Frustasi
Aku cemas dan khawatir tentang wawancara kerja,Perasaan Sedih dan Kehilangan; Perasaan Takut dan Kecemasan; Perasaan Marah dan Frustasi
Aku merasa terancam dan gugup atas tidak bisa menyelesaikan tugas akhir,Perasaan Sedih dan Kehilangan; Perasaan Takut dan Kecemasan; Perasaan Marah dan Frustasi
Aku sedih dan kehilangan harapan setelah ujian semester sebelumnya gagal,Perasaan Sedih dan Kehilangan; Perasaan Takut dan Kecemasan; Perasaan Marah dan Frustasi
Aku jengkel dan tidak sabar menunggu jawaban dari kekasihku,Perasaan Sedih dan Kehilangan; Perasaan Takut dan Kecemasan; Perasaan Marah dan Frustasi
Aku benar-benar marah dan frustasi dengan skripsi yang belum jelas,Perasaan Sedih dan Kehilangan; Perasaan Takut dan Kecemasan; Perasaan Marah dan Frustasi
Aku cemas dan khawatir tentang ujian kenaikan kelas,Perasaan Sedih dan Kehilangan; Perasaan Takut dan Kecemasan; Perasaan Marah dan Frustasi
Aku tidak berharga dan sedih karena sudah terjebak dalam masalah,Perasaan Sedih dan Kehilangan; Perasaan Takut dan Kecemasan; Perasaan Marah dan Frustasi
aku terharu banget karena konselor bisa membantu aku menemukan arah dalam hidup sih,Perasaan Percaya; Rasa Syukur dan Apresiasi
aku senang bisa berbagi perasaan dengan konselor dan mendapatkan saran yang bermanfaat banget,Perasaan Percaya; Rasa Syukur dan Apresiasi
aku merasa lebih lega karena konselor tidak membuat aku merasa bersalah,Perasaan Percaya; Rasa Syukur dan Apresiasi
aku rasa syukur karena bisa mendapatkan tempat yang nyaman untuk mengungkapkan perasaan aku,Perasaan Percaya; Rasa Syukur dan Apresiasi
aku terbuka untuk mendengarkan saran konselor karena aku rasa mereka memahami aku,Perasaan Percaya; Rasa Syukur dan Apresiasi
aku merasa lebih percaya diri karena konselor bisa membantu aku menemukan solusi masalah,Perasaan Percaya; Rasa Syukur dan Apresiasi
aku senang bisa berdiskusi dengan konselor tentang perasaan aku gitu,Perasaan Percaya; Rasa Syukur dan Apresiasi
aku rasa berterima kasih dengan konselor karena mereka sangat mendengarkan aku,Perasaan Percaya; Rasa Syukur dan Apresiasi
aku merasa nyaman berbicara dengan konselor karena mereka ramah dan sabar,Perasaan Percaya; Rasa Syukur dan Apresiasi
aku mau mencoba saran konselor karena mereka sangat jujur dengan aku,Perasaan Percaya; Rasa Syukur dan Apresiasi
aku rasa syukur karena bisa menjadi lebih percaya diri dalam beberapa hari terakhir,Perasaan Percaya; Rasa Syukur dan Apresiasi
aku senang bisa menemukan konselor yang dapat memahami aku banget,Perasaan Percaya; Rasa Syukur dan Apresiasi
aku merasa lebih bahagia karena konselor bisa membantu aku menemukan tujuan hidup aku,Perasaan Percaya; Rasa Syukur dan Apresiasi
aku terbuka untuk mendengarkan kritik konselor karena aku rasa mereka hanya ingin membantu aku,Perasaan Percaya; Rasa Syukur dan Apresiasi
aku merasa lebih yakin karena konselor bisa membantu aku menemukan jawaban,Perasaan Percaya; Rasa Syukur dan Apresiasi
aku senang bisa berbagi pengalaman dengan konselor dan belajar dari mereka,Perasaan Percaya; Rasa Syukur dan Apresiasi
aku rasa syukur karena bisa menjadi lebih bijak dalam menghadapi tantangan,Perasaan Percaya; Rasa Syukur dan Apresiasi
aku mau mencoba strategi konselor karena mereka sangat efektif,Perasaan Percaya; Rasa Syukur dan Apresiasi
aku merasa lebih stabil karena konselor bisa membantu aku mengatasi gejala stres,Perasaan Percaya; Rasa Syukur dan Apresiasi
aku rasa berterima kasih dengan konselor yang telah membantu aku menemukan kekuatan aku sendiri,Perasaan Percaya; Rasa Syukur dan Apresiasi
aku terbuka untuk mendengarkan saran konselor tentang cara meningkatkan kinerja aku,Perasaan Percaya; Rasa Syukur dan Apresiasi
aku senang bisa menemukan konselor yang dapat memahami aku secara menyeluruh,Perasaan Percaya; Rasa Syukur dan Apresiasi
aku merasa lebih percaya diri karena konselor bisa membantu aku menemukan tujuan hidup yang jelas,Perasaan Percaya; Rasa Syukur dan Apresiasi
aku rasa syukur karena bisa menjadi lebih berani mengambil keputusan,Perasaan Percaya; Rasa Syukur dan Apresiasi
aku mau mencoba pendekatan konselor yang unik dan berbeda,Perasaan Percaya; Rasa Syukur dan Apresiasi
aku senang bisa berdiskusi dengan konselor tentang tujuan hidup aku,Perasaan Percaya; Rasa Syukur dan Apresiasi
aku mau mencoba strategi konselor yang berfokus pada kemampuan aku,Perasaan Percaya; Rasa Syukur dan Apresiasi
aku mau mencoba pendekatan konselor yang tidak biasa dan menarik,Perasaan Percaya; Rasa Syukur dan Apresiasi
aku merasa lebih percaya diri karena konselor bisa membantu aku menemukan kekuatan aku sendiri,Perasaan Percaya; Rasa Syukur dan Apresiasi
aku mau mencoba strategi konselor yang efektif dan mudah dipahami,Perasaan Percaya; Rasa Syukur dan Apresiasi
"Aku benar-benar berterima kasih kak, karena aku bisa berbicara tentang masalahku dengan kamu sih, aku sudah antisipasi ini akan terjadi dan aku sudah siap mental, aku percaya pada proses konseling dan saya juga sangat terbuka dengan saran kamu gitu.",Perasaan Percaya; Rasa Syukur dan Apresiasi; Perasaan Sebelum Menghadapi Kejadian
"Kak, aku merasa lebih lega sekarang, karena aku bisa berbagi masalahku dengan kamu dan aku yakin kamu bisa membantu aku menemukan solusinya, aku juga sangat percaya pada diri sendiri dan aku yakin aku bisa menghadapi tantangan ini.",Perasaan Percaya; Rasa Syukur dan Apresiasi; Perasaan Sebelum Menghadapi Kejadian
"Aku sangat berterima kasih atas kesempatan untuk berbicara dengan kamu kak, aku sudah mengantisipasi ini akan terjadi dan aku sudah siap mental, aku juga sangat percaya pada proses konseling dan aku yakin kamu bisa membantu aku.",Perasaan Percaya; Rasa Syukur dan Apresiasi; Perasaan Sebelum Menghadapi Kejadian
"Aku ingin berbagi masalahku dengan kamu dan aku harap kamu bisa membantu aku menemukan solusinya, aku sudah antisipasi ini akan terjadi dan aku sudah siap mental, aku juga sangat percaya pada proses konseling.",Perasaan Percaya; Rasa Syukur dan Apresiasi; Perasaan Sebelum Menghadapi Kejadian
"Aku ingin mengetahui kemungkinan solusinya dengan kamu, aku sudah antisipasi ini akan terjadi dan aku sudah siap mental, aku juga sangat percaya pada proses konseling dan aku yakin kamu bisa membantu aku.",Perasaan Percaya; Rasa Syukur dan Apresiasi; Perasaan Sebelum Menghadapi Kejadian
"Aku ingin tahu bagaimana cara menghadapi tantangan ini, aku sudah antisipasi ini akan terjadi dan aku sudah siap mental, aku juga sangat percaya pada proses konseling dan aku yakin kamu bisa membantu aku.",Perasaan Percaya; Rasa Syukur dan Apresiasi; Perasaan Sebelum Menghadapi Kejadian
"Aku ingin mencoba cara baru untuk mengatasi masalah ini, aku sudah antisipasi ini akan terjadi dan aku sudah siap mental, aku juga sangat percaya pada proses konseling dan aku yakin kamu bisa membantu aku.",Perasaan Percaya; Rasa Syukur dan Apresiasi; Perasaan Sebelum Menghadapi Kejadian
Aku sangat berterima kasih karena Kakak konseling mau membantu aku!,Perasaan Percaya; Rasa Syukur dan Apresiasi
Saya merasa lebih baik sekarang karena Kakak konseling sudah membagikan saran yang bagus banget!,Perasaan Percaya; Rasa Syukur dan Apresiasi
Aku lega karena Kakak konseling mau mendengarkan aku secara terbuka!,Perasaan Percaya; Rasa Syukur dan Apresiasi
Saya rasa percaya dengan Kakak konseling dan mau mencoba saran yang diberikan!,Perasaan Percaya; Rasa Syukur dan Apresiasi
Aku senang bisa berbagi perasaanku dengan Kakak konseling dan merasa dihargai!,Perasaan Percaya; Rasa Syukur dan Apresiasi
Saya merasa lebih percaya diri setelah berbicara dengan Kakak konseling!,Perasaan Percaya; Rasa Syukur dan Apresiasi
Aku berterima kasih karena Kakak konseling mau memahami perasaanku!,Perasaan Percaya; Rasa Syukur dan Apresiasi
Saya merasa lega karena Kakak konseling sudah memberikan saran yang tepat!,Perasaan Percaya; Rasa Syukur dan Apresiasi
Aku rasa percaya dengan Kakak konseling dan mau mengikuti proses konseling!,Perasaan Percaya; Rasa Syukur dan Apresiasi
Saya senang bisa berbicara dengan Kakak konseling dan merasa lebih baik!,Perasaan Percaya; Rasa Syukur dan Apresiasi
Aku berterima kasih karena Kakak konseling sudah mendengarkan aku dengan sabar!,Perasaan Percaya; Rasa Syukur dan Apresiasi
Saya merasa lebih terbuka setelah berbicara dengan Kakak konseling!,Perasaan Percaya; Rasa Syukur dan Apresiasi
Aku rasa percaya dengan Kakak konseling dan mau mencoba hal baru!,Perasaan Percaya; Rasa Syukur dan Apresiasi
Saya merasa lega karena Kakak konseling sudah memberikan dukungan!,Perasaan Percaya; Rasa Syukur dan Apresiasi
Aku senang bisa berbagi pengalaman dengan Kakak konseling!,Perasaan Percaya; Rasa Syukur dan Apresiasi
Saya merasa lebih baik karena Kakak konseling sudah memberikan saran yang bagus!,Perasaan Percaya; Rasa Syukur dan Apresiasi
Saya merasa lega karena Kakak konseling sudah mendengarkan aku secara terbuka!,Perasaan Percaya; Rasa Syukur dan Apresiasi
Aku berterima kasih karena Kakak konseling mau memahami perasaanku dengan baik!,Perasaan Percaya; Rasa Syukur dan Apresiasi
Aku senang bisa berbicara dengan Kakak konseling dan merasa lebih terbuka!,Perasaan Percaya; Rasa Syukur dan Apresiasi
"Aku sangat bersyukur bisa mendapatkan nasihat dari kakak konseling ini, jadi aku bisa lebih siap menghadapi ujian nanti sih.",Perasaan Percaya; Rasa Syukur dan Apresiasi; Perasaan Sebelum Menghadapi Kejadian
"Aku merasa lega dan berterima kasih karena kakak konseling bisa membantu aku mengatasi masalah saya, aku yakin ini akan membawa aku kearah yang lebih baik.",Perasaan Percaya; Rasa Syukur dan Apresiasi; Perasaan Sebelum Menghadapi Kejadian
"Aku sangat terbuka untuk saran dan nasihat kakak konseling, aku siap untuk mencoba cara baru dan lebih baik untuk mengatasi masalahku.",Perasaan Percaya; Rasa Syukur dan Apresiasi; Perasaan Sebelum Menghadapi Kejadian
"Aku merasa lebih percaya diri sekarang karena dapat membicarakan perasaanku dengan kakak konseling, aku merasa telah membuat persiapan mental yang baik sebelum menghadapi tantangan.",Perasaan Percaya; Rasa Syukur dan Apresiasi; Perasaan Sebelum Menghadapi Kejadian
"Aku sangat berterima kasih karna nasihat kakak konseling, aku bisa merasa lebih lega dan siap menghadapi hari depan, aku yakin aku bisa berdiri sendiri.",Perasaan Percaya; Rasa Syukur dan Apresiasi; Perasaan Sebelum Menghadapi Kejadian
"Saya rasa sangat beruntung bisa mendapatkan bimbingan dari kakak konseling ini, sekarang aku lebih siap untuk menghadapi hidup.",Perasaan Percaya; Rasa Syukur dan Apresiasi; Perasaan Sebelum Menghadapi Kejadian
"Aku merasa sangat percaya diri sekarang karena dapat berbicara dengan kakak konseling, aku merasa telah membuat antisipasi yang baik sebelum menghadapi tantangan.",Perasaan Percaya; Rasa Syukur dan Apresiasi; Perasaan Sebelum Menghadapi Kejadian
"Aku sangat bersyukur bisa memiliki kakak konseling seperti ini, mereka sangat membantu aku untuk mengatasi masalahku.",Perasaan Percaya; Rasa Syukur dan Apresiasi; Perasaan Sebelum Menghadapi Kejadian
"Aku merasa lebih terbuka sekarang karena dapat berbicara dengan kakak konseling, aku merasa telah membuat rencana yang baik sebelum menghadapi tantangan.",Perasaan Percaya; Rasa Syukur dan Apresiasi; Perasaan Sebelum Menghadapi Kejadian
"Aku sangat berterima kasih karena nasihat kakak konseling bisa membantu aku mengatasi masalah, aku yakin ini akan membawa aku kearah yang lebih baik.",Perasaan Percaya; Rasa Syukur dan Apresiasi; Perasaan Sebelum Menghadapi Kejadian
"Aku sangat terbuka untuk saran dan nasihat kakak konseling, aku yakin ini akan membawa aku kearah yang lebih baik.",Perasaan Percaya; Rasa Syukur dan Apresiasi; Perasaan Sebelum Menghadapi Kejadian
"Aku sangat bersyukur bisa mendapatkan bimbingan dari kakak konseling ini, sekarang aku lebih siap untuk menghadapi hari depan.",Perasaan Percaya; Rasa Syukur dan Apresiasi; Perasaan Sebelum Menghadapi Kejadian
"Saya sangat berterima kasih karna nasihat kakak konseling, aku bisa merasa lebih lega dan siap menghadapi hari depan.",Perasaan Percaya; Rasa Syukur dan Apresiasi; Perasaan Sebelum Menghadapi Kejadian
