question,answer,,,,,,,,,,,,,,,,,,,
,"Halo DNS, terima kasih sudah datang ke sesi konseling ini. Saya ingin memastikan bahwa ini adalah ruang yang aman untukmu dan saya di sini untuk mendengarkan serta membantumu. Bagaimana perasaanmu hari ini?",,,,,,,,,,,,,,,,,,,
"Jujur, saya merasa cukup cemas sebelum datang ke sesi ini. Saya takut tidak bisa menjelaskan dengan baik tentang apa yang saya rasakan.","Tidak apa-apa, DNS. Kita bisa berbicara dengan santai, dan saya akan membantu sebisa mungkin agar kamu merasa nyaman. Kamu tidak perlu khawatir tentang cara menyampaikan ceritamu, karena saya di sini untuk mendengarkan.",,,,,,,,,,,,,,,,,,,
,"Halo JMP, terima kasih sudah datang ke sesi konseling ini. Saya ingin memastikan bahwa ini adalah ruang yang aman untukmu. Saya di sini untuk mendengarkan dan membantumu. Bagaimana perasaanmu hari ini?",,,,,,,,,,,,,,,,,,,
"Saya merasa agak gugup, Kak. Saya tidak tahu bagaimana harus mulai menceritakan semuanya.",Tidak perlu terburu-buru. Kita bisa berbicara dengan santai. Kamu bisa memulai dari apa yang paling ingin kamu ceritakan dulu.,,,,,,,,,,,,,,,,,,,
,"Halo D, terima kasih sudah datang ke sesi konseling ini. Saya ingin memastikan bahwa ini adalah ruang yang aman untukmu. Saya di sini untuk mendengarkan dan membantumu. Bagaimana perasaanmu hari ini?",,,,,,,,,,,,,,,,,,,
"Saya merasa baik-baik saja, Kak. Awalnya saya agak terkejut ketika dipanggil, tapi saya ingin mencoba berbicara dan mendengar apa yang bisa saya lakukan untuk merasa lebih baik.","Saya menghargai keterbukaanmu. Saya melihat dari hasil SRQ-29 bahwa ada beberapa hal yang mungkin mengganggu keseharianmu, terutama terkait kesehatan fisik dan kecemasan. Apakah kamu ingin menceritakan lebih lanjut?",,,,,,,,,,,,,,,,,,,
,"Halo RIM, terima kasih sudah datang ke sesi konseling ini. Saya ingin memastikan bahwa ini adalah ruang yang aman untukmu. Saya di sini untuk mendengarkan dan membantumu. Bagaimana perasaanmu hari ini?",,,,,,,,,,,,,,,,,,,
"Saya merasa agak cemas, Kak. Tapi saya ingin mencoba berbicara tentang apa yang saya rasakan.","Itu sangat baik. Tidak perlu terburu-buru, kita bisa berbicara dengan santai. Kamu bisa mulai dari apa yang paling ingin kamu ceritakan terlebih dahulu.",,,,,,,,,,,,,,,,,,,
,"Halo AMK, terima kasih sudah datang ke sesi konseling ini. Saya ingin menegaskan bahwa ini adalah ruang yang aman untukmu. Saya di sini untuk mendengarkan dan membantumu sebisa mungkin. Bagaimana perasaanmu hari ini?",,,,,,,,,,,,,,,,,,,
,"Halo AH, terima kasih sudah datang ke sesi konseling ini. Saya ingin menegaskan bahwa ini adalah ruang yang aman untukmu. Saya di sini untuk mendengarkan dan membantumu sebisa mungkin. Bagaimana perasaanmu hari ini?",,,,,,,,,,,,,,,,,,,
,"Halo CCW, terima kasih sudah datang ke sesi konseling ini. Saya ingin memastikan bahwa ini adalah tempat yang aman untuk berbicara. Saya di sini untuk mendengarkan dan membantumu. Bagaimana perasaanmu hari ini?",,,,,,,,,,,,,,,,,,,
"Saya merasa... biasa saja, tapi kadang saya merasa sedih. Saya masih sulit mendapatkan teman, dan saya merasa tidak terlalu berharga.",Saya mengerti bahwa ini bisa menjadi hal yang sulit untukmu. Bisa kamu ceritakan lebih lanjut tentang apa yang membuatmu merasa seperti itu?,,,,,,,,,,,,,,,,,,,
,"Halo DE, terima kasih sudah datang ke sesi konseling ini. Saya ingin memastikan bahwa ini adalah tempat yang aman untuk berbicara. Saya di sini untuk mendengarkan dan membantu. Bagaimana perasaanmu hari ini?",,,,,,,,,,,,,,,,,,,
"Halo Kak. Ya... saya merasa sedikit lebih baik, tapi tetap ada rasa kecewa yang sulit hilang. Saya merasa dikhianati oleh orang yang saya percayai di gereja.",Saya mengerti bahwa ini pasti sangat sulit untukmu. Bisa kamu ceritakan lebih lanjut tentang apa yang terjadi?,,,,,,,,,,,,,,,,,,,
,"Halo GB, selamat datang kembali. Saya senang kamu memutuskan untuk datang untuk sesi lanjutan ini. Bagaimana perasaanmu hari ini?",,,,,,,,,,,,,,,,,,,
"Halo Kak. Sejujurnya, saya masih merasa bingung dengan pertemanan saya di kampus. Saya ingin memiliki hubungan pertemanan yang baik, tetapi saya tidak tahu bagaimana cara menghadapinya, terutama setelah apa yang terjadi dengan teman saya, B.",Saya mengerti bahwa ini adalah situasi yang sulit bagi kamu. Bisa kamu ceritakan lebih lanjut tentang apa yang membuatmu merasa tersudutkan?,,,,,,,,,,,,,,,,,,,
,"Halo NJ, senang bisa bertemu denganmu lagi. Bagaimana perasaanmu hari ini?",,,,,,,,,,,,,,,,,,,
"Halo Kak. Saya merasa cukup baik hari ini. Saya baru saja menyelesaikan ujian, dan rasanya berjalan cukup lancar. Tidak ada gangguan atau sosok mengerikan yang muncul semalam.",Itu kabar yang baik. Kamu bisa menyelesaikan ujian dengan lancar dan tidak terganggu. Bagaimana perasaanmu mengenai itu?,,,,,,,,,,,,,,,,,,,
,"Halo NJ, senang bisa bertemu lagi denganmu. Bagaimana perasaanmu hari ini?",,,,,,,,,,,,,,,,,,,
"Halo Kak. Hari ini rasanya sedikit lebih baik, tetapi saya masih sering merasa lelah dan mudah kesal.","Saya mengerti. Terima kasih sudah mau datang dan berbagi cerita dengan saya. Hari ini kita akan membahas beberapa hal yang bisa membantumu mengelola perasaan dan situasi yang sedang kamu hadapi, ya.",,,,,,,,,,,,,,,,,,,
,"Halo S, bagaimana perasaanmu hari ini?",,,,,,,,,,,,,,,,,,,
"Halo Kak, hari ini aku merasa sedikit lebih baik, tapi tetap masih ada rasa cemas dengan kuliah","Saya senang mendengar kalau kamu merasa lebih baik. Kita akan membahas beberapa hal hari ini, ya. Sebelumnya, bagaimana perkembanganmu sejak pertemuan terakhir?",,,,,,,,,,,,,,,,,,,
,"Halo S, bagaimana perasaanmu hari ini?",,,,,,,,,,,,,,,,,,,
"Halo Kak, sebenarnya hari ini perasaanku lebih baik dibanding pertemuan sebelumnya. Aku mencoba beberapa hal yang kita diskusikan, seperti lebih aktif bergerak dan berlibur sebentar. Itu cukup membantu.",Itu kabar yang baik! Senang mendengar bahwa strategi yang kita bahas sebelumnya bisa membantumu. Apa ada hal lain yang ingin kamu ceritakan hari ini?,,,,,,,,,,,,,,,,,,,
"Baik, Kak… ya walaupun agak capek. Maaf aku telat tadi","Tidak apa-apa, aku menghargai kamu tetap datang. Aku bisa melihat kalau kamu kelelahan. Mau cerita apa yang sedang kamu rasakan sekarang? ",,,,,,,,,,,,,,,,,,,
"Baik, Kak… tapi ya, seperti yang aku bilang di kuesioner, aku masih merasa nggak nyaman dengan beberapa hal","Tidak apa-apa. Kita bisa membicarakannya dengan santai. Aku di sini untuk mendengarkan dan membantu, jadi kamu bisa berbicara dengan nyaman, ya? Dari hasil konseling awal, kamu menyebutkan bahwa kamu merasa sangat sensitif terhadap penilaian orang lain. Bisa ceritakan lebih lanjut tentang itu?",,,,,,,,,,,,,,,,,,,
Baik… atau mungkin tidak baik. Aku nggak tahu pasti.,"Tidak apa-apa kalau kamu merasa bingung dengan perasaanmu. Kamu ada di tempat yang aman sekarang, dan kamu bisa berbicara dengan santai di sini. Aku di sini untuk mendengarkan tanpa menghakimi. Kemarin dalam kuesioner yang kamu isi, kamu mencentang bagian ‘pernah memiliki pemikiran untuk bunuh diri’. Apa kamu bisa ceritakan lebih lanjut tentang itu?",,,,,,,,,,,,,,,,,,,
Baik… atau mungkin tidak terlalu baik. Aku juga nggak yakin.,"Tidak apa-apa, kita di sini untuk membahas apa pun yang ingin kamu ceritakan. Kamu bisa berbicara dengan santai. Aku di sini untuk mendengarkan dan membantu, bukan menghakimi. Kemarin kamu menyebutkan bahwa kamu merasa kesulitan dalam mengikuti pelajaran, sulit fokus, dan sering merasa tertinggal di kelas. Bisa ceritakan lebih lanjut bagaimana itu terjadi?",,,,,,,,,,,,,,,,,,,
Baik… atau mungkin nggak baik juga. Aku nggak tahu.,"Tidak apa-apa. Kita di sini untuk mencari tahu dan mencoba memahami apa yang sedang kamu rasakan. Tidak ada jawaban yang salah, ya. Kamu bisa berbicara dengan santai. Kamu disebutkan mengalami panic attack dan halusinasi pendengaran, terutama saat merasa diperhatikan oleh orang lain. Bisa ceritakan bagaimana biasanya hal itu terjadi?",,,,,,,,,,,,,,,,,,,
"Baik, Kak… tapi jujur agak capek dan masih kepikiran banyak hal","Aku paham. Kamu sudah melakukan langkah besar dengan datang ke sini. Hari ini kita bisa ngobrol santai dulu, ya. Aku ingin mendengar apa yang sedang kamu rasakan dan alami. Kamu bisa mulai dari mana saja yang nyaman buatmu.",,,,,,,,,,,,,,,,,,,
"Baik, Kak… ya walaupun masih kepikiran beberapa hal sih","Tidak apa-apa. Aku di sini untuk mendengarkan. Kamu bisa cerita apa saja, santai saja, ya. Kamu mau mulai dari mana?",,,,,,,,,,,,,,,,,,,
"Baik, Kak… ya walaupun masih kepikiran beberapa hal sih.","Tidak apa-apa. Aku di sini untuk mendengarkan. Kamu boleh cerita apa saja, santai saja, ya. Kamu mau mulai dari mana?",,,,,,,,,,,,,,,,,,,
"Gatau, biasa aja…","Itu tidak apa-apa. Aku di sini untuk mendengarkan, jadi tidak perlu khawatir tentang bagaimana harus menjawab. Kamu boleh cerita apa saja, dengan cara yang nyaman untukmu. Aku dengar kamu merasa sulit bersosialisasi dengan lingkungan sekitar. Boleh ceritakan sedikit bagaimana perasaanmu saat berada di antara banyak orang?",,,,,,,,,,,,,,,,,,,
"Baik… tapi sebenarnya masih sering merasa cemas sih, Kak.","Tidak apa-apa. Kamu berada di tempat yang aman di sini. Kita bisa membahas apapun yang kamu rasakan dengan nyaman. Aku di sini untuk mendengarkan dan membantu, ya.",,,,,,,,,,,,,,,,,,,
"Baik, Kak. Aku memang penasaran sih, apakah yang aku lakukan untuk menghadapi masalahku selama ini sudah benar atau belum.","Itu bagus. Berarti kamu punya kesadaran diri yang baik dan ingin berkembang. Kita bisa diskusikan bersama, ya. Aku ingin tahu lebih banyak tentang apa yang membuatmu ingin berkonsultasi hari ini.",,,,,,,,,,,,,,,,,,,
"Baik, Kak… walaupun masih agak canggung sih karena belum pernah konseling sebelumnya","Itu wajar kok. Konseling ini adalah ruang yang aman untukmu. Kamu bisa berbagi apapun yang kamu rasakan, dan aku di sini untuk mendengarkan dan membantu, bukan menghakimi. Jadi santai saja, ya. Hari ini kita akan coba memahami apa yang membuatmu merasa terganggu saat orientasi kampus kemarin.",,,,,,,,,,,,,,,,,,,
Aku tidak tahu… Aku merasa sangat lelah dan bingung dengan semuanya.,Aku mengerti. Aku ingin memastikan bahwa ini adalah ruang aman untukmu. Kamu bisa berbicara dengan bebas dan aku akan mendengarkan tanpa menghakimi. Apa yang membuatmu merasa lelah dan bingung?,,,,,,,,,,,,,,,,,,,
"Halo Kak. Aku tidak tahu... Sejujurnya, aku merasa lebih buruk dibandingkan sesi sebelumnya.",Aku mengerti. Bisa kamu ceritakan apa yang membuatmu merasa lebih buruk?,,,,,,,,,,,,,,,,,,,
"Saya masih sering merasa tidak percaya diri dan masih mengalami konflik antara pikiran dan perasaan saya. Tapi, saya mencoba untuk lebih menyadari ketika pikiran buruk muncul.",Itu sudah merupakan langkah yang baik. Saya menghargai usaha yang telah kamu lakukan untuk mengenali pikiran dan perasaanmu. Apakah ada situasi tertentu yang membuatmu merasa lebih sulit?,,,,,,,,,,,,,,,,,,,
"Iya, saya masih merasa tertekan saat di rumah. Saya takut melakukan kesalahan karena ayah saya bisa marah dan memukul saya. Saya juga masih merasa canggung saat berbicara dengan teman-teman saya.","Saya bisa memahami perasaan itu. Kamu telah berada di lingkungan yang menekan untuk waktu yang lama, jadi wajar jika butuh waktu untuk pulih dan merasa lebih nyaman. Namun, ada beberapa cara yang bisa kita coba untuk membantumu mengatasi ini. Apakah kamu tertarik untuk mempelajari beberapa teknik yang bisa membantumu mengelola emosi dan pikiran?",,,,,,,,,,,,,,,,,,,
"Terima kasih, Kak. Saya merasa ada banyak hal yang mengganggu pikiran saya. Saya bingung dengan hubungan saya dan juga merasa terbebani dengan kondisi keuangan keluarga saya.","Saya memahami bahwa ini pasti berat untukmu. Mari kita bahas satu per satu, agar saya bisa memahami lebih dalam apa yang sedang kamu alami. Dari dua permasalahan ini, mana yang ingin kamu bahas terlebih dahulu",,,,,,,,,,,,,,,,,,,
"Saya ingin membahas tentang hubungan saya dengan pacar dulu. Saya merasa bingung, karena kami sudah hampir tiga tahun bersama, tapi akhir-akhir ini rasanya berbeda.",Kamu bisa menceritakan lebih lanjut apa yang membuatmu merasa hubungan ini berubah?,,,,,,,,,,,,,,,,,,,
"Saya sering kali merasa tidak nyaman dengan hubungan ini. Setelah masuk kuliah, kami jarang bertemu karena kampus kami berbeda. Awalnya saya merasa kesal, tapi lama-lama saya juga mulai terbiasa sendiri. Saya sering menghindari komunikasi dengan dia, misalnya tidak membalas chat dan menjauh tanpa alasan yang jelas.",Saya mendengar bahwa kamu merasa ada perbedaan dalam hubungan ini setelah masuk kuliah. Bagaimana respon pasanganmu terhadap perubahan ini?,,,,,,,,,,,,,,,,,,,
"Dia sering bertanya kenapa saya menjauh, dan saya selalu meminta maaf. Dia biasanya bisa mengerti, tapi karena ini terjadi berkali-kali, akhirnya kami sering bertengkar. Sampai akhirnya bulan lalu dia bilang ingin break untuk introspeksi diri.","Saya bisa merasakan bahwa ini situasi yang sulit bagimu. Kamu menyebutkan bahwa ada keinginan untuk sendiri, tapi di sisi lain merasa sedih saat memikirkan perpisahan. Bisa kamu ceritakan lebih lanjut tentang perasaan ini?",,,,,,,,,,,,,,,,,,,
"Iya, saya merasa lebih nyaman sendiri karena tidak ada tuntutan untuk selalu merespons seseorang. Tapi di sisi lain, saya merasa kehilangan. Saya juga merasa bersalah karena mungkin sikap saya yang membuat dia ingin break.",Itu perasaan yang wajar. Hubungan yang sudah berlangsung lama tentu memiliki banyak emosi yang terlibat. Apakah ada hal yang menurutmu bisa membantu kamu lebih memahami apa yang benar-benar kamu inginkan?,,,,,,,,,,,,,,,,,,,
"Sejak setahun terakhir, orang tua saya sering membicarakan masalah keuangan di depan saya. Saya jadi merasa terbebani dan berpikir bahwa saya hanya menambah masalah bagi keluarga.",Bagaimana pengaruhnya terhadap kehidupan sehari-harimu?,,,,,,,,,,,,,,,,,,,
Saya sering merasa stres dan kurang fokus di kampus. Bahkan ada saat-saat di mana saya merasa ingin menyerah dan berpikir bahwa lebih baik saya tidak ada di dunia ini.,"Saya sangat menghargai keberanianmu untuk berbicara tentang ini. Saya ingin kamu tahu bahwa perasaan seperti itu bisa sangat berat, tapi kamu tidak sendiri. Saya juga melihat bahwa kamu sudah mulai mengambil langkah untuk mengatasi situasi ini, seperti memulai bisnis online dan mencari kerja paruh waktu.",,,,,,,,,,,,,,,,,,,
"Terima kasih, Kak. Saya ingin membicarakan tentang kecemasan saya ketika harus berbicara di depan umum. Saya selalu merasa takut, tangan saya gemetar, dan sulit berkata-kata.",Kapan pertama kali kamu menyadari bahwa berbicara di depan umum membuatmu cemas?,,,,,,,,,,,,,,,,,,,
"Saya sudah merasa seperti ini sejak lama, mungkin sejak SD. Saya pernah mengalami kejadian yang membuat saya malu saat kelas 3 SD, ketika saya berbicara dalam bahasa Jawa di depan guru dan teman-teman saya. Guru saya mengoreksi saya dan mengatakan bahwa kata yang saya gunakan memiliki arti yang berbeda dalam bahasa Indonesia.",Itu pasti pengalaman yang sulit untukmu. Bagaimana perasaanmu saat itu?,,,,,,,,,,,,,,,,,,,
"Saya merasa malu dan salah. Saya tahu guru saya tidak bermaksud jahat, tapi setelah itu, saya selalu takut berbicara di depan orang lain karena khawatir salah bicara lagi.",Apa yang kamu rasakan saat harus berbicara di depan kelas sekarang?,,,,,,,,,,,,,,,,,,,
"Saya merasa sangat gugup. Bahkan sebelum berbicara, saya sudah berpikir bahwa saya akan salah bicara dan orang-orang akan menertawakan saya. Ketika akhirnya saya berbicara, tangan saya gemetar dan saya tidak bisa berpikir jernih.",Apa yang biasanya kamu lakukan untuk mengatasi rasa takut itu?,,,,,,,,,,,,,,,,,,,
"Tentu, Kak.",Apakah kamu memahami materi yang kamu sampaikan saat presentasi?,,,,,,,,,,,,,,,,,,,
"Ya, saya sebenarnya paham, tapi saya takut salah bicara.","Saat kamu berbicara di depan kelas, bagaimana reaksi teman-teman dan dosenmu?",,,,,,,,,,,,,,,,,,,
Sebenarnya mereka biasa saja. Tidak ada yang mengejek atau mempermalukan saya.,Apakah pernah ada teman atau dosen yang benar-benar marah atau mempermalukanmu saat kamu gugup?,,,,,,,,,,,,,,,,,,,
"Baik, Kak. Saya mengalami banyak hal sejak kecil, dan itu masih berdampak pada saya sampai sekarang.",Kamu bisa menceritakan pengalaman yang menurutmu paling berpengaruh terhadap perasaanmu saat ini?,,,,,,,,,,,,,,,,,,,
"Saya mengalami perundungan sejak SD, SMP, hingga SMA. Saya sering dikucilkan, dihina secara verbal, bahkan mengalami kekerasan fisik. Waktu SD, saya pernah dipukul dengan batako dan mata saya dimasukkan pasir oleh teman-teman saya.",Itu pasti pengalaman yang sangat menyakitkan. Apa yang kamu lakukan saat itu?,,,,,,,,,,,,,,,,,,,
"Saya melapor ke orang tua saya, tapi mereka justru memarahi saya. Ayah saya memukul saya dengan selang dan berkata bahwa saya harus melawan, jangan jadi anak yang lemah.","Kamu sudah mencoba mencari bantuan, tapi ternyata respons dari orang tua tidak seperti yang kamu harapkan. Bagaimana perasaanmu saat itu?",,,,,,,,,,,,,,,,,,,
"Saya merasa kecewa dan putus asa. Saya berpikir bahwa saya harus menghadapi semuanya sendirian. Sejak itu, saya tidak pernah lagi bercerita kepada orang tua saya.","Kamu merasa tidak memiliki tempat untuk berbagi, dan itu sangat wajar mengingat pengalaman yang kamu alami. Apa yang kamu lakukan untuk mengatasi perasaan itu?",,,,,,,,,,,,,,,,,,,
"Saya mulai berbicara dengan diri sendiri dan boneka kesayangan saya. Saya menganggap boneka itu sebagai teman saya. Lalu di SMP, saya mulai melihat sosok yang hanya saya yang bisa lihat dan ajak bicara.","Jadi sejak SMP, kamu mulai merasa ada sosok yang menemanimu?",,,,,,,,,,,,,,,,,,,
"Iya, sosok ini datang saat saya merasa sangat sendirian. Saya juga beberapa kali mencoba mengakhiri hidup, tapi saya masih bertahan sampai sekarang.","Saya sangat menghargai keberanianmu untuk berbagi cerita ini. Kamu sudah melalui banyak hal yang sulit, tapi kamu masih berusaha bertahan dan itu adalah hal yang luar biasa, Kamu menyebutkan bahwa ada sosok yang datang di saat kamu merasa sendiri. Apakah sosok ini masih sering muncul?",,,,,,,,,,,,,,,,,,,
"Tidak sesering dulu, Kak. Tapi kadang-kadang saat saya sendirian atau di tempat ramai, sosok itu tiba-tiba muncul dan berbicara kepada saya.",Apa yang biasanya dikatakan oleh sosok ini?,,,,,,,,,,,,,,,,,,,
Tidak ada yang menakutkan. Kadang dia hanya mengajak saya berbicara atau menanyakan perasaan saya.,Kamu pernah merasa bahwa sosok ini mengganggu atau mengontrol tindakanmu?,,,,,,,,,,,,,,,,,,,
"Iya, saya memang sering mengalami masalah pencernaan sejak SMP. Saya pernah terkena TB usus, dan saya juga sering kambuh maag serta asam lambung. Terakhir kali kambuh saat ospek kemarin, mungkin karena kelelahan dan pola makan yang tidak teratur.",Itu pasti sangat tidak nyaman untukmu. Apakah kamu sudah mendapatkan perawatan medis untuk kondisi ini?,,,,,,,,,,,,,,,,,,,
"Sudah, Kak. Saya tahu saya harus menjaga pola makan dan sudah beberapa kali berkonsultasi dengan dokter.",Apakah masalah kesehatan ini sering mengganggu aktivitasmu di perkuliahan?,,,,,,,,,,,,,,,,,,,
"Sebenarnya tidak terlalu mengganggu, tapi ada saat-saat di mana saya merasa sangat lelah dan sulit berkonsentrasi. Kadang saya khawatir apakah saya bisa bertahan dengan jadwal kuliah yang padat.","Jadi selain kondisi fisik, kamu juga merasa ada tantangan dalam mengelola jadwal perkuliahan?",,,,,,,,,,,,,,,,,,,
Iya. Saya takut kalau nanti saya tidak bisa mengatur waktu dengan baik dan akhirnya ketinggalan tugas. Saya sering merasa cemas membandingkan diri saya dengan teman-teman yang terlihat lebih bisa mengatur semuanya dengan baik.,Kamu juga sempat menyebutkan tentang keadaan di rumah. Bolehkah kamu menceritakan lebih lanjut?,,,,,,,,,,,,,,,,,,,
"Di rumah ada banyak konflik antara ayah dan ibu, terutama tentang peran mereka dalam keluarga. Ayah saya memiliki pola pikir yang sangat patriarkal, sementara ibu saya ingin lebih mandiri. Mereka sering bertengkar tentang hal itu.",Itu pasti sulit untukmu. Bagaimana cara kamu menghadapi situasi ini?,,,,,,,,,,,,,,,,,,,
"Saya biasanya berusaha untuk tidak memperdulikan ayah dan lebih dekat dengan ibu. Saya sering keluar berdua dengan ibu, dan itu membuat saya merasa lebih tenang.",Jadi kamu merasa lebih nyaman bersama ibumu?,,,,,,,,,,,,,,,,,,,
"Iya, saya merasa lebih bisa bercerita dengan ibu. Tapi saya juga merasa ada jarak dengan ayah, dan saya tidak tahu apakah itu baik atau buruk.","Tidak apa-apa jika kamu merasa butuh jarak untuk menjaga kesehatan emosionalmu. Yang penting, kamu tetap memiliki dukungan emosional, baik dari ibu, teman, atau orang lain yang kamu percaya. Dari yang saya dengar, kamu sering membandingkan dirimu dengan orang lain. Apa yang biasanya membuatmu merasa kurang percaya diri?",,,,,,,,,,,,,,,,,,,
"Baik, Kak. Saya sering merasa kehilangan kesadaran atau hampir pingsan ketika mendengar bentakan atau suara keras. Saya juga merasa sering menyalahkan diri sendiri dan sulit mengekspresikan emosi saya.",Kapan pertama kali kamu menyadari bahwa kamu memiliki reaksi seperti ini terhadap suara keras atau bentakan?,,,,,,,,,,,,,,,,,,,
"Sejak kelas 12 SMA. Saat itu saya ikut pelatihan paskibra dan pelatihnya sering berteriak dengan nada tinggi. Saya mulai merasa pusing, jantung berdebar, hingga kehilangan keseimbangan.",Itu pasti pengalaman yang berat. Apakah reaksi ini semakin sering terjadi setelahnya?,,,,,,,,,,,,,,,,,,,
,Apakah ada kejadian sebelumnya dalam hidupmu yang menurutmu bisa berhubungan dengan reaksi ini?,,,,,,,,,,,,,,,,,,,
"Mungkin karena sejak kecil saya sering mendapat tekanan dari orang tua saya. Mereka menuntut saya untuk selalu mengalah dan menjaga adik saya. Ibu saya perfeksionis, dan saya merasa harus selalu memenuhi harapan mereka.",Kamu menyebutkan bahwa ada tekanan dari keluarga. Bisa ceritakan lebih lanjut tentang hubunganmu dengan ibu dan adik?,,,,,,,,,,,,,,,,,,,
"Ibu saya selalu menuntut saya untuk menjadi yang terbaik, baik dalam hal akademik maupun sikap. Saya selalu diminta untuk menjaga adik saya, meskipun saya merasa adik saya sulit diatur. Kami sering bertengkar, tapi ibu selalu berpihak pada adik saya.",Itu pasti membuatmu merasa tidak adil. Apa yang biasanya kamu lakukan dalam situasi seperti itu?,,,,,,,,,,,,,,,,,,,
Saya biasanya hanya diam dan memendam perasaan saya. Saya tidak ingin marah karena takut dianggap anak yang durhaka.,Saya bisa memahami perasaanmu. Kamu merasa terjebak antara harus menuruti harapan keluargamu dan keinginanmu sendiri. Bagaimana perasaanmu saat ini tentang hubunganmu dengan mereka?,,,,,,,,,,,,,,,,,,,
"Saya masih merasa ada jarak, terutama dengan ibu saya. Saya ingin bisa berkomunikasi lebih baik, tapi saya juga takut jika saya menyampaikan perasaan saya, mereka akan marah.",Kamu juga sempat menyebutkan pengalaman bullying. Bisa kamu ceritakan lebih lanjut?,,,,,,,,,,,,,,,,,,,
Saya pernah mengalami bullying saat SMA. Salah satu teman saya mengajak teman-teman lain untuk menjauhi saya karena saya dianggap 'cupu'. Saya tidak melawan atau melaporkan kejadian itu karena saya tidak ingin menambah masalah.,Bagaimana perasaanmu saat itu?,,,,,,,,,,,,,,,,,,,
"Saya merasa sangat sendirian. Saya ingin berbicara dengan orang tua saya, tapi saya tahu mereka akan marah dan menganggap saya lemah.",Jadi kamu merasa bahwa orang tuamu tidak akan mendukungmu?,,,,,,,,,,,,,,,,,,,
"Saya baik-baik saja, Kak. Tapi saya juga merasa cemas, terutama tentang tugas ospek yang harus diposting di media sosial.","Saya memahami bahwa tugas tersebut membuatmu merasa tidak nyaman. Kita bisa membahasnya nanti. Sebelum itu, saya ingin mendengar lebih lanjut tentang apa yang kamu rasakan secara keseluruhan. Apakah ada hal yang paling mengganggu akhir-akhir ini?",,,,,,,,,,,,,,,,,,,
"Suara-suara itu mulai muncul lagi, terutama saat saya merasa diperhatikan. Saya juga masih merasa takut kalau suatu hari ada yang menghubungkan saya dengan foto yang pernah tersebar.",Itu pasti membuatmu sangat tidak nyaman dan cemas. Bisa ceritakan lebih lanjut kapan suara-suara itu muncul lagi terakhir kali?,,,,,,,,,,,,,,,,,,,
"Beberapa hari lalu, ketika ada orang yang melihat saya dari kepala sampai kaki. Saya langsung merasa panik dan mendengar suara yang mengatakan 'kamu tidak layak dicintai'",Sepertinya situasi tertentu bisa memicu kecemasan yang tinggi untukmu. Mari kita coba memahami lebih dalam tentang bagaimana hal itu mempengaruhimu.,,,,,,,,,,,,,,,,,,,
,Saya memahami bahwa pengalaman di masa SMP sangat berdampak pada kehidupanmu hingga saat ini. Apakah kamu nyaman berbicara tentang kejadian yang terjadi saat itu?,,,,,,,,,,,,,,,,,,,
"Saya biasanya mengabaikannya, tapi ada saat di mana saya merasa perlu diperhatikan oleh orang lain, agar saya merasa lebih baik.",Kamu juga sempat menyebutkan tentang tugas ospek yang membuatmu cemas. Bisa ceritakan lebih lanjut tentang apa yang membuatmu takut?,,,,,,,,,,,,,,,,,,,
"Ya, saya merasa tidak aman. Rasanya seperti semua orang akan menilai saya berdasarkan masa lalu saya.",Saya bisa memahami kekhawatiranmu. Apa yang akan terjadi menurutmu jika kamu tetap mengunggahnya?,,,,,,,,,,,,,,,,,,,
Itu mungkin bisa membantu. Saya akan mencobanya.,Saya juga ingin membahas sesuatu yang terjadi baru-baru ini. Saya mendengar bahwa kamu sempat mendorong dan memukul temanmu. Bisa ceritakan apa yang terjadi saat itu?,,,,,,,,,,,,,,,,,,,
Teman saya mengatakan sesuatu yang menyebalkan tentang kejadian lama itu. Saya langsung marah dan mendorongnya.,Bagaimana perasaanmu setelah kejadian itu?,,,,,,,,,,,,,,,,,,,
"Saya merasa cukup cemas, Kak. Saya bingung dengan apa yang harus saya lakukan mengenai beasiswa saya yang sudah pasti akan dicabut.","Saya bisa memahami bahwa ini adalah situasi yang sulit. Kamu sudah berusaha meningkatkan IPK-mu, dan saya menghargai usaha itu. Namun, mari kita cari tahu langkah apa yang bisa diambil sekarang. Bisa kamu ceritakan lebih lanjut apa yang paling mengganggumu saat ini?",,,,,,,,,,,,,,,,,,,
"Saya sebenarnya bukan hanya bingung tentang beasiswa ini, Kak, tapi juga merasa bersalah. Saya belum memberi tahu ibu saya soal beasiswa yang akan dihentikan, dan saya takut mengecewakan beliau.",Saya memahami bahwa ini adalah hal yang sulit untuk disampaikan. Apa yang membuatmu merasa sulit untuk memberitahukan hal ini kepada ibumu?,,,,,,,,,,,,,,,,,,,
"Ibu saya sangat bangga saya bisa kuliah di Maranatha, apalagi karena saya satu-satunya anak di keluarga yang bisa kuliah. Beliau sering membanggakan saya ke tetangga. Saya takut kalau saya memberitahu ibu, beliau akan kecewa atau sedih.","Itu bisa dimengerti. Kamu ingin menjaga perasaan ibumu dan tidak ingin membuatnya kecewa. Tapi menurutmu, apa yang akan terjadi jika kamu terus menyembunyikan hal ini?",,,,,,,,,,,,,,,,,,,
"Ya… kalau saya terus menyembunyikannya, akhirnya ibu tetap akan tahu. Saya hanya tidak tahu bagaimana cara mengatakannya dengan baik.",Kita bisa mencoba mencari cara yang lebih nyaman untuk menyampaikan hal ini. Bagaimana jika kamu membicarakannya terlebih dahulu dengan kakak keduamu? Dia mungkin bisa membantumu dalam menyampaikan hal ini kepada ibumu.,,,,,,,,,,,,,,,,,,,
"Itu bisa jadi ide yang bagus, Kak. Kakak kedua saya yang membiayai kehidupan saya dan ibu, jadi mungkin saya bisa bicara dengannya dulu untuk mencari cara terbaik sebelum berbicara dengan ibu.","Kamu menyebutkan bahwa kamu mengalami kesulitan dalam mata kuliah hitungan, terutama di kelistrikan. Bisa ceritakan lebih lanjut tantangan apa yang paling sulit bagimu?",,,,,,,,,,,,,,,,,,,
"Saya tidak tahu apakah itu mungkin, tapi saya ingin mencobanya. Saya ingin merasa bahwa saya sudah melakukan segalanya sebelum benar-benar berhenti kuliah.","Jika ternyata kamu tidak bisa melanjutkan kuliah sekarang, apakah ada rencana lain yang kamu pertimbangkan?",,,,,,,,,,,,,,,,,,,
Saya berpikir untuk mencari pekerjaan dulu. Mungkin saya bisa bekerja dan menabung untuk kembali kuliah di kemudian hari.,Itu adalah rencana yang masuk akal. Apakah ada pekerjaan tertentu yang kamu minati?,,,,,,,,,,,,,,,,,,,
"Sejak kecil saya merasa sulit berteman. Saya merasa teman-teman saya tidak pernah mengajak saya bermain. Bahkan saat kuliah, saya pernah memiliki teman saat orientasi mahasiswa baru, tapi mereka sepertinya tidak benar-benar menganggap saya bagian dari kelompok mereka. Mereka sering bermain bersama tanpa mengajak saya.",Itu pasti membuatmu merasa terasing. Sejak kapan kamu mulai merasa kesulitan dalam mendapatkan teman?,,,,,,,,,,,,,,,,,,,
"Sejak SD. Saya tidak punya teman. Lalu di SMP, saya menyukai seorang laki-laki, tapi dia malah mengatakan saya jelek dan gemuk. Di SMA, saya dijauhi oleh teman-teman tanpa alasan yang jelas. Saya pernah mencoba mendapatkan beasiswa ke Taiwan, tapi saat saya gagal, mereka justru tertawa dan mengatakan ingin 'meledakkan Taiwan'.",Sepertinya ada banyak pengalaman menyakitkan yang kamu alami dalam hubungan sosial. Apa yang paling membekas dari semua itu?,,,,,,,,,,,,,,,,,,,
"Mungkin yang di SMA... saya merasa benar-benar tidak diinginkan. Saya merasa tidak dihargai, dan itu membuat saya bertanya-tanya, 'Untuk apa saya hidup?'",Itu pasti sangat sulit untuk dihadapi. Saya ingin kamu tahu bahwa perasaanmu valid dan wajar. Tidak ada yang salah dengan merasa sedih karena perlakuan buruk orang lain.,,,,,,,,,,,,,,,,,,,
"Terima kasih, Kak","Karena kamu menyebutkan bahwa kamu merasa sulit memiliki teman, apakah kamu ingin kita bersama-sama mencari strategi untuk membangun hubungan sosial yang lebih baik?",,,,,,,,,,,,,,,,,,,
Mungkin... saya bisa mencoba.,Itu langkah yang bagus! Saya juga ingin menyarankan agar kamu mencari komunitas yang sesuai dengan minatmu. Apakah ada klub atau organisasi yang menarik perhatianmu?,,,,,,,,,,,,,,,,,,,
"Jadi, saya punya seorang kakak laki-laki di gereja yang sudah saya anggap sebagai kakak sendiri. Kami sering bersama karena kami ada di kepanitiaan retreat yang sama. Saya selalu berusaha membantu dia, bahkan saat saya lelah atau waktu sudah malam. Tapi semua berubah sejak dia mengira saya ingin merebut pacarnya.",Apakah kamu bisa menceritakan bagaimana awal mula kesalahpahaman ini terjadi?,,,,,,,,,,,,,,,,,,,
"Saya hanya berbicara dengan pacarnya tentang perasaan saya yang merasa dimanfaatkan. Saya bilang kalau saya merasa seperti 'alat' yang membantu seseorang, tapi dia malah mengira saya mencoba mendekati pacarnya. Sejak itu, dia mulai menjauhi saya, mendiamkan saya di pertemuan, bahkan tidak menganggap saya ada di sana. Itu sangat menyakitkan karena saya tidak merasa melakukan kesalahan.","Itu pasti sulit bagi kamu, terutama karena kamu sudah menganggapnya sebagai kakak sendiri. Bagaimana perasaanmu ketika dia mulai menjauhimu?",,,,,,,,,,,,,,,,,,,
"Saya awalnya bingung. Saya tidak tahu harus bagaimana. Tapi puncaknya adalah saat dia menelepon saya dan memarahi saya habis-habisan, menuduh saya selingkuh dengan pacarnya. Kata-katanya kasar, dan dia sama sekali tidak mau mendengar penjelasan saya.","Ketika itu terjadi, bagaimana reaksi kamu?",,,,,,,,,,,,,,,,,,,
"Saya hanya diam. Saya takut kalau saya membela diri, dia akan semakin marah. Tapi setelah itu, saya merasa sangat kecewa dan sakit hati. Saya mulai menarik diri, bahkan saya tidak ingin berada di lantai yang sama dengannya saat ibadah.",Apakah kamu merasa ada perubahan dalam cara kamu berinteraksi dengan orang lain setelah kejadian ini?,,,,,,,,,,,,,,,,,,,
Iya. Saya mulai sulit percaya pada orang lain. Saya tidak bisa bercerita kepada teman-teman di gereja karena saya takut mereka akan membicarakan saya di belakang. Saya juga jadi lebih mudah marah kalau ada orang yang bertanya-tanya soal keadaan saya.,Saya mendengar bahwa kamu merasa sulit untuk mempercayai orang lain setelah kejadian ini. Apakah kamu juga merasakan hal yang sama di lingkungan perkuliahan?,,,,,,,,,,,,,,,,,,,
"Ya. Saya merasa sulit untuk dekat dengan teman-teman di kampus. Saya takut jika saya terlalu terbuka, saya akan dikhianati lagi. Saya tidak ingin terlalu dekat dengan siapa pun sekarang.","Perasaan ini sangat wajar mengingat pengalaman yang kamu alami. Ketika kita merasa dikhianati, tubuh dan pikiran kita akan otomatis mencoba melindungi diri agar tidak terluka lagi. Tapi saya ingin kamu tahu bahwa tidak semua orang akan menyakitimu seperti itu.",,,,,,,,,,,,,,,,,,,
"Tapi sulit untuk percaya lagi, Kak. Rasanya seperti lebih baik menjauh dari semua orang daripada harus dikhianati lagi.","Saya mengerti. Ketika kita merasa disakiti oleh seseorang yang kita percayai, rasanya memang sulit untuk membuka diri kembali. Namun, menutup diri sepenuhnya juga bisa membuat kita kehilangan kesempatan untuk memiliki hubungan yang sehat dengan orang-orang yang peduli pada kita. Apa yang menurutmu bisa membantu kamu untuk perlahan kembali percaya kepada orang lain?",,,,,,,,,,,,,,,,,,,
"Saya baru tahu bahwa teman saya, B, menyebarkan isi chat saya di grup HIMA. Di chat itu, saya pernah bilang kalau saya tidak ingin berteman dengan orang lain selain yang sudah dekat dengan saya. Saya tidak mengerti kenapa B melakukan itu. Saya merasa sedih, tapi saya tidak tahu bagaimana mengungkapkan perasaan saya.","Jadi, setelah mengetahui bahwa chat kamu disebarkan oleh B, bagaimana reaksi kamu?",,,,,,,,,,,,,,,,,,,
"Saya tidak mengatakan apa-apa. Saya hanya diam dan berpura-pura tidak tahu. Saya pikir, lebih baik saya tidak membahasnya daripada memperkeruh keadaan.","Saya paham. Kamu ingin menghindari konflik. Tapi di dalam hati, apa yang sebenarnya kamu rasakan?",,,,,,,,,,,,,,,,,,,
"Sejujurnya, saya merasa sedih dan sedikit marah. Tapi saya selalu berpikir bahwa menunjukkan emosi negatif itu tidak baik. Saya tidak ingin terlihat lemah di hadapan B.",Kamu merasa bahwa menunjukkan emosi negatif sama dengan kelemahan?,,,,,,,,,,,,,,,,,,,
"Iya, saya merasa kalau saya menunjukkan bahwa saya marah atau sedih, maka saya akan terlihat kalah di mata B.",Saya ingin kamu tahu bahwa merasakan dan mengekspresikan emosi negatif bukanlah tanda kelemahan. Itu adalah bagian dari pengalaman manusia yang normal. Menahan emosi terus-menerus justru bisa membuatmu semakin stres dan tidak nyaman.,,,,,,,,,,,,,,,,,,,
"Saya cukup senang karena nilai saya meningkat. IPK saya sekarang 3.06, dan beasiswa Teknik Nusantara saya masih berlanjut.",Itu pencapaian yang luar biasa! Kamu sudah bekerja keras untuk meningkatkan akademik kamu. Apakah ada kendala lain dalam hal akademik?,,,,,,,,,,,,,,,,,,,
"Sebenarnya ada. Saya kesulitan mengkomunikasikan keinginan saya kepada dosen wali saya. Saya ingin mengkontrak 22 SKS, tapi karena dosen wali saya bilang 'tidak perlu ambil banyak-banyak,' saya langsung diam dan hanya mengikuti saran beliau.",Kamu merasa sulit untuk menyampaikan pendapatmu kepada orang lain?,,,,,,,,,,,,,,,,,,,
"Saya merasa sedikit lega, tapi tetap ada perasaan aneh. Saya merasa baik-baik saja sekarang, tapi tidak tahu apakah ini hanya sementara atau akan kembali lagi nanti.","Saya paham. Kadang ada hari-hari yang lebih baik, dan itu hal yang wajar. Mari kita coba pahami lebih lanjut perasaan ini, ya. Sebelumnya kamu bercerita bahwa kamu sering merasa mudah tersinggung dan marah. Bagaimana dengan perasaan itu akhir-akhir ini?",,,,,,,,,,,,,,,,,,,
Saya masih sering marah kalau ada orang yang menegur saya atau mengabaikan saya. Rasanya ingin membalas atau bahkan melukai mereka. Tapi saya sadar kalau itu berlebihan dan saya tidak ingin kelepasan.,Kemarahan yang kamu rasakan ini sering muncul dalam situasi tertentu saja atau bisa terjadi kapan saja?,,,,,,,,,,,,,,,,,,,
"Tergantung. Biasanya kalau saya merasa tidak dihargai atau diabaikan, saya langsung kesal. Tapi akhir-akhir ini saya juga merasa lebih cepat marah kalau ada orang yang terlalu banyak bertanya atau ingin terlalu dekat dengan saya.",Kamu menyebutkan bahwa kamu tidak nyaman jika seseorang terlalu ingin dekat denganmu. Bisa ceritakan lebih lanjut?,,,,,,,,,,,,,,,,,,,
"Ada seorang teman saya, G. Dia sebenarnya baik, tapi akhir-akhir ini dia sering bertanya banyak hal dan ingin selalu bersama saya. Saya tidak suka dan merasa dia terlalu menempel.",Jadi kamu merasa tidak nyaman jika ada seseorang yang terlalu dekat secara emosional?,,,,,,,,,,,,,,,,,,,
"Iya, saya tidak suka rasanya. Tapi saya juga tidak ingin menyakiti perasaannya, jadi saya bingung harus bagaimana.",Sebelumnya kamu juga menyebutkan bahwa kamu sering merasa diikuti oleh sosok hitam besar. Apakah masih mengalami itu?,,,,,,,,,,,,,,,,,,,
"Iya, tapi tidak sesering sebelumnya. Kadang saya masih merasa dia mengawasi saya, terutama kalau saya akan ujian atau merasa stres. Saya juga kadang masih mencium bau melati atau darah, dan itu sangat mengganggu.",Apakah ada pola tertentu kapan sosok itu muncul?,,,,,,,,,,,,,,,,,,,
"Tidak selalu. Kadang dia muncul tanpa alasan, dan itu yang membuat saya takut.",Saya bisa memahami ketakutanmu. Pernahkah kamu mencoba mencatat kapan sosok itu muncul dan bagaimana perasaanmu saat itu?,,,,,,,,,,,,,,,,,,,
Tidak! Saya tidak mau ke psikiater,Saya mengerti ini bisa jadi topik yang sulit. Apa yang membuatmu tidak ingin ke psikiater?,,,,,,,,,,,,,,,,,,,
"Tetap saja, saya tidak ingin orang tua saya tahu.","Kalau kamu merasa lebih nyaman, apakah kamu ingin mencoba pergi ke psikiater sendiri tanpa memberitahu orang tua?",,,,,,,,,,,,,,,,,,,
"Baik, Kak.",Sebelumnya kamu sempat bercerita tentang perasaan diawasi dan munculnya sosok tertentu. Apakah belakangan ini kamu masih sering mengalami hal tersebut?,,,,,,,,,,,,,,,,,,,
"Iya, masih. Kadang muncul sebelum tidur atau saat saya merasa stres. Saya juga kadang masih mencium bau melati atau darah, tapi saya sudah mulai bisa mengabaikannya.","Saya senang mendengar bahwa kamu mulai mencoba untuk mengabaikan hal tersebut. Sebagai bagian dari upaya memahami dan mengatasi ini, saya ingin meminta kamu untuk mulai mencatat setiap kali halusinasi tersebut muncul. Catat waktunya, situasinya, bagaimana perasaanmu saat itu, dan apakah ada pemicu tertentu.",,,,,,,,,,,,,,,,,,,
"Baiklah, saya akan coba menuliskannya","Sebelumnya, kamu sempat bercerita tentang hubunganmu dengan keluargamu, terutama dengan ibumu. Bagaimana kondisi di rumah saat ini?",,,,,,,,,,,,,,,,,,,
"Tidak banyak berubah, saya masih sering merasa tidak nyaman di rumah. Tapi saya lebih baik saat bersama ibu. Saya merasa lebih aman bersamanya dibandingkan dengan yang lain.","Jika diberi kesempatan, apakah kamu ingin tinggal hanya dengan ibumu?",,,,,,,,,,,,,,,,,,,
"Aku mencoba lebih membuka diri, mulai dari menyapa teman-teman lebih dulu. Rasanya agak canggung, tapi aku mencoba pelan-pelan.",Itu langkah yang baik! Membuka diri memang butuh waktu dan latihan. Kamu merasa ada perubahan setelah mencoba ini?,,,,,,,,,,,,,,,,,,,
"Sejujurnya, belum ada perubahan besar. Aku masih belum punya teman yang benar-benar dekat di kampus, tapi setidaknya aku tidak lagi merasa terlalu sendirian.","Sebelumnya, kita membahas tentang kesulitan akademik dan IPK-mu yang menurun. Bagaimana menurutmu sejauh ini?",,,,,,,,,,,,,,,,,,,
"Masih sulit, Kak. Aku tetap merasa bahwa materi kedokteran tidak mudah untukku. Tapi aku mencoba untuk lebih rajin membaca dan mengerjakan tugas tepat waktu","Itu usaha yang baik, S. Apakah ada cara belajar tertentu yang menurutmu lebih efektif?",,,,,,,,,,,,,,,,,,,
"Baik, aku akan coba.","Kita juga sempat membahas tentang pertemanan. Kamu menyebut bahwa kamu merasa lebih nyaman berteman dengan A, temanmu di luar kampus. Bagaimana hubunganmu dengan dia sekarang?",,,,,,,,,,,,,,,,,,,
Aku masih sering berkomunikasi dengannya. Kami bertemu setiap liburan semester. Dia satu-satunya teman yang benar-benar mengerti aku.,Saya senang kamu memiliki seseorang yang bisa kamu percaya. Bagaimana perasaanmu ketika berbicara dengannya?,,,,,,,,,,,,,,,,,,,
"Sebenarnya, ada masalah baru, Kak. Ibuku baru saja tahu bahwa aku pernah berpacaran. Aku benar-benar takut dan cemas setelah beliau mengetahuinya.","Saya mengerti, S. Bisa kamu ceritakan lebih detail bagaimana ibumu mengetahuinya dan bagaimana reaksinya?",,,,,,,,,,,,,,,,,,,
"Beberapa waktu lalu, aku sempat pacaran diam-diam, karena ibuku memang melarangku pacaran sejak SMA. Saat beliau tahu, handphone dan tabletnya langsung disita. Bahkan semua chat dan percakapanku dengan mantan dibaca habis oleh ibuku. Aku merasa benar-benar tidak punya ruang pribadi.",Itu pasti pengalaman yang sulit untukmu. Bagaimana perasaanmu saat ibumu melakukan hal tersebut?,,,,,,,,,,,,,,,,,,,
"Aku marah, Kak. Tapi aku juga takut. Aku tahu ibuku ingin aku fokus kuliah, tapi aku juga merasa seperti tidak bisa jadi diri sendiri. Aku merasa terlalu dikekang.",Kedengarannya kamu merasa tidak memiliki kebebasan dalam menentukan hal-hal yang kamu inginkan. Apakah kamu sudah mencoba berbicara dengan ibumu mengenai perasaanmu?,,,,,,,,,,,,,,,,,,,
"Tidak, Kak. Aku takut kalau aku mencoba bicara, malah tambah dimarahi atau dilarang lebih banyak hal lagi",Saya paham kalau ini situasi yang sulit untukmu. Bagaimana kalau kita coba cari cara agar kamu bisa menghindari konflik besar dengan ibumu?,,,,,,,,,,,,,,,,,,,
Aku juga ingin bisa menghindari konflik. Tapi aku merasa seperti selalu salah di mata ibuku.,Apa biasanya yang menjadi pemicu konflik antara kamu dan ibumu?,,,,,,,,,,,,,,,,,,,
"Itu masuk akal. Aku tidak mau terus-menerus merasa putus asa, jadi aku akan coba. Kak, ibuku menelepon. Aku harus angkat dulu…","Tidak apa-apa, silakan dijawab.",,,,,,,,,,,,,,,,,,,
"Iya, Bu... Aku pulang sekarang..",Kamu baik-baik saja?,,,,,,,,,,,,,,,,,,,
"Aku pusing banget, Kak. Aku merasa kayak nggak punya waktu buat diri sendiri. Aku kuliah, magang, terus masih harus ngurus organisasi juga. Aku nggak tahu lagi harus gimana… Aku kepikiran buat keluar dari organisasi, tapi aku nggak yakin keputusan itu benar.","Kamu merasa bahwa tanggung jawab di organisasi menjadi beban yang sangat berat, ya? Bisa ceritakan lebih lanjut bagaimana awalnya kamu terpilih sebagai ketua?",,,,,,,,,,,,,,,,,,,
Iya… Awalnya aku nggak niat jadi ketua. Nama aku cuma dicantumin biar ada pilihan lebih dari satu. Tapi tiba-tiba aku malah yang kepilih,Bagaimana perasaanmu saat itu?,,,,,,,,,,,,,,,,,,,
"Awalnya biasa aja. Aku pikir bisa dijalanin. Tapi makin lama aku sadar kalau aku nggak punya cukup pengalaman, terus aku denger juga ada yang ngomongin aku di belakang. Katanya aku ketua yang nggak kerja.",Kamu merasa dinilai kurang baik sebagai ketua?,,,,,,,,,,,,,,,,,,,
"Iya… padahal aku udah berusaha sebisa mungkin. Tapi tetap aja kayaknya aku kurang. Aku juga merasa alumni lebih mendukung kandidat lain waktu pemilihan dulu, jadi kayaknya mereka nggak suka aku dari awal","Apa ada bukti langsung kalau mereka tidak menyukaimu, atau ini lebih ke perasaanmu saja?",,,,,,,,,,,,,,,,,,,
"Awalnya aku pikir cuma perasaan, tapi lama-lama ada yang bilang kalau mereka memang lebih suka kandidat yang lain",Kedengarannya ini menambah tekanan buatmu,,,,,,,,,,,,,,,,,,,
"Iya, Kak… Aku jadi kepikiran terus, padahal aku juga udah capek sama kuliah dan kerja magang",Kamu menyebutkan bahwa kamu juga bekerja magang untuk membantu keuanganmu. Seberapa besar pengaruhnya terhadap keseharianmu?,,,,,,,,,,,,,,,,,,,
"Magang itu sebenarnya lumayan membantu aku untuk biaya jajan, jadi aku nggak mau berhenti. Tapi jadinya aku harus pintar bagi waktu. Masalahnya, aku nggak bisa. Aku sering begadang, kurang tidur, bahkan pernah nggak tidur tiga hari.",Tiga hari tanpa tidur? Itu pasti sangat melelahkan. Apa yang terjadi saat itu?,,,,,,,,,,,,,,,,,,,
"Ya, tugas banyak banget. Ada tugas kuliah, terus harus nyiapin laporan buat magang, dan ada rapat organisasi. Aku ngerasa nggak bisa ninggalin salah satu, jadi akhirnya ya udah, begadang terus.",Kamu sedang memikul banyak tanggung jawab sekaligus. Apakah pernah terpikir untuk mengurangi salah satu beban itu?,,,,,,,,,,,,,,,,,,,
"Sering… Aku kepikiran keluar dari organisasi, tapi aku takut. Takut dibilang gagal, takut kalau aku malah bikin repot orang lain kalau pergi sekarang, takut juga kalau aku benar-benar berhenti, malah makin nggak ada yang mendukung aku.",Tadi kamu juga sempat menyebutkan ada masalah di keluargamu. Kamu ingin membicarakannya?,,,,,,,,,,,,,,,,,,,
Ayah aku… dia masuk penjara bulan ini karena kasus di kantornya. Itu juga bikin aku makin kepikiran.,Aku turut prihatin mendengar itu. Kamu merasa ini juga menambah beban yang kamu rasakan?,,,,,,,,,,,,,,,,,,,
"Iya, aku jadi ngerasa harus lebih mandiri, nggak bisa terus bergantung sama keluarga. Aku harus cari cara buat bertahan sendiri.",Itu beban yang besar. Aku bisa melihat bahwa kamu sangat kuat dan bertanggung jawab. Tapi apakah kamu punya seseorang yang bisa kamu ajak bicara tentang semua ini?,,,,,,,,,,,,,,,,,,,
"Ada sih beberapa teman, tapi aku nggak mau kelihatan lemah.","Tidak apa-apa untuk terlihat rentan di depan orang yang kamu percaya. Justru dengan berbagi, kamu bisa merasa lebih ringan.",,,,,,,,,,,,,,,,,,,
"Aku selalu kepikiran tentang apa yang orang lain pikirkan tentang aku. Kalau ada yang lihat aku sebentar aja, aku langsung mikir… ‘apa mereka mikir aku aneh? Apa mereka nggak suka aku?’ Pokoknya overthinking terus.",Aku bisa mengerti bahwa ini cukup mengganggu untukmu. Kapan biasanya kamu merasa paling sensitif terhadap penilaian orang lain?,,,,,,,,,,,,,,,,,,,
"Mungkin saat aku sedang bersama teman-teman atau di tempat umum. Aku sering merasa kalau mereka sedang menilai aku, terutama soal penampilan aku","Jadi kamu merasa bahwa pandangan orang terhadapmu sangat memengaruhi perasaanmu, terutama terkait penampilan dan cara mereka memperlakukanmu?",,,,,,,,,,,,,,,,,,,
"Iya… aku tahu mungkin nggak semua orang benar-benar memperhatikan aku, tapi aku tetap nggak bisa menghilangkan pikiran itu.","Kita akan coba latihan untuk membantumu mengelola perasaan ini, supaya kamu tidak terlalu terbebani dengan apa yang mungkin dipikirkan orang lain. Kita akan bicara lebih lanjut nanti, ya.",,,,,,,,,,,,,,,,,,,
"Iya, soalnya temanku sering cerita tentang masalah orang lain ke aku. Jadi aku kepikiran, gimana kalau dia juga cerita tentang aku ke orang lain?",Itu wajar. Kamu merasa khawatir karena kamu pernah melihat temanmu membagikan cerita pribadi orang lain. Apa kamu pernah membicarakan hal ini ke dia?,,,,,,,,,,,,,,,,,,,
"Belum… aku takut kalau aku ngomong, dia malah tersinggung dan jadi nggak mau temenan sama aku lagi.",Jadi kamu merasa ada risiko kehilangan pertemanan jika kamu mencoba mengungkapkan perasaanmu?,,,,,,,,,,,,,,,,,,,
Iya… aku takut dibilang lebay atau nggak percaya sama dia.,"Kita bisa mencoba cara untuk mengomunikasikan ini dengan lebih halus, supaya kamu tetap bisa menjaga pertemanan tapi juga merasa lebih nyaman dan aman dengan apa yang kamu ceritakan.",,,,,,,,,,,,,,,,,,,
"Iya… aku ngerasa gemuk, jadi aku pengen kurusan. Tapi kata orang-orang, aku sebenarnya nggak gemuk.",Kamu merasa kalau kamu harus lebih ramping supaya merasa lebih baik?,,,,,,,,,,,,,,,,,,,
"Ya… aku pengen ngerasa lebih percaya diri. Aku udah mulai diet, dan itu lumayan membantu aku ngerasa lebih baik.","Aku senang kalau dietmu dilakukan dengan cara yang sehat. Tapi aku ingin memastikan bahwa kamu juga tetap menjaga kesehatan tubuhmu, bukan hanya menyesuaikan dengan standar tertentu. Aku bisa bantu kamu untuk menemukan cara yang lebih sehat dan realistis dalam melihat dirimu sendiri.",,,,,,,,,,,,,,,,,,,
"Iya, Kak. Aku juga nggak mau terlalu ekstrim sih… cuma kadang masih kepikiran aja.","Kita akan coba latihan untuk membantu kamu lebih menghargai tubuhmu dan merasa lebih nyaman dengan diri sendiri, ya?",,,,,,,,,,,,,,,,,,,
Ya… aku sering nunda-nunda. Ujung-ujungnya aku harus begadang buat ngerjain tugas mendekati deadline.,Jadi kamu merasa kesulitan mengatur waktu dan sering menunda pekerjaan?,,,,,,,,,,,,,,,,,,,
"Aku sudah mencoba beberapa kali… sejak SMP. Aku nggak tahu kenapa, tapi rasanya aku nggak berguna dan lebih baik nggak ada saja.",Aku bisa merasakan bahwa ini bukan perasaan yang mudah untuk dibicarakan. Apa ada pemicu tertentu yang membuat kamu berpikir seperti itu?,,,,,,,,,,,,,,,,,,,
"Sepertinya karena aku merasa tidak dihargai. Dari dulu aku selalu merasa nggak cukup baik. Aku selalu dibandingkan, selalu dimarahi, dan aku merasa nggak pernah dianggap….","Aku mendengar bahwa kamu merasa tidak dihargai dan itu membuatmu berpikir bahwa kamu tidak berarti. Tapi aku ingin kamu tahu, berada di sini hari ini adalah bukti bahwa kamu masih punya harapan, walaupun kecil.",,,,,,,,,,,,,,,,,,,
Tapi suara-suara itu… mereka nggak berhenti. Aku dengar suara bapak-bapak atau kadang ibu-ibu yang menyuruh aku untuk mati.,Suara-suara ini biasanya muncul kapan?,,,,,,,,,,,,,,,,,,,
"Iya, aku mau coba","Aku juga membaca bahwa kamu pernah mengalami pengalaman traumatis sejak kecil. Aku ingin kamu tahu bahwa aku percaya pada ceritamu, dan aku di sini untuk mendengarkan. Tidak perlu terburu-buru, kamu bisa menceritakan apa yang ingin kamu ceritakan dengan nyaman.",,,,,,,,,,,,,,,,,,,
"Aku masih ingat semuanya… kejadian waktu aku TK, SD, bahkan SMP. Aku takut. Aku merasa kotor. Aku merasa seharusnya aku bilang ke orang lain, tapi aku takut dimarahi","Kamu tidak bersalah. Apa yang terjadi padamu adalah sesuatu yang tidak adil dan menyakitkan. Kamu masih kecil saat itu, dan tidak ada yang berhak menyalahkanmu.",,,,,,,,,,,,,,,,,,,
"Tapi aku masih merasa takut… aku masih ingat gang itu, aku masih ingat wajahnya. Aku merasa kalau aku lewat tempat itu, aku seperti kembali ke masa itu.",Itu karena ingatan traumatis bisa sangat kuat. Kita bisa mencoba latihan eksposur secara bertahap untuk mengurangi ketakutanmu terhadap tempat itu. Kita akan membahas cara agar kamu bisa merasa lebih aman dan mengurangi ketakutan saat mengingatnya.,,,,,,,,,,,,,,,,,,,
,"Kamu juga sempat cerita bahwa hubungan dengan orang tua, terutama ibumu, sering membuatmu merasa tidak dihargai. Bisa ceritakan lebih lanjut?",,,,,,,,,,,,,,,,,,,
"Aku merasa apapun yang aku lakukan nggak pernah cukup. Aku juara kelas, tapi dibandingin sama anak orang lain. Aku mau masuk arsitektur, tapi dilarang. Aku ngerasa nggak punya kendali atas hidupku sendiri.",Kamu merasa bahwa orang tua terlalu menekanmu dan tidak memberimu ruang untuk membuat keputusan sendiri?,,,,,,,,,,,,,,,,,,,
"Iya… Aku nggak bisa bilang apa-apa ke mereka, karena mereka pasti bilang aku ‘kurang bersyukur’ atau aku ‘melawan’ kalau aku ngomong.","Perasaanmu sangat valid. Kamu ingin didengar dan dihargai. Kamu berhak merasa seperti itu. Kita bisa mencoba mencari cara untuk membantumu berkomunikasi dengan orang tua dengan lebih efektif, jika kamu ingin.",,,,,,,,,,,,,,,,,,,
"Iya, aku merasa seperti nggak bisa mengikuti pelajaran dengan baik. Aku sering nggak ngerti penjelasan dosen, terus akhirnya aku jadi malas untuk mendengarkan lebih lanjut. Kadang, aku merasa dosen suka menilai aku sebagai yang paling ‘nggak bisa’ di kelas, padahal ada yang lain juga sama seperti aku…",Apa kamu merasa itu memengaruhi kepercayaan dirimu di kelas?,,,,,,,,,,,,,,,,,,,
"Banget. Aku jadi ngerasa nggak pede buat jawab atau berpartisipasi, karena takut salah atau semakin dianggap bodoh",Apa ada pelajaran tertentu yang menurutmu lebih sulit atau kurang menarik?,,,,,,,,,,,,,,,,,,,
,Kemarin kamu juga menyebutkan bahwa kamu merasa sulit berelasi dengan teman-teman sekelas. Bisa ceritakan bagaimana perasaanmu tentang itu?,,,,,,,,,,,,,,,,,,,
"Aku sebenarnya punya teman, tapi lebih dekat dengan yang beda jurusan. Aku nggak tahu kenapa, rasanya lebih nyaman ngobrol sama mereka daripada sama teman-teman di kelas sendiri.",Kamu merasa kurang nyaman dengan teman-teman sekelas karena sesuatu yang spesifik?,,,,,,,,,,,,,,,,,,,
,"Kamu juga menyebutkan bahwa saat merasa stres atau overthinking, sering muncul keinginan untuk menyakiti diri sendiri. Apa kamu bisa ceritakan lebih lanjut tentang itu?",,,,,,,,,,,,,,,,,,,
"Iya… biasanya kalau aku merasa tertekan atau capek banget, aku mulai kepikiran buat nyakitin diri sendiri. Tapi aku nggak pernah benar-benar melakukannya, karena aku tahu itu salah","Itu hal yang bagus, kamu masih memiliki kontrol terhadap dirimu sendiri. Tapi aku ingin membantumu menemukan cara yang lebih sehat untuk mengelola stres. Apa kamu pernah mencoba teknik lain saat merasa seperti itu?",,,,,,,,,,,,,,,,,,,
"Iya… jadi misalnya aku lagi di tempat umum, tiba-tiba ada orang yang lihat aku, entah itu sengaja atau nggak… aku langsung kepikiran, 'Apa mereka tahu tentang aku? Apa mereka ngeh sama foto itu?'. Terus aku mulai dengar suara di kepala aku bilang kalau aku nggak pantas hidup, kalau semua orang pasti bakal ngejek aku…","Ketika suara itu muncul, apa yang biasanya kamu lakukan?",,,,,,,,,,,,,,,,,,,
"Kadang aku coba buat nggak dengerin, tapi rasanya susah. Aku jadi panik, jantungku berdetak cepat, tanganku dingin, dan aku cuma mau cepat-cepat pergi. Kadang aku juga cuma bisa diam, nggak bisa bergerak, tapi di dalam kepalaku rasanya berantakan banget","Kamu sudah mengalami ini sejak lama, ya? Dari SMP?",,,,,,,,,,,,,,,,,,,
,Kamu juga merasa takut untuk mengunggah video perkenalan di media sosial. Bisa ceritakan lebih lanjut tentang hal itu?,,,,,,,,,,,,,,,,,,,
"Iya… aku takut kalau videonya viral terus ada yang ngeh sama aku. Aku takut ada yang ngomongin aku lagi, bilang kalau aku mirip sama foto itu… aku nggak mau orang-orang tahu masa laluku",Apa kamu sudah membuat videonya?,,,,,,,,,,,,,,,,,,,
Sudah… tapi aku belum berani upload. Aku takut.,"Itu wajar, mengingat pengalaman masa lalu yang kamu alami. Ketakutanmu adalah bentuk perlindungan terhadap dirimu sendiri, tapi apakah kamu merasa tugas ini benar-benar berbahaya untukmu?",,,,,,,,,,,,,,,,,,,
,"Kamu menyebutkan bahwa kamu merasa trauma dengan pria sejak kejadian di SMP, tapi di SMA kamu justru lebih nyaman berteman dengan pria. Menurutmu, kenapa bisa begitu?",,,,,,,,,,,,,,,,,,,
"Aku juga nggak tahu. Mungkin karena cowok lebih nggak ribet? Mereka nggak banyak basa-basi. Tapi… aku juga kadang merasa aneh sendiri karena dulu aku trauma, tapi sekarang malah lebih nyaman dengan mereka.","Bisa jadi karena kamu merasa lebih bisa mengontrol situasi saat berteman dengan mereka. Mungkin kamu merasa di lingkungan pertemanan itu, kamu tidak perlu khawatir akan dihakimi atau dikaitkan dengan masa lalu.",,,,,,,,,,,,,,,,,,,
"Aku tuh akhir-akhir ini merasa lelah banget, Kak. Aku ikut banyak kegiatan di UKM, dan itu membuat aku susah fokus di kuliah. Aku juga mulai mengalami panic attack, dan kayak… aku nggak bisa ngontrol semuanya.",Apa yang membuatmu mengambil banyak kegiatan di UKM?,,,,,,,,,,,,,,,,,,,
"Aku ikut UKM karena syarat beasiswa, Kak. Tapi sebenarnya aku juga suka kegiatan-kegiatan itu. Masalahnya, aku terlalu banyak mengambil tanggung jawab. Aku jadi wakil ketua di satu kepanitiaan, terus juga ketua di paduan suara UKM… semuanya jadi numpuk, dan aku nggak bisa fokus di kuliah.","Sepertinya kamu punya semangat yang tinggi dalam berorganisasi, tapi saat ini kamu merasa terbebani. Bagaimana kondisi akademikmu saat ini?",,,,,,,,,,,,,,,,,,,
"Jujur aja, nilainya turun. Aku nggak bisa fokus pas kuis karena tiba-tiba dikasih tugas mendadak dari UKM. Jadi otakku tuh kayak kebagi-bagi terus.","Aku bisa mengerti itu. Bagaimana perasaanmu ketika tugas dari UKM datang tiba-tiba, padahal kamu sedang belajar?",,,,,,,,,,,,,,,,,,,
"Rasanya panik, Kak. Aku jadi nggak bisa konsentrasi, dan malah makin stres. Aku kayak nggak bisa nolak juga, karena ada ekspektasi dari senior kalau aku harus bisa handle semuanya.",Aku dengar kamu juga mengalami panic attack. Bisa ceritakan apa yang terjadi?,,,,,,,,,,,,,,,,,,,
"Pertama kali pas aku dengar ibu bertengkar sama abangku di kos. Aku langsung ke-trigger karena dulu waktu kecil, rumah sering berantakan gara-gara pertengkaran di keluarga. Aku jadi ngerasa kayak kembali ke masa lalu… tiba-tiba napas aku jadi berat, terus aku nggak bisa mikir jernih, semuanya ngeblank. Aku pingsan.","Itu pasti pengalaman yang berat untukmu. Panic attack bisa terjadi karena tubuh dan pikiranmu merasa terancam, meskipun mungkin saat ini kamu sudah berada di lingkungan yang lebih aman",,,,,,,,,,,,,,,,,,,
Aku mau cerita soal mantanku dulu… Aku ngerasa kayak… aku nggak bisa lepas dari dia.,Apa yang membuatmu merasa seperti itu?,,,,,,,,,,,,,,,,,,,
"Dulu, aku sama dia tuh cocok banget, Kak. Aku pikir dia orang yang bisa jadi pasangan serius buat aku. Tapi ya… setelah aku tahu dia selingkuh, aku jadi bingung. Aku marah, aku kecewa, tapi aku masih sayang. Aku nggak tahu harus gimana…",Apa yang kamu rasakan saat tahu dia selingkuh?,,,,,,,,,,,,,,,,,,,
"Aku kayak nggak percaya, Kak. Aku pikir, aku cukup buat dia. Aku pikir kita serius. Tapi nyatanya dia bisa dekat sama cewek lain dengan gampang.",Kamu masih sering berkomunikasi dengannya?,,,,,,,,,,,,,,,,,,,
"Iya… Aku masih sering kepo media sosialnya, kadang aku juga ketemu dia. Kami masih teman, sih… Tapi ya… aku nggak tahu ini sehat atau nggak buat aku.","Dari yang kamu ceritakan, sepertinya masih ada keterikatan emosional antara kamu dan dia. Apakah menurutmu komunikasi ini lebih banyak membawa dampak positif atau justru membuatmu semakin sulit untuk move on?",,,,,,,,,,,,,,,,,,,
Aku mau cerita soal pacarku dulu… Aku ngerasa kayak… aku itu nggak diprioritaskan sama dia.,Apa yang membuatmu merasa seperti itu?,,,,,,,,,,,,,,,,,,,
"Dulu, awal-awal pacaran aku ngerasa diperhatikan banget. Tapi sekarang, dia jarang ngehubungin aku duluan. Kalau aku nggak chat, ya udah, dia juga nggak bakal ngehubungin. Terus kalau aku minta dijemput, dia mau sih, tapi kayak… ada syaratnya gitu. Kalau aku beliin dia bensin atau makanan, baru dia jemput. Kalau aku bilang aku nggak punya uang, dia tiba-tiba punya alasan buat nggak bisa ketemu.",Bagaimana perasaanmu tentang hal itu?,,,,,,,,,,,,,,,,,,,
"Aku kesel, sih. Aku ngerasa kayak aku nggak sepenting itu buat dia. Tapi aku juga bingung… Aku sayang sama dia, Kak, tapi aku juga capek.",Kamu merasa capek karena merasa usahamu dalam hubungan ini lebih besar dibandingkan usahanya?,,,,,,,,,,,,,,,,,,,
"Iya, kayak aku yang lebih effort dibanding dia. Aku pikir pacaran tuh harusnya bikin bahagia, tapi kenapa aku malah ngerasa kayak gini?","Kamu punya hak untuk merasa dihargai dalam suatu hubungan. Dari yang kamu ceritakan, kamu seperti memberikan banyak hal, tapi tidak mendapatkan hal yang sama dalam hubungan ini. Menurutmu, apakah hubungan ini memberikan kebahagiaan yang kamu harapkan?",,,,,,,,,,,,,,,,,,,
,Aku juga mendengar bahwa kamu merasa ada perlakuan yang berbeda dari orang tuamu terhadapmu dan adikmu. Bisa ceritakan lebih lanjut?,,,,,,,,,,,,,,,,,,,
"Iya… Aku ngerasa mama lebih perhatian ke adikku dibanding ke aku. Waktu aku sakit beberapa bulan lalu, dokter nyaranin aku buat dirawat, tapi mama lebih pilih buat adikku aja yang dirawat di rumah sakit. Aku cuma disuruh istirahat di rumah.",Apa yang kamu rasakan saat itu?,,,,,,,,,,,,,,,,,,,
"Sedih banget, Kak. Kayak… aku tuh nggak sepenting itu buat mereka. Aku juga sakit, aku juga butuh dirawat, tapi mereka lebih pilih adikku.",Apa yang terjadi setelah itu? Kamu sempat membicarakan perasaanmu dengan mereka?,,,,,,,,,,,,,,,,,,,
Pernah… Aku bilang ke mama kalau aku juga butuh perhatian. Tapi dia bilang aku jangan banyak permintaan.,"Kata-kata itu terasa menyakitkan untukmu, ya?",,,,,,,,,,,,,,,,,,,
"Iya, Kak… Makanya aku sering diem aja, aku lebih milih nggak cerita lagi ke mama soal perasaanku.",Aku paham… Menyimpan perasaan itu sendiri pasti terasa berat. Apa kamu pernah mencoba menyalurkan perasaanmu dengan cara lain?,,,,,,,,,,,,,,,,,,,
Aku nggak suka ada di tempat ramai. Rasanya nggak nyaman. Aku lebih suka sendiri…,Kapan kamu mulai merasa seperti ini?,,,,,,,,,,,,,,,,,,,
"Dari kecil, kayaknya dari SD… Aku nggak suka main keluar, lebih nyaman di rumah aja.",Apa kamu merasa lebih nyaman berinteraksi secara online dibandingkan secara langsung?,,,,,,,,,,,,,,,,,,,
Iya… Di media sosial lebih gampang. Aku bisa ngobrol sama teman-temanku tanpa harus bertemu langsung.,Apa yang membuatmu lebih nyaman dengan teman-teman di media sosial?,,,,,,,,,,,,,,,,,,,
Mereka nggak melihat aku secara langsung… Jadi aku nggak perlu khawatir kelihatan aneh atau gimana.,Kamu juga sempat mengatakan bahwa kamu merasa tidak pantas dan sering mengalami perubahan suasana hati. Bisa ceritakan lebih lanjut?,,,,,,,,,,,,,,,,,,,
"Aku ngerasa kayak nggak ada yang benar-benar suka sama aku. Mereka pikir aku aneh karena aku pendiam, jadi aku lebih milih diem aja.",Kamu merasa orang lain berpikir seperti itu karena kamu pendiam?,,,,,,,,,,,,,,,,,,,
"Iya, mereka pasti mikir aku sombong. Tapi sebenernya aku cuma nggak tahu harus ngomong apa.",Apa kamu pernah mencoba menyapa teman sekelas lebih dulu?,,,,,,,,,,,,,,,,,,,
"Iya… Aku memang ingin berbicara soal rasa takut yang sering muncul. Aku tidak tahu kenapa, tapi akhir-akhir ini aku gampang kaget dan cemas setiap saat, bahkan ketika sedang belajar di kamar.","Baik, coba kita bahas lebih dalam. Kapan biasanya perasaan takut itu muncul?",,,,,,,,,,,,,,,,,,,
"Misalnya saat aku sedang belajar di kamar, tiba-tiba mendengar suara pintu dapur terbuka, aku langsung kaget dan merasa khawatir. Aku jadi selalu waspada seolah ada sesuatu yang buruk akan terjadi.",Apa yang ada di pikiranmu ketika itu terjadi?,,,,,,,,,,,,,,,,,,,
"Kayak… aku takut ketahuan sesuatu. Padahal aku nggak melakukan hal yang salah. Tapi ada rasa seperti dihantui sesuatu, kayak perasaan bersalah yang tidak hilang.","Baik, dari apa yang kamu ceritakan, sepertinya ada kecemasan yang mendalam yang membuat kamu selalu merasa takut, bahkan di situasi biasa. Apakah kamu bisa mengingat kapan pertama kali perasaan ini muncul?",,,,,,,,,,,,,,,,,,,
"Mungkin sejak kejadian waktu SMA. Waktu itu, keluargaku melakukan ritual komunikasi dengan eyang yang katanya merasuki tubuh tanteku. Tiba-tiba, eyang bilang kalau kakakku sudah melakukan hal yang tidak senonoh dengan pacarnya. Aku benar-benar kaget… dan tambah takut karena ibu mendukung pernyataan itu.","Itu pengalaman yang cukup berat, ya. Apa yang kamu rasakan saat itu?",,,,,,,,,,,,,,,,,,,
"kut… Aku takut kalau tiba-tiba aku juga ‘ketahuan’. Aku tahu aku tidak melakukan hal sejauh kakakku, tapi pacarku dulu memang agak agresif mendekatiku. Aku berusaha menjaga batas, tapi tetap saja, aku takut tiba-tiba disebut melakukan sesuatu yang tidak benar. Aku nggak mau dipermalukan seperti kakakku.",Jadi ada ketakutan besar bahwa keluargamu akan mengetahui sesuatu dan kamu bisa dipermalukan di depan mereka?,,,,,,,,,,,,,,,,,,,
"Iya, aku takut banget… Setiap hari rasanya seperti ada yang mengawasi dan menilai aku, padahal aku nggak ngapa-ngapain.",Kamu juga sempat cerita bahwa hubungan dengan ibumu tidak terlalu baik. Bisa dijelaskan lebih lanjut?,,,,,,,,,,,,,,,,,,,
"Aku merasa ibu tidak pernah memahami aku. Misalnya, waktu aku minta dijemput karena capek kuliah, ibu tetap nyuruh aku pulang naik ojek sendiri. Aku tahu ini mungkin sepele, tapi rasanya kayak aku harus selalu mandiri dan nggak boleh mengeluh. Selain itu, pernah juga saat ada diskusi keluarga tentang liburan, aku ingin ke Taman Safari karena belum pernah lihat binatang secara langsung. Tapi ibu bersikeras memilih Dufan dengan alasan ‘aku dulu pernah bilang ingin ke Dufan’. Aku mencoba menjelaskan, tapi malah ibu diam dan mendiamkan aku selama empat hari.",Bagaimana perasaanmu saat ibumu melakukan itu?,,,,,,,,,,,,,,,,,,,
"Kesel, sedih, merasa nggak dihargai… Aku sering merasa seperti disalahkan hanya karena aku anak tengah. Aku merasa suara dan keinginanku tidak dianggap penting.","Jadi selain ketakutan akan moral dan nilai leluhur, kamu juga merasa tidak dimengerti dalam keluarga?",,,,,,,,,,,,,,,,,,,
"Aku merasa sulit berteman, sulit dihargai, dan juga merasa kesulitan dalam belajar sejak awal kuliah. Aku sudah coba beberapa cara untuk mengatasinya, tapi masih ada yang terasa kurang. Aku ingin tahu apakah yang aku lakukan sudah cukup atau masih perlu diperbaiki.",Kamu menyebutkan bahwa kamu mengalami kesulitan belajar di awal perkuliahan. Bisa diceritakan lebih lanjut?,,,,,,,,,,,,,,,,,,,
"Iya, awalnya aku merasa kaget dengan sistem belajar di kuliah. Dulu waktu sekolah, ujian hanya ada UTS dan UAS. Tapi di kuliah, setiap selesai satu blok materi, langsung ada ujian. Aku jadi kewalahan di awal semester karena harus cepat beradaptasi.",Bagaimana akhirnya kamu mengatasinya?,,,,,,,,,,,,,,,,,,,
"Aku mulai bikin to-do list dan mengatur waktu belajar. Setelah masuk semester kedua, aku sudah mulai terbiasa dan bisa mengikuti materi lebih baik.","Itu langkah yang bagus! Dengan cara itu, kamu bisa lebih terstruktur. Apakah menurutmu metode ini cukup efektif?",,,,,,,,,,,,,,,,,,,
"Sejauh ini cukup membantu, tapi aku masih ingin tahu apakah ada cara lain yang bisa lebih efektif.","Bagus, kita bisa eksplorasi lebih jauh. Tapi sebelum itu, aku ingin tahu lebih lanjut tentang masalah lain yang kamu sebutkan tadi, seperti kesulitan berteman. Kamu bilang bahwa kamu merasa sulit berteman. Apa yang membuatmu merasa demikian?",,,,,,,,,,,,,,,,,,,
"Aku merasa sulit menemukan teman yang satu frekuensi denganku. Aku lebih suka berteman dengan orang yang ada manfaatnya buatku. Kalau mereka pintar di bidang yang aku kurang, aku bisa belajar dari mereka. Tapi kalau menurutku mereka hanya menjadi beban, aku tidak terlalu tertarik untuk berteman dengan mereka.","Menurutmu, bagaimana teman-temanmu melihat sikapmu itu?",,,,,,,,,,,,,,,,,,,
"Kayaknya aku dianggap kurang asik, kurang bisa diajak ngobrol hal-hal santai seperti soal perasaan atau kehidupan pribadi. Aku juga sulit berempati kalau mereka cerita soal pacar atau masalah pribadi.",Kapan pertama kali kamu menyadari bahwa kamu lebih nyaman berteman dengan cara seperti ini?,,,,,,,,,,,,,,,,,,,
"Sejak SMP. Dulu teman-temanku bilang aku nggak asik karena nggak bisa diajak ngobrol soal pacaran atau hal-hal emosional. Dari situ, aku mulai menjauhi mereka dan hanya berteman dengan yang menurutku ‘berguna’ buatku.",Apakah kamu merasa nyaman dengan pola pertemanan seperti ini?,,,,,,,,,,,,,,,,,,,
,Kamu juga menyebutkan kesulitan menghargai diri sendiri dan merasa tidak ada yang menyukaimu. Bisa ceritakan lebih lanjut?,,,,,,,,,,,,,,,,,,,
"Sejak kecil, aku merasa tidak ada yang spesial dalam diriku. Orang tuaku sering bilang aku tidak cantik. Rambutku mengembang dan keriting, ibuku tidak suka, jadi sejak kecil aku selalu disuruh rebonding. Sampai sekarang, aku merasa tidak nyaman dengan rambutku sendiri.","Jadi komentar orang tua, terutama ibu, sangat memengaruhi cara kamu melihat dirimu sendiri?",,,,,,,,,,,,,,,,,,,
Iya… Aku merasa tidak berharga karena dari kecil aku dianggap ‘kurang’ oleh keluargaku sendiri.,Kamu pernah mencoba untuk mengekspresikan perasaan ini kepada ibumu?,,,,,,,,,,,,,,,,,,,
"Ya, aku memang agak terganggu. Saat orientasi kemarin, ada beberapa momen di mana aku merasa ditegur dengan nada yang keras, dan itu bikin aku langsung tegang. Aku jadi emosional, merasa nggak nyaman, dan seperti tertekan",Apa yang kamu rasakan saat ditegur?,,,,,,,,,,,,,,,,,,,
"Seperti ada sesuatu yang langsung menghantam dadaku… Aku merasa seperti kembali ke masa-masa dulu, ketika ayah sering menegurku dengan keras. Dulu, kalau aku melakukan sesuatu yang tidak sesuai dengan harapan orang tua, terutama ayah, aku bisa ditegur habis-habisan. Aku tahu maksudnya baik, tapi tetap saja aku merasa sulit.","Jadi, ada pola tertentu di mana teguran dengan nada keras memicu perasaan tidak nyaman dalam dirimu, karena mengingatkan pada pengalaman di rumah?",,,,,,,,,,,,,,,,,,,
"Iya… Dulu aku merasa gagal terus di mata ayah. Ada masa di mana aku melakukan banyak hal yang dia tidak setujui, dan itu membuat hubungan kami memburuk. Aku tahu sebagai anak pertama aku harus jadi contoh, harus bisa memenuhi ekspektasi keluarga. Apalagi ayah praktisi hukum, jadi dia ingin aku serius di bidang ini.",Apakah memilih jurusan hukum ini lebih karena harapan ayah atau memang kamu juga menginginkannya?,,,,,,,,,,,,,,,,,,,
"Awalnya… aku rasa karena ayah. Aku ingin membuktikan bahwa aku bisa berhasil dan bisa membuatnya bangga. Tapi lama-lama, aku mulai merasa tertarik juga. Aku suka beberapa mata kuliahnya dan mulai merasa nyaman. Aku sering diskusi dengan ayah soal hukum sekarang, dan itu membuat hubungan kami membaik. Aku ingin sukses di bidang ini, bukan hanya untuk ayah, tapi juga untuk diriku sendiri.","Kamu memiliki motivasi besar untuk membuktikan diri, dan itu hal yang positif. Namun, apakah kamu merasa bahwa ekspektasi ini terkadang menjadi beban yang terlalu berat?",,,,,,,,,,,,,,,,,,,
"Iya… Kadang aku takut kalau aku gagal, ayah bakal kecewa lagi. Aku nggak mau mengecewakan dia lagi seperti dulu","u bisa mengerti perasaan itu. Tapi coba kita pikirkan bersama—apakah ayah benar-benar akan kecewa, atau itu lebih kepada ketakutan dalam dirimu?",,,,,,,,,,,,,,,,,,,
Mungkin lebih ke perasaan dalam diriku sendiri… Aku hanya ingin memastikan kalau aku bisa melakukan yang terbaik.,"Aku bisa melihat betapa pentingnya ini buatmu. Namun, bagaimana kalau kita coba melihat ekspektasimu dengan lebih konkret dan realistis? Misalnya, bukan hanya untuk memenuhi ekspektasi ayah, tapi juga mengenali apa yang sebenarnya Angelin inginkan dalam perjalanan akademikmu?",,,,,,,,,,,,,,,,,,,
"Segalanya terasa berat. Aku tidak bisa menyelesaikan tugas-tugasku dengan baik, aku selalu menunda pekerjaan, dan semakin lama semakin banyak yang tertumpuk. Aku juga sadar kalau teman-temanku sudah mulai kesal karena aku kurang bisa berkontribusi dalam tugas kelompok.",Kedengarannya kamu merasa terbebani dengan akademik dan hubungan sosialmu. Apa yang biasanya terjadi saat kamu mencoba menyelesaikan tugas?,,,,,,,,,,,,,,,,,,,
"Aku mulai mengerjakan tugas, lalu entah bagaimana aku malah terdistraksi. Kadang aku malah bermain handphone, membaca novel, atau tiba-tiba aku merasa mengantuk dan memilih tidur. Saat sadar sudah larut malam, aku panik dan buru-buru mengerjakan, tapi tetap tidak selesai.","Jadi, ada pola tertentu di mana kamu merasa sulit fokus dan menyelesaikan pekerjaan. Bagaimana perasaanmu saat tugas-tugas itu menumpuk?",,,,,,,,,,,,,,,,,,,
"Aku merasa sangat bersalah… Aku tahu ini salahku, tapi aku tidak bisa mengendalikan diri. Aku hanya ingin berhenti merasa seperti ini.",Kamu tadi menyebutkan bahwa teman-temanmu mulai merasa terganggu. Apa yang mereka katakan kepadamu?,,,,,,,,,,,,,,,,,,,
"Mereka mulai mengeluh kalau aku kurang berkontribusi. Beberapa dari mereka mencoba mengingatkanku soal tugas, tapi aku tetap tidak bisa mengerjakan dengan baik. Aku minta maaf, tapi aku tetap mengulangi kesalahan yang sama.",Aku bisa melihat bahwa kamu peduli dengan perasaan teman-temanmu. Apa yang terjadi setelah mereka mengeluh?,,,,,,,,,,,,,,,,,,,
"Aku merasa semakin buruk. Aku juga sering berbohong untuk menghindari masalah… Aku sudah melakukannya sejak SD. Aku bilang ke guru kalau aku sudah mengumpulkan tugas tapi gurunya yang lupa, atau aku meyakinkan ibu bahwa tugas sudah selesai padahal tidak.",Apa yang membuatmu merasa perlu berbohong?,,,,,,,,,,,,,,,,,,,
"Aku takut dimarahi. Aku benci kalau orang marah padaku… Aku pernah ketahuan berbohong dan akibatnya malah lebih parah, tapi tetap saja aku terus melakukannya. Aku seperti refleks berbohong setiap kali merasa terancam.",Sepertinya kamu mengalami banyak tekanan dari keluargamu. Bisa kamu ceritakan bagaimana hubunganmu dengan orang tua?,,,,,,,,,,,,,,,,,,,
"Ibu sering marah… Kalau dia tahu aku tidak mengumpulkan tugas, dia akan berteriak, menjambak, atau memukulku dengan sapu. Aku sangat takut setiap kali dia marah.",Aku mendengarmu. Aku ingin kamu tahu bahwa kamu tidak sendiri dan perasaan takutmu itu valid. Pernahkah kamu mencoba berbicara dengan ibumu tentang perasaanmu?,,,,,,,,,,,,,,,,,,,
"Tidak… Aku tidak berani. Aku pernah menangis saat dimarahi dan tiba-tiba aku mulai melantur… Aku bahkan tidak sadar apa yang aku katakan, tapi aku merasa sangat sakit dan kesepian saat itu.",Dan bagaimana reaksi ibumu setelah itu?,,,,,,,,,,,,,,,,,,,
"Ia kaget… Dia menangis dan meminta maaf, bahkan akhirnya setuju untuk membiarkan aku mencari bantuan psikolog. Tapi aku tetap takut kalau semuanya akan kembali seperti dulu.","Aku mengerti. Sepertinya kamu mengalami banyak tekanan dan ini berdampak pada bagaimana kamu berfungsi sehari-hari. Kamu sudah berusaha bertahan dalam situasi sulit ini, dan aku ingin mengapresiasi keberanianmu untuk mencari bantuan.",,,,,,,,,,,,,,,,,,,
"Aku merasa semakin sulit bergaul dengan teman-temanku. Aku sudah mencoba untuk lebih terbuka, tetapi aku tetap merasa mereka tidak menghargai usaha yang aku lakukan. Aku juga merasa tertekan karena nilai IPK-ku tidak mencapai 4.00. Semua orang hanya mengenalku sebagai ‘anak pintar’, dan aku takut kalau mereka akan berubah pandangan jika aku tidak mempertahankan itu.",Aku mendengar bahwa kamu merasa kesulitan untuk menemukan teman yang sesuai dengan ekspektasimu. Apa yang paling membuatmu kecewa dari interaksi dengan teman-temanmu?,,,,,,,,,,,,,,,,,,,
"Aku merasa mereka tidak memiliki common sense. Setiap kali aku pergi keluar dengan mereka, aku yang harus mengurus semuanya. Aku harus menyetir, memesan makanan, bahkan membayar untuk mereka. Aku tidak mengerti kenapa mereka tidak bisa lebih mandiri dan bertanggung jawab.",Itu pasti sangat melelahkan untukmu. Pernahkah kamu mencoba berbicara langsung dengan mereka tentang perasaanmu?,,,,,,,,,,,,,,,,,,,
Tidak. Aku tidak ingin terlihat lemah atau terlalu banyak menuntut. Aku pikir mereka seharusnya bisa mengerti sendiri tanpa aku harus mengatakan apa-apa.,"Jadi, kamu berharap mereka bisa memahami ekspektasimu tanpa kamu harus menjelaskannya?",,,,,,,,,,,,,,,,,,,
"Ya, karena itu sudah sewajarnya. Tapi ternyata, tidak ada yang paham.","Menurutmu, apakah ada kemungkinan bahwa mereka memiliki cara berpikir yang berbeda darimu?",,,,,,,,,,,,,,,,,,,
"Mungkin, tapi aku tetap merasa standar yang aku tetapkan itu benar. Aku tidak ingin menurunkan standar hanya demi bisa berteman dengan mereka.","Kamu juga menyebutkan bahwa kamu merasa tertekan karena IPK-mu tidak mencapai 4.00. Padahal, 3.95 itu sudah angka yang sangat bagus. Kenapa menurutmu ini masih belum cukup?",,,,,,,,,,,,,,,,,,,
"Aku takut orang-orang akan menganggap aku tidak sepintar yang mereka pikirkan. Semua orang hanya mengenalku sebagai ‘anak pintar’. Jika aku gagal mempertahankan itu, aku merasa mereka akan mulai meremehkan aku.",Aku paham bahwa kamu merasa identitasmu sangat terikat dengan prestasi akademik. Apa yang akan terjadi menurutmu jika mereka tidak lagi melihatmu sebagai ‘anak pintar’?,,,,,,,,,,,,,,,,,,,
"Aku tidak tahu... Aku takut kehilangan validasi dari mereka. Jika aku tidak pintar, lalu apa yang tersisa dari aku?","Jadi, saat ini kamu merasa bahwa nilaimu menentukan siapa dirimu, dan tanpa itu, kamu merasa kehilangan identitas?",,,,,,,,,,,,,,,,,,,
"Iya, saya ingin belajar. Tapi saya merasa sulit untuk mengontrol perasaan saya.",Itu tidak masalah. Kita akan melakukannya perlahan. ,,,,,,,,,,,,,,,,,,,
"Saya belum tahu, Kak. Kadang saya ingin tetap bersama, tapi kadang saya berpikir mungkin lebih baik sendiri.",Kamu bisa mencoba membuat daftar positif dan negatif jika tetap melanjutkan hubungan ini atau tidak. Ini bisa membantumu lebih objektif dalam mengambil keputusan.,,,,,,,,,,,,,,,,,,,
"Saya coba, tapi masih agak sulit fokus.","Tidak masalah, ini butuh latihan. Kamu bisa mencobanya setiap kali merasa cemas atau tegang.",,,,,,,,,,,,,,,,,,,
"Saya mencoba menenangkan diri dengan mengatakan ‘It’s okay, ini cuma sebentar, pasti bisa kok’. Tapi tetap saja saya masih merasa cemas.",Saya ingin mencoba sesuatu denganmu. Kita akan melihat situasi ini dari perspektif yang berbeda. Bolehkah saya bertanya beberapa hal?,,,,,,,,,,,,,,,,,,,
"Tidak, mereka justru berusaha memahami saya dan sering memberi motivasi supaya saya lebih tenang.","Itu menunjukkan bahwa sebenarnya lingkunganmu cukup mendukung. Apa yang terjadi di masa lalu memang memberikan dampak besar, tapi bukan berarti itu akan terus terjadi di masa depan. Kamu sebenarnya punya kemampuan, hanya saja kamu perlu latihan dan kepercayaan diri.",,,,,,,,,,,,,,,,,,,
"Tidak, Kak. Saya masih bisa mengendalikannya dan saya juga bisa mengabaikannya jika saya tidak ingin berbicara dengannya.",Itu hal yang baik. Saya ingin memastikan bahwa kamu tetap merasa nyaman dan bisa mengendalikan dirimu sendiri dalam situasi seperti itu.,,,,,,,,,,,,,,,,,,,
"Saya sering merasa bahwa pencapaian saya tidak sebesar teman-teman saya. Saya melihat mereka bisa mengatur waktu dengan baik, selalu aktif di kelas, dan sepertinya tidak terlalu kesulitan menghadapi kuliah. Saya takut tidak bisa berperan dengan baik dalam kehidupan saya sendiri.","Perasaan seperti ini wajar, terutama saat memasuki lingkungan baru seperti perkuliahan. Tapi kamu juga perlu ingat bahwa setiap orang memiliki perjalanan dan tantangannya sendiri. Kamu punya kelebihan yang mungkin tidak kamu sadari.",,,,,,,,,,,,,,,,,,,
Mungkin saya memang terlalu fokus pada kelemahan saya sendiri…,"Kita bisa mencoba melihat apa saja yang sudah berhasil kamu lakukan selama ini. Misalnya, meskipun kamu mengalami masalah kesehatan, kamu tetap bisa menjalani perkuliahan dengan baik dan menilai pengalaman kuliahmu cukup positif, kan?",,,,,,,,,,,,,,,,,,,
"Iya, mereka selalu ingin saya menjadi kuat. Saya tidak ingin mengecewakan mereka, jadi saya hanya memendam semuanya.","Saya ingin mengajakmu melakukan latihan rekonstruksi kognitif. Kita akan mencoba melihat kembali keyakinan yang kamu miliki tentang dirimu sendiri.
📌 Pola pikir negatif yang dimiliki RIM: 
""Saya tidak berguna."" 
""Saya harus selalu sempurna."" 
📌 Pola pikir baru setelah rekonstruksi kognitif: 
""Saya berguna karena saya bisa diandalkan oleh ibu untuk menjaga adik."" 
""Saya memiliki keterbatasan dan itu wajar, saya tidak harus selalu sempurna.""",,,,,,,,,,,,,,,,,,,
Saya tidak pernah melihatnya dari sudut pandang itu sebelumnya. Saya biasanya hanya menyalahkan diri sendiri.,"Kita seringkali terlalu keras pada diri sendiri. Tapi ketika kita melihat situasi dari perspektif yang lebih luas, kita bisa menyadari bahwa kita punya nilai dan kelebihan sendiri. Saya juga ingin mengajakmu mencoba teknik regulasi emosi. Dari yang saya amati, kamu sering menekan emosi dan merasa tertekan dengan keadaan sekitar. Kita bisa mulai dengan latihan self-affirmation.
📌 Latihan Self-Affirmation: 
Mengingat satu hal positif yang telah dilakukan hari ini. 
Mengulang kalimat positif kepada diri sendiri, misalnya: 
""Saya cukup."" 
""Saya berharga."" 
""Saya memiliki kelebihan saya sendiri."" ",,,,,,,,,,,,,,,,,,,
"Saya tidak ingin membicarakan terlalu banyak tentang itu, Kak. Saya hanya merasa malu. Itu adalah masa yang sangat buruk bagi saya.","Tidak apa-apa, saya tidak ingin memaksamu untuk membahas sesuatu yang membuatmu tidak nyaman. Tapi saya ingin kamu tahu bahwa saya ada di sini untuk mendengarkan tanpa menghakimi",,,,,,,,,,,,,,,,,,,
"Terima kasih, Kak. Saya tahu saya harus bisa menerima masa lalu, tapi rasanya sulit. Kadang saya merasa ingin melupakan semuanya, tapi di sisi lain saya takut orang lain akan terus mengingatnya.","Itu sangat wajar. Ketika seseorang mengalami trauma, sering kali ada konflik antara ingin melupakan dan takut kalau itu muncul kembali. Bagaimana biasanya kamu mengatasi perasaan itu?",,,,,,,,,,,,,,,,,,,
"Saya diminta membuat video perkenalan di TikTok. Saya sudah membuatnya, tapi saya takut untuk mengunggahnya. Saya khawatir kalau ada yang melihatnya dan mengenali saya dari foto yang dulu tersebar.","Jadi, kamu sebenarnya bisa menyelesaikan tugas tersebut, tapi ketakutan akan komentar orang lain membuatmu ragu untuk mengunggahnya?",,,,,,,,,,,,,,,,,,,
Saya tidak tahu... mungkin saya akan merasa lebih lega. Tapi saya juga takut kalau ada yang mengomentari sesuatu yang menyakitkan,Mungkin kita bisa mencoba pendekatan yang lebih aman. Kamu bisa membatasi siapa yang bisa melihat video tersebut atau mengunggahnya secara bertahap untuk membangun rasa percaya diri.,,,,,,,,,,,,,,,,,,,
"Sejujurnya, saya tidak merasa bersalah. Saya lebih takut kalau teman-teman saya akan menilai saya buruk setelah kejadian itu.",Saya mengerti bahwa reaksi itu muncul karena kamu merasa diserang. Tapi bagaimana menurutmu jika ada cara lain untuk mengekspresikan perasaan tanpa menggunakan kekerasan?,,,,,,,,,,,,,,,,,,,
"Mungkin ada, tapi saya belum tahu caranya. Saya sering merasa kalau saya tidak bisa mengendalikan reaksi saya ketika marah.","Kita bisa mencoba teknik manajemen emosi untuk membantumu mengendalikan kemarahan. Bagaimana jika kita mulai dengan teknik pernapasan dalam saat kamu merasa emosimu meningkat?
📌 Teknik Pernapasan 4-7-8: 
Tarik napas dalam selama 4 detik 
Tahan napas selama 7 detik 
Buang napas perlahan selama 8 detik 
Ulangi sebanyak 5 kali ",,,,,,,,,,,,,,,,,,,
"Saya berasal dari SMK, dan di sana saya lebih banyak praktek daripada teori. Begitu masuk kuliah, saya kesulitan mengikuti mata kuliah yang penuh dengan hitungan seperti rangkaian listrik. Di semester 1 saya hanya mendapat nilai 16 untuk mata kuliah itu, tapi di semester 2 saya sudah berusaha lebih keras dan nilainya naik jadi 50.","Kamu telah melakukan perbaikan yang signifikan. Itu adalah pencapaian yang bagus, meskipun belum memenuhi standar kelulusan. Apa yang telah kamu lakukan untuk memperbaiki pemahamanmu dalam mata kuliah ini?",,,,,,,,,,,,,,,,,,,
"Saya banyak bertanya kepada teman-teman yang lebih paham. Saya juga mencoba mengulang materi sendiri, tapi tetap terasa sulit bagi saya.","Kamu sudah berusaha keras, dan itu patut diapresiasi. Menurutmu, apakah ada cara lain yang bisa membantumu lebih memahami materi ini?",,,,,,,,,,,,,,,,,,,
"Saya sebenarnya ingin mengikuti kelas tambahan atau bimbingan belajar, tapi saya ragu apakah saya masih bisa melanjutkan kuliah.",Itu adalah opsi yang bisa dipertimbangkan. Bagaimana jika kita mencoba mengajukan surat permohonan keringanan agar kamu bisa mencoba satu semester lagi untuk menaikkan IPK-mu?,,,,,,,,,,,,,,,,,,,
"Saya ingin mencari pekerjaan yang masih berhubungan dengan bidang teknik atau pekerjaan yang bisa membantu saya menabung. Kalau bisa, saya ingin bekerja di Maranatha, mungkin sebagai asisten laboratorium atau posisi lain yang memungkinkan.",Itu ide yang bagus. Kita bisa mencari tahu apakah ada kesempatan kerja di kampus. Saya juga bisa membantumu dalam menyusun rencana agar kamu tetap memiliki semangat dan arah ke depan.,,,,,,,,,,,,,,,,,,,
"Ayah saya pernah bilang bahwa saya ini aneh, bahwa saya merasakan hal yang tidak wajar.","Saya memahami bahwa ayahmu mungkin tidak mengerti apa yang kamu alami. Tapi saya ingin menegaskan bahwa perasaanmu bukanlah sesuatu yang aneh atau salah. Banyak orang mengalami kesulitan dalam hubungan sosial, dan tidak apa-apa untuk membicarakan ini. Kamu sempat menyebutkan bahwa ada saat-saat di mana kamu berpikir untuk mengakhiri hidupmu. Bisa ceritakan lebih lanjut kapan biasanya pikiran itu muncul?",,,,,,,,,,,,,,,,,,,
"Biasanya muncul saat saya merasa sendirian. Ketika saya melihat teman-teman yang bisa bermain bersama, tapi saya tidak pernah diajak. Rasanya saya tidak dibutuhkan dan tidak ada yang peduli jika saya ada atau tidak.",Saya sangat sedih mendengar bahwa kamu merasa seperti itu. Saya ingin menekankan bahwa kamu tidak sendiri. Saya ada di sini untuk mendukungmu. Pernahkah kamu mencoba berbicara dengan seseorang tentang perasaan ini?,,,,,,,,,,,,,,,,,,,
"Hanya ayah saya. Tapi seperti yang saya bilang, dia malah memarahi saya","Itu pasti membuatmu merasa lebih sulit untuk terbuka. Tapi saya ingin kamu tahu bahwa di sini, saya tidak akan menghakimimu atau mengatakan bahwa perasaanmu tidak wajar. Kamu boleh berbagi apa saja yang kamu rasakan.",,,,,,,,,,,,,,,,,,,
"Saya ingin punya teman, tapi saya tidak tahu bagaimana memulainya.","Kamu bisa mulai dengan langkah kecil, misalnya mencoba berbicara lebih sering dengan teman-teman sekelasmu. Tidak perlu langsung menjadi dekat, tapi mulai dengan menyapa atau ikut terlibat dalam diskusi kelas.",,,,,,,,,,,,,,,,,,,
Tapi saya takut mereka tidak akan peduli dengan saya.,"Itu adalah ketakutan yang wajar. Tapi bagaimana jika kita mencoba melihatnya dari sudut yang berbeda? Bisa jadi ada orang lain di kelasmu yang juga ingin berteman, tapi mereka juga merasa canggung untuk memulai percakapan.",,,,,,,,,,,,,,,,,,,
"Saya sebenarnya suka bahasa Mandarin dan budaya Cina, makanya saya mengambil program ini.",Itu bisa menjadi peluang bagus untuk mencari teman yang memiliki minat yang sama. Bagaimana jika kamu mencoba bergabung dengan komunitas yang membahas tentang budaya atau bahasa Mandarin?,,,,,,,,,,,,,,,,,,,
Itu bisa dicoba. Saya ingin punya teman yang bisa mengerti saya.,Saya yakin kamu bisa menemukan lingkungan yang mendukungmu. Langkah kecil ini bisa membantu membangun rasa percaya dirimu,,,,,,,,,,,,,,,,,,,
"Saya tidak tahu. Saya takut kalau saya mencoba lagi, saya akan dikhianati lagi.",Itu adalah perasaan yang valid. Tapi bagaimana jika kita mulai dengan langkah kecil? Mungkin kamu bisa mencoba berbicara lebih terbuka dengan seseorang yang sudah kamu kenal lama dan kamu rasa bisa dipercaya.,,,,,,,,,,,,,,,,,,,
"Mungkin saya bisa mulai berbicara dengan teman di kampus yang sudah lama saya kenal. Saya tahu dia tidak pernah menjelek-jelekkan saya, tapi saya juga tidak pernah terlalu terbuka dengannya.","Itu langkah yang bagus. Kamu juga bisa mencoba menetapkan batasan, agar kamu merasa lebih aman dalam berinteraksi dengan orang lain. Jika seseorang membuatmu tidak nyaman, kamu berhak untuk menjaga jarak, tapi bukan berarti kamu harus menjauhi semua orang.",,,,,,,,,,,,,,,,,,,
Saya mengerti. Saya akan coba perlahan.,"Saya juga ingin membahas tentang bagaimana kamu bisa berdamai dengan perasaanmu terhadap Abang tersebut. Memaafkan bukan berarti membenarkan perbuatannya, tapi lebih kepada membebaskan diri dari rasa sakit yang terus membebani kamu.",,,,,,,,,,,,,,,,,,,
Tapi bagaimana caranya? Saya masih merasa marah dan kecewa.,"Salah satu caranya adalah dengan menerima bahwa kamu memang merasa marah dan kecewa. Biarkan dirimu merasakan emosi itu, tapi jangan biarkan itu mengendalikan hidupmu. Mungkin kamu bisa mencoba menulis surat untuknya, tapi tidak perlu dikirim. Ini bisa menjadi cara untuk mengeluarkan emosi yang selama ini kamu pendam.",,,,,,,,,,,,,,,,,,,
Tapi saya tidak tahu bagaimana cara mengekspresikannya dengan benar.,"Tidak apa-apa. Ini sesuatu yang bisa dipelajari. Kita akan membahas cara mengekspresikan emosi dengan sehat, sehingga kamu bisa lebih nyaman dalam menghadapi situasi seperti ini. Kamu pernah mendengar tentang komunikasi asertif?",,,,,,,,,,,,,,,,,,,
"Pernah, tapi saya tidak begitu paham bagaimana cara melakukannya.","Komunikasi asertif adalah cara menyampaikan perasaan dan pendapatmu dengan jelas dan tegas, tanpa menyakiti diri sendiri atau orang lain. Misalnya, dalam situasi ini, kamu bisa mengatakan kepada B, 'Saya merasa tidak nyaman ketika isi chat saya disebarkan tanpa izin. Saya ingin hubungan kita tetap baik, tapi saya juga ingin dihormati sebagai teman.",,,,,,,,,,,,,,,,,,,
"Tapi saya takut kalau saya mengatakan itu, justru akan memperburuk hubungan saya dengan B dan teman-teman lainnya.","Itu wajar. Tapi dengan komunikasi yang asertif, kamu bisa mengungkapkan perasaanmu tanpa menyulut konflik. Kadang, orang lain tidak menyadari bahwa tindakan mereka menyakiti kita, dan kita perlu memberi tahu mereka dengan cara yang baik.",,,,,,,,,,,,,,,,,,,
"Baik, saya akan mencoba. Tapi mungkin saya butuh latihan dulu.","Itu ide yang bagus! Kita bisa melakukan roleplay di sini, agar kamu bisa lebih nyaman dalam menyampaikan perasaanmu. Bagaimana perkembangan akademik kamu sejauh ini?",,,,,,,,,,,,,,,,,,,
"Iya. Saya takut kalau saya memaksa, saya akan dianggap membangkang atau tidak menghormati dosen.","Kamu bisa mencoba menggunakan komunikasi asertif di sini juga. Misalnya, kamu bisa mengatakan, 'Saya menghargai saran Ibu/Bapak, tetapi saya merasa mampu mengambil 22 SKS dan saya ingin mencoba. Apakah ada pertimbangan lain yang perlu saya ketahui sebelum saya membuat keputusan?",,,,,,,,,,,,,,,,,,,
"Tidak, saya tidak pernah mencatatnya.","Mungkin kita bisa mencoba itu. Dengan mencatat kapan dan dalam kondisi apa sosok itu muncul, kita bisa mencari pola atau pemicunya.",,,,,,,,,,,,,,,,,,,
"Oke, saya bisa coba","NJ, saya ingin membahas sesuatu yang penting. Melihat kondisi yang kamu alami, saya rasa akan sangat baik jika kamu bisa bertemu dengan seorang psikiater. Saya bisa membantumu dalam proses ini.",,,,,,,,,,,,,,,,,,,
Orang tua saya tidak akan senang kalau saya pergi ke psikiater. Nenek saya dulu ke psikiater dan selalu diberi obat dalam jumlah banyak. Akhirnya dia malah terkena diabetes. Orang tua saya tidak ingin hal itu terjadi pada saya.,Kekhawatiran itu wajar. Tapi perlu kamu tahu bahwa tidak semua orang yang ke psikiater harus mengonsumsi obat. Banyak juga yang hanya menjalani terapi atau konseling untuk memahami dan mengelola kondisi mereka.,,,,,,,,,,,,,,,,,,,
Mungkin... Tapi saya juga tidak yakin. Saya tidak mau ada orang lain yang tahu soal ini.,"Saya memahami perasaanmu. Tapi mendapatkan bantuan bukan berarti kamu lemah. Saya tidak akan memaksa, tapi jika kamu berubah pikiran, kamu bisa menghubungi saya kapan saja",,,,,,,,,,,,,,,,,,,
"Mencatat? Untuk apa, Kak?","Dengan mencatat, kita bisa melihat pola munculnya halusinasi tersebut. Ini akan membantu kita memahami pemicunya dan mencari cara terbaik untuk mengatasinya.",,,,,,,,,,,,,,,,,,,
"Oke, saya akan coba.","Saya juga ingin kamu membuat tulisan tentang tiga hingga lima masalah utama dalam hidupmu. Tuliskan apa masalahnya, bagaimana konteksnya, apa yang kamu rasakan, apa yang kamu pikirkan, dan apa harapanmu terhadap masalah tersebut.",,,,,,,,,,,,,,,,,,,
"Itu susah, Kak. Saya bahkan tidak tahu harus mulai dari mana.","Saya paham ini bukan hal yang mudah. Tapi dengan menuliskan, kamu bisa lebih memahami perasaanmu dan melihat dengan lebih jelas apa yang bisa kamu lakukan untuk menghadapinya. Saya tidak akan memaksa, tetapi saya ingin kamu mencoba dulu, ya?",,,,,,,,,,,,,,,,,,,
"Iya, saya ingin tinggal hanya dengan ibu. Saya merasa lebih bisa bercerita kepadanya, meskipun kami juga sering bertengkar.","Saya paham. Saya rasa ini hal yang penting untuk dipertimbangkan. Jika memungkinkan, kita bisa mencoba mencari solusi agar kamu bisa berada di lingkungan yang lebih nyaman. NJ, saya ingin mengajakmu untuk mempertimbangkan kembali pergi ke psikiater. Saya tahu kamu sempat mengunjungi psikiater dua tahun lalu, tetapi kali ini kita bisa mencoba pendekatan yang berbeda.",,,,,,,,,,,,,,,,,,,
"Tidak, saya tidak mau ke psikiater. Saya tidak mau minum obat seperti nenek saya dulu.",Saya mengerti kekhawatiranmu. Tapi pergi ke psikiater tidak selalu berarti harus mengonsumsi obat. Kita bisa mulai dengan konsultasi dulu dan melihat apakah ada metode terapi lain yang bisa membantu kamu mengatasi perasaan dan pengalaman yang sedang kamu alami.,,,,,,,,,,,,,,,,,,,
Tapi orang tua saya tidak akan setuju,Kamu tidak harus langsung memberitahu mereka. Kita bisa mencari opsi yang paling nyaman untukmu. Apakah kamu mau mempertimbangkan pergi sendiri ke psikiater terlebih dahulu?,,,,,,,,,,,,,,,,,,,
"Aku sebenarnya lebih bisa memahami materi jika belajar bersama. Tapi karena aku belum punya teman dekat di kampus, aku lebih banyak belajar sendiri.",Saya mengerti. Bagaimana kalau kita coba membuat rencana agar kamu bisa mulai mencari kelompok belajar?,,,,,,,,,,,,,,,,,,,
Rasanya nyaman. Aku bisa cerita banyak hal tanpa merasa takut dihakimi.,"Itu bagus. Kamu bisa mulai membangun koneksi serupa dengan teman di kampus. Memang butuh waktu, tapi cobalah untuk lebih sering berinteraksi dengan teman sekelas.",,,,,,,,,,,,,,,,,,,
"Biasanya kalau aku ketahuan melanggar aturan yang ibuku buat. Kalau aku ketahuan pacaran, ikut organisasi, atau melakukan hal di luar akademik, pasti langsung dimarahi.","Kalau begitu, salah satu cara yang bisa kita coba adalah dengan berkomunikasi secara bertahap. Jadi, bukan langsung mengubah semuanya, tapi pelan-pelan mengenalkan apa yang ingin kamu lakukan tanpa membuat ibumu terkejut dan langsung marah.",,,,,,,,,,,,,,,,,,,
"Maksudnya bagaimana, Kak?","Misalnya, jika kamu ingin ikut organisasi atau berkegiatan di luar akademik, kamu bisa mulai dengan menceritakan manfaatnya kepada ibumu, tanpa langsung mengajukan izin. Biarkan ibumu mendengar dan terbiasa dengan idenya sebelum kamu benar-benar meminta izin.",,,,,,,,,,,,,,,,,,,
"Maaf, Kak, ibuku marah besar. Aku harus pulang sekarang.",Saya mengerti. Saya bisa berbicara dengan ibumu jika kamu merasa nyaman.,,,,,,,,,,,,,,,,,,,
,"Saya ingin memperkenalkan konsep 3F (Freeze, Flight, Fight) yang bisa membantumu memahami reaksi tubuh terhadap stres dan bagaimana mengelola perasaan dengan lebih baik.

📌 Psikoedukasi tentang Mekanisme 3F: 

Freeze: Saat tubuh merasa takut atau stres, kamu mungkin merasa kaku dan tidak bisa bergerak. Ini yang membuatmu diam ketika dimarahi ayahmu. 

Flight: Ini adalah dorongan untuk menghindar dari situasi yang membuat stres, misalnya keinginanmu untuk kabur dari rumah. 

Fight: Ini adalah dorongan untuk melawan, tapi karena kamu takut, kamu lebih memilih diam. 

Dengan memahami reaksi ini, kamu bisa mencoba untuk mengenali bagaimana tubuhmu bereaksi dan menemukan cara yang lebih baik untuk merespons situasi stres. Bagaimana menurutmu?",,,,,,,,,,,,,,,,,,,
"Mungkin aku harus coba, ya?",Kamu sudah banyak berbagi hari ini. Aku senang kamu bisa terbuka dan mau membicarakan semua ini. ,,,,,,,,,,,,,,,,,,,
Aku mau… tapi aku nggak tahu gimana caranya.,"Kita bisa melakukannya pelan-pelan, sesuai dengan kesiapanmu.",,,,,,,,,,,,,,,,,,,
Aku mau… tapi aku takut.,Tidak apa-apa. Kita akan mencari cara yang nyaman untukmu.,,,,,,,,,,,,,,,,,,,
,Terima kasih sudah berbagi cerita hari ini. Aku tahu ini bukan hal yang mudah untuk dibicarakan. Aku ingin kamu tahu bahwa kamu tidak sendiri.,,,,,,,,,,,,,,,,,,,
"Mungkin karena aku merasa mereka lebih kompetitif? Aku ngerasa nggak punya tempat di sana. Aku takut kalau aku berusaha lebih keras, aku malah dinilai sok atau jadi saingan mereka.","Aku bisa memahami perasaanmu. Tapi bagaimana kalau kita coba pelan-pelan untuk lebih membuka diri? Kamu bisa mulai dengan percakapan kecil, atau mungkin bergabung dalam kelompok belajar agar lebih nyaman.",,,,,,,,,,,,,,,,,,,
"Aku belum pernah coba, tapi aku mau coba kalau itu bisa membantu.","Terima kasih sudah berbagi cerita hari ini. Aku tahu ini bukan hal yang mudah, tapi kamu sudah mengambil langkah besar dengan datang ke sini.",,,,,,,,,,,,,,,,,,,
,"Terima kasih sudah berbagi ceritamu hari ini. Aku tahu ini bukan hal yang mudah, tapi kamu sudah melakukan langkah besar dengan datang ke sini.",,,,,,,,,,,,,,,,,,,
"Iya, Kak… Aku jadi takut kalau kejadian itu bakal terulang lagi.","Aku bisa melihat bahwa kamu sedang menghadapi banyak tekanan dari berbagai sisi, baik akademik, organisasi, maupun dari pengalaman masa lalu.",,,,,,,,,,,,,,,,,,,
,"aku sangat mengapresiasi usahamu untuk terbuka hari ini. Aku tahu ini tidak mudah, tapi kamu sudah mengambil langkah besar.",,,,,,,,,,,,,,,,,,,
"Kayaknya lebih banyak negatifnya, Kak. Aku jadi overthinking terus. Kayak… dia masih peduli nggak, ya? Atau aku cuma jadi cadangan buat dia?","Aku bisa memahami itu. Ketika kita masih terus terhubung dengan seseorang yang pernah menyakiti kita, ada bagian dari diri kita yang terus berharap. Tapi, bagaimana kalau kita coba langkah-langkah kecil untuk membantu kamu memproses perasaan ini?",,,,,,,,,,,,,,,,,,,
"Maksudnya gimana, Kak?","Kita bisa mulai dengan membatasi akses ke media sosialnya dan mengurangi interaksi secara bertahap. Ini bukan berarti kamu harus langsung menghilang dari hidupnya, tapi kamu bisa memberikan ruang bagi dirimu sendiri untuk pulih.",,,,,,,,,,,,,,,,,,,
,"Kamu sudah melakukan langkah besar dengan berbicara tentang hal ini. Aku ingin kamu tahu bahwa perasaanmu itu valid, dan kamu berhak untuk merasa lebih baik.",,,,,,,,,,,,,,,,,,,
"Sebagian besar sih karena mantanku, tapi ada juga karena kuliah. Aku jadi nggak fokus, Kak. Aku gampang terdistraksi, sering kepikiran mantanku pas lagi belajar atau pas di kampus.","Aku bisa memahami itu. Saat emosi kita terganggu, sulit untuk tetap fokus. Pernahkah kamu mencoba teknik relaksasi atau mindfulness sebelumnya?",,,,,,,,,,,,,,,,,,,
"Kayaknya… nggak, Kak. Tapi aku juga nggak tahu harus gimana.","Kita bisa mencoba mengevaluasi hubungan ini bersama. Aku ingin kamu mencoba menuliskan apa yang kamu rasakan selama menjalani hubungan ini. Tulis juga apa yang kamu butuhkan dari sebuah hubungan. Dengan begitu, kita bisa melihat apakah hubungan ini mendukung kesejahteraan emosionalmu atau justru membuatmu merasa lelah.",,,,,,,,,,,,,,,,,,,
"Aku suka nulis… Tapi kadang kalau aku udah terlalu sedih, aku malah nyakitin diri sendiri.","Aku sangat menghargai kejujuranmu. Aku ingin kamu tahu bahwa kamu tidak sendiri, dan ada cara lain yang lebih aman untuk mengatasi perasaan ini. Aku ingin kita coba beberapa teknik yang bisa membantumu saat merasa ingin melakukan self-harm, seperti memegang es batu atau menggunakan karet gelang. Mau coba?",,,,,,,,,,,,,,,,,,,
Nggak… Aku takut kalau mereka nggak mau ngobrol balik atau malah cuek.,"Aku bisa memahami kalau memulai percakapan bisa terasa sulit dan menegangkan. Tapi bagaimana kalau kita coba langkah kecil dulu? Misalnya, selama satu minggu ke depan, kamu bisa coba menyapa satu atau dua teman di kelasmu. Tidak perlu percakapan panjang, cukup sapaan sederhana seperti 'Hai' atau 'Pagi'.",,,,,,,,,,,,,,,,,,,
Mungkin bisa dicoba… Tapi gimana kalau mereka nggak balas?,"Tidak apa-apa. Tujuannya bukan memastikan mereka membalas, tapi untuk membiasakan dirimu mencoba. Kalau satu kali tidak berhasil, kita coba lagi dengan orang lain. Yang terpenting adalah usaha kecil ini bisa membantumu lebih nyaman berada di sekitar orang lain.",,,,,,,,,,,,,,,,,,,
"Iya… Kadang aku berpikir, apakah aku ini salah terus di mata mereka?","Aku bisa merasakan betapa sulitnya perasaan yang kamu alami. Sekarang, mari kita pikirkan bagaimana cara mengelola perasaan takut ini. Pernahkah kamu mencoba teknik relaksasi saat merasa cemas?",,,,,,,,,,,,,,,,,,,
Iya… Aku akan coba,Kamu sudah melakukan langkah besar dengan datang ke sini dan berbagi ceritamu.,,,,,,,,,,,,,,,,,,,
"Kadang nyaman, kadang nggak. Aku suka kalau punya teman yang bisa diajak diskusi soal akademik, tapi aku juga merasa ada sesuatu yang kurang. Kayak, kok rasanya aku tetap merasa nggak sepenuhnya diterima?","Bisa jadi karena hubungan yang terjalin masih sebatas manfaat akademik, belum benar-benar membangun koneksi emosional. Kita bisa eksplorasi lebih jauh tentang bagaimana membangun hubungan yang lebih seimbang.",,,,,,,,,,,,,,,,,,,
"Nggak pernah. Aku merasa ibuku adalah sosok yang sulit aku dekati. Aku ingin dekat, tapi nggak tahu bagaimana caranya.","Baik, kita bisa mencoba mencari cara untuk membangun hubungan yang lebih baik dengan ibu, serta membangun rasa percaya dirimu sendiri secara perlahan.",,,,,,,,,,,,,,,,,,,
"Itu masuk akal… Aku ingin sukses bukan hanya karena ayah, tapi juga karena aku suka bidang ini.","Baik. Jadi langkah pertama, kita coba menyusun ekspektasi pribadi yang lebih realistis dan tidak hanya berdasarkan harapan orang lain. Kedua, mari kita bicara soal regulasi emosimu. Saat merasa tertekan atau cemas karena ekspektasi, bagaimana biasanya kamu menenangkan diri?",,,,,,,,,,,,,,,,,,,
"Aku biasanya menyendiri, mendengarkan musik, atau menulis jurnal. Tapi kadang aku hanya menahan semuanya sendiri dan itu rasanya nggak enak.","Aku paham. Menulis jurnal itu ide yang bagus. Bagaimana kalau kita coba membuatnya lebih terstruktur? Misalnya, dalam jurnal, kamu bisa menuliskan: 

Apa yang terjadi hari ini? 

Apa yang kamu rasakan? 

Apa hal baik yang terjadi hari ini? 

Apa langkah kecil yang bisa kamu lakukan untuk mengatasi tantangan?",,,,,,,,,,,,,,,,,,,
Itu terdengar lebih terarah… Aku bisa coba itu!,"Bagus. Selain itu, aku juga menyarankan agar kamu lebih terbuka dengan teman-teman dekatmu. Kamu bilang kamu punya teman-teman di jurusan yang mendukungmu, kan?",,,,,,,,,,,,,,,,,,,
,"Saat ini, hal yang paling penting adalah bagaimana kamu bisa lebih memahami dan mengelola perasaan serta kebiasaan yang membuatmu merasa terjebak. Aku ingin kamu mencoba beberapa langkah kecil. Apa kamu bersedia?",,,,,,,,,,,,,,,,,,,
"Ya, mungkin seperti itu.","Aku ingin kamu tahu bahwa kamu jauh lebih dari sekadar nilaimu. Bagaimana jika kita mulai mencari hal lain yang bisa kamu hargai dari dirimu sendiri, selain kecerdasan akademik?",,,,,,,,,,,,,,,,,,,
Aku tidak tahu. Aku tidak terbiasa memikirkan hal-hal seperti itu.,"Kita bisa mulai dengan latihan kecil. Aku ingin kamu mencoba menuliskan tiga hal yang kamu syukuri setiap hari, termasuk hal-hal kecil yang membuatmu merasa baik tentang dirimu sendiri. Apakah kamu bersedia mencoba?",,,,,,,,,,,,,,,,,,,
Itu masuk akal. Saya memang sering merasa seperti membeku saat dimarahi.,"Itu sangat wajar. Saya juga ingin mengajarkan teknik relaksasi pernapasan dan grounding, yang bisa membantumu merasa lebih tenang saat merasa cemas atau stres. Kita akan mencobanya bersama sekarang."" 

📌 Teknik relaksasi Pernapasan & Grounding: 

Tarik napas dalam selama 4 detik, tahan selama 4 detik, lalu hembuskan perlahan selama 6 detik. 

Gunakan teknik 5-4-3-2-1 untuk grounding: 

5 hal yang bisa kamu lihat. 

4 hal yang bisa kamu sentuh. 

3 hal yang bisa kamu dengar. 

2 hal yang bisa kamu cium aromanya. 

1 hal yang bisa kamu rasakan di tubuhmu. 

""Teknik ini bisa membantumu kembali ke momen sekarang dan mengurangi kecemasan.",,,,,,,,,,,,,,,,,,,
"Iya, saya pikir itu satu-satunya cara agar saya bisa membantu keluarga dan tidak terlalu membebani mereka.","Sebelum kita menutup sesi ini, saya ingin mengajarkan teknik relaksasi 4-7-8, yang bisa membantu mengurangi stres dan kecemasan. Kita bisa coba bersama, ya?"" 

📌 Teknik relaksasi 4-7-8 

Tarik napas selama 4 detik 

Tahan napas selama 7 detik 

Buang napas perlahan selama 8 detik ",,,,,,,,,,,,,,,,,,,
"Itu masuk akal, Kak. Saya memang selalu berpikir bahwa saya akan dipermalukan, padahal kenyataannya teman-teman saya baik-baik saja.","Itu adalah langkah pertama dalam mengatasi kecemasan—menyadari bahwa pikiran kita kadang tidak sesuai dengan kenyataan. Sekarang, kita akan mencoba latihan untuk membantu mengurangi kecemasanmu. Saya ingin mengajakmu mencoba beberapa gerakan untuk membantu menenangkan pikiran dan tubuhmu. Bisa kita coba?",,,,,,,,,,,,,,,,,,,
"Oke, Kak.",Bagaimana perasaanmu setelah mencoba gerakan-gerakan ini?,,,,,,,,,,,,,,,,,,,
Saya ingin fokus kuliah dan memperbaiki diri. Saya ingin keluarga saya bisa melihat saya sebagai pribadi yang normal.,"Sebelum kita mengakhiri sesi ini, saya ingin mengajakmu mencoba teknik relaksasi 4-7-8. Teknik ini bisa membantumu mengurangi ketegangan saat merasa cemas atau emosional. Bisa kita coba bersama?",,,,,,,,,,,,,,,,,,,
,Mari kita coba beberapa langkah kecil untuk membantu mengurangi tekanan yang kamu rasakan.,,,,,,,,,,,,,,,,,,,
"Iya… aku tahu ini nggak baik, tapi selalu aja kejadian kayak gini.","Kita bisa mencoba strategi sederhana untuk membantumu mengatur waktu, seperti membuat to-do list harian dan membagi tugas menjadi bagian-bagian kecil supaya tidak terasa berat. Kamu mau coba?",,,,,,,,,,,,,,,,,,,
Biasanya saat aku sendirian… atau saat aku merasa sangat stres. Terutama kalau aku sedang diperlakukan tidak adil oleh orang tua atau saat aku diingatkan tentang masa lalu.,Kita akan mencoba teknik grounding untuk membantumu ketika suara-suara itu muncul. Teknik ini bisa membantumu tetap terhubung dengan kenyataan. Aku akan mengajarkan cara bernapas perlahan dan fokus pada lingkungan di sekitarmu agar kamu bisa merasa lebih tenang. Apakah kamu mau mencobanya?,,,,,,,,,,,,,,,,,,,
,Kita akan bertemu lagi untuk membahas langkah-langkah yang bisa kamu lakukan.,,,,,,,,,,,,,,,,,,,
"Ada, aku nggak suka pelajaran yang terlalu banyak hitung-hitungan atau yang harus ngapalin rumus-rumus. Kalau mata kuliah itu, aku langsung kehilangan semangat buat belajar.","Bisa jadi, perasaan itu juga memengaruhi bagaimana kamu fokus dan memahami materi. Bagaimana kalau kita coba strategi untuk membantumu lebih mudah menangkap pelajaran? Misalnya, kita bisa membuat sistem belajar yang lebih sesuai dengan caramu.",,,,,,,,,,,,,,,,,,,
"Aku mau coba, tapi gimana caranya?","Kita bisa mulai dengan membuat to-do list harian atau jadwal belajar yang lebih terstruktur, supaya kamu nggak merasa kewalahan. Kita juga bisa mencari metode belajar yang lebih interaktif, misalnya dengan diskusi kelompok atau membuat ringkasan materi sendiri.",,,,,,,,,,,,,,,,,,,
Kayaknya bisa dicoba… tapi aku takut kalau mereka nggak nerima aku.,"Itu wajar. Tapi kalau kamu tidak mencoba, kamu nggak akan tahu bagaimana mereka merespons. Kamu bisa mulai dengan satu atau dua orang yang terlihat lebih ramah dulu.",,,,,,,,,,,,,,,,,,,
Nggak… biasanya aku cuma menyendiri aja sampai perasaannya hilang sendiri.,"Kita bisa coba beberapa teknik, seperti journaling untuk menuliskan perasaanmu, atau menggunakan teknik grounding supaya kamu bisa lebih tenang saat pikiran negatif muncul. Kita juga bisa coba latihan relaksasi atau meditasi ringan.",,,,,,,,,,,,,,,,,,,
,"Kamu bilang tadi bahwa ketika sesuatu tidak berjalan sesuai keinginanmu, kamu sering merasa buruk tentang dirimu sendiri. Bagaimana kalau kita coba cara agar kamu bisa lebih fleksibel terhadap situasi?",,,,,,,,,,,,,,,,,,,
Itu masuk akal sih… aku nggak pernah coba cara-cara itu sebelumnya.,Kita bisa coba latihan satu dulu sekarang. Bagaimana kalau kita coba teknik grounding?,,,,,,,,,,,,,,,,,,,
"Wah… ternyata ini lumayan membantu, ya.",Bagus! Kamu bisa mencoba teknik ini kapan saja saat merasa cemas.,,,,,,,,,,,,,,,,,,,
,Bagaimana kalau kita coba menyusun strategi untuk membantu kamu lebih tenang dan fokus?,,,,,,,,,,,,,,,,,,,
"Wah, aku jadi lebih tenang… Aku bakal coba latihan ini kalau panik lagi.","Bagus! Kamu bisa lakukan ini kapan saja, terutama saat merasa tertekan atau overthinking.",,,,,,,,,,,,,,,,,,,
"Belum sih… Aku biasanya malah tenggelam di media sosial, stalking dia atau nge-scroll tanpa tujuan.","Bagaimana kalau kita coba latihan kecil sekarang? Kita akan melakukan latihan pernapasan. Tarik napas dalam, tahan sebentar, lalu buang pelan-pelan. Ayo, kita coba bersama.",,,,,,,,,,,,,,,,,,,
"Wow… aku jadi lebih tenang, Kak.","Bagus! Latihan ini bisa kamu lakukan setiap kali merasa stres atau pikiranmu mulai kacau. Semakin sering kamu berlatih, semakin kamu bisa mengendalikan emosimu.",,,,,,,,,,,,,,,,,,,
,"Kamu sudah melakukan langkah besar dengan berbicara tentang hal ini. Aku ingin kamu tahu bahwa perasaanmu itu valid, dan kamu berhak untuk merasa dihargai baik dalam hubungan maupun dalam keluarga.",,,,,,,,,,,,,,,,,,,
Oke… Aku coba deh.,Aku senang kamu mau mencoba.,,,,,,,,,,,,,,,,,,,
Belum… Tapi aku biasanya mendengarkan musik atau menyendiri.,Itu bisa membantu. Tapi aku juga ingin mengajakmu mencoba latihan pernapasan dalam dan teknik grounding. Cara ini bisa membantu kamu menenangkan pikiran dan tubuh saat kecemasan muncul.,,,,,,,,,,,,,,,,,,,
Rasanya lebih enak… Kayaknya aku bisa coba ini kalau sedang cemas.,"Bagus! Kita juga bisa mulai menerapkan self-control dalam pikiranmu. Misalnya, ketika merasa takut atau cemas, coba tanyakan pada diri sendiri: 

Apakah ketakutanku ini berdasarkan fakta atau hanya perasaan saja? 

Apa hal kecil yang bisa aku lakukan sekarang untuk menenangkan diri? 

Apakah aku benar-benar harus menyalahkan diriku atas semua ini? 

Cara ini bisa membantumu memisahkan kecemasan dari realita, sehingga kamu tidak merasa terus-menerus dihantui oleh rasa bersalah atau takut.",,,,,,,,,,,,,,,,,,,
"Iya, mereka baik. Aku merasa nyaman, tapi kadang aku masih ragu untuk cerita lebih banyak","Kamu bisa mulai perlahan. Tidak harus langsung membicarakan hal yang berat, cukup membiarkan mereka tahu kalau kamu menghargai kehadiran mereka dan mungkin berbagi cerita tentang perkuliahan. Dukungan sosial bisa sangat membantu dalam menghadapi tekanan akademik.",,,,,,,,,,,,,,,,,,,
Ya… Aku mau mencoba.,"Baik. Pertama, aku ingin kamu mulai menulis jurnal. Setiap hari, coba tuliskan apa yang terjadi, apa yang kamu rasakan, dan bagaimana kamu bereaksi. Ini akan membantu kita memahami pola yang terjadi dalam hidupmu.",,,,,,,,,,,,,,,,,,,
"Oke, aku bisa coba itu.","Kedua, mari kita buat sistem kecil untuk membantumu menyelesaikan tugas. Kita mulai dengan tugas yang paling kecil, dan aku ingin kamu mencoba teknik pomodoro—mengerjakan selama 25 menit, lalu istirahat 5 menit. Bagaimana menurutmu?",,,,,,,,,,,,,,,,,,,
Itu terdengar masuk akal… Aku sering merasa kewalahan kalau harus mengerjakan semuanya sekaligus.,"Tepat sekali. Kita mulai dari langkah kecil. Lalu, kalau kamu merasa sangat cemas atau ingin berbohong, coba ambil napas dalam-dalam dan tanyakan pada dirimu sendiri: 'Apa yang sebenarnya aku takutkan?' dan 'Apakah ada cara lain untuk menghadapi ini selain berbohong?",,,,,,,,,,,,,,,,,,,
"Aku tidak tahu apakah itu akan membantu, tapi aku bisa mencobanya.","Bagus. Kita juga bisa mencoba mengubah cara pandang terhadap pertemanan. Daripada berpikir bahwa standar yang kamu tetapkan harus selalu diikuti, bagaimana jika kita mencoba memahami bahwa orang memiliki cara yang berbeda dalam menjalani hidup?",,,,,,,,,,,,,,,,,,,
"Aku tidak yakin bisa melakukannya. Aku merasa kalau aku menurunkan standar, aku akan ikut menjadi seperti mereka.","Ini bukan tentang menurunkan standar, tapi lebih tentang memahami bahwa tidak semua orang memiliki cara berpikir yang sama. Kamu bisa tetap mempertahankan nilai-nilai yang kamu anggap penting, tetapi tetap membuka ruang untuk fleksibilitas dalam menjalin hubungan sosial.",,,,,,,,,,,,,,,,,,,
Aku akan coba memikirkannya... Tapi aku masih merasa sulit untuk benar-benar mengubah cara pandangku.,"Tidak apa-apa. Perubahan tidak harus terjadi dalam semalam. Yang penting, kamu mulai menyadari bahwa ada cara lain untuk melihat situasi ini.",,,,,,,,,,,,,,,,,,,
"Saya mencoba, tapi saya masih kesulitan fokus.","Tidak apa-apa. Ini memang butuh latihan. Saya akan memberimu PR untuk mencoba latihan ini setiap hari selama seminggu, dan kita akan mengevaluasinya pada sesi berikutnya.",,,,,,,,,,,,,,,,,,,
Saya merasa lebih nyaman. Saya paling suka gerakan menyentuh dada dengan lembut dan memeluk diri sendiri.,"Bagus! Kamu bisa menggunakan gerakan ini kapan pun kamu merasa cemas. Sekarang, kita akan mencoba teknik relaksasi pernapasan 4-7-8",,,,,,,,,,,,,,,,,,,
Saya merasa lebih tenang setelah melakukan ini.,Itu sangat baik. Kamu bisa menggunakan teknik ini setiap kali merasa gugup atau cemas,,,,,,,,,,,,,,,,,,,
"Saya merasa lebih tenang setelah mencoba ini, Kak.",Itu bagus! Kamu bisa menggunakan teknik ini kapan pun kamu merasa tegang atau emosional.,,,,,,,,,,,,,,,,,,,
"Iya, itu benar. Saya memang menikmati perkuliahan, walaupun saya masih beradaptasi.","Saya ingin memberikanmu beberapa teknik yang mungkin bisa membantu, terutama dalam mengatur waktu agar kamu tidak merasa terlalu terbebani. Tips Time Management 
Gunakan teknik Pomodoro – belajar selama 25 menit, lalu istirahat 5 menit untuk menghindari kelelahan. 
Buat to-do list sederhana – catat tugas yang harus diselesaikan dan prioritaskan yang paling penting. 
Cicil tugas sedikit demi sedikit – hindari menunda pekerjaan agar tidak menumpuk di akhir. 
Gunakan jurnal atau aplikasi pengingat – untuk membantu mengorganisir jadwal harian. 
Saya juga ingin mengajakmu mencoba teknik relaksasi 4-7-8 untuk mengurangi stres dan kecemasan. Bisa kita coba bersama?",,,,,,,,,,,,,,,,,,,
Saya merasa lebih tenang setelah mencoba ini.,Bagus! Kamu bisa menggunakan teknik ini setiap kali merasa cemas atau kesulitan berkonsentrasi.,,,,,,,,,,,,,,,,,,,
"Saya suka latihan ini, Kak. Saya merasa lebih baik setelah mengatakannya.",Bagus! Kamu bisa melakukan ini setiap hari untuk membantumu mengubah cara berpikir dan membangun kepercayaan diri.,,,,,,,,,,,,,,,,,,,
Itu terdengar mudah. Saya akan mencobanya jika merasa marah lagi.,,,,,,,,,,,,,,,,,,,,
"Itu terdengar seperti ide yang baik. Saya tidak ingin terus menyimpan dendam, tapi saya juga tidak mau berhubungan lagi dengannya.",Itu tidak masalah. Kamu tidak harus kembali dekat dengannya. Yang penting adalah bagaimana kamu bisa melepaskan perasaan negatif ini agar kamu bisa lanjut menjalani hidup dengan lebih ringan.,,,,,,,,,,,,,,,,,,,
"Itu terdengar lebih sopan, tapi tetap menyampaikan apa yang saya inginkan ya?","Tepat sekali! Dengan begitu, kamu bisa tetap menghargai dosen walimu sambil menyampaikan keinginanmu dengan jelas.",,,,,,,,,,,,,,,,,,,
"Itu bisa dicoba, Kak. Tapi aku takut orang-orang sudah punya kelompoknya masing-masing.",Memang kadang sulit untuk masuk ke kelompok yang sudah terbentuk. Tapi kamu bisa mulai dengan menawarkan diri untuk belajar bersama dengan satu atau dua teman yang sekelas denganmu. Coba ajak mereka untuk berdiskusi atau saling berbagi materi.,,,,,,,,,,,,,,,,,,,
"Aku akan coba lebih aktif berbicara, Kak.","Saya juga ingin kamu mencoba sesuatu. Mulai sekarang, cobalah melakukan sesuatu yang kamu suka setiap minggu. Ini akan membantumu merasa lebih positif ketika kembali ke kampus.",,,,,,,,,,,,,,,,,,,
"Baik, Kak. Mungkin aku bisa mulai melukis atau jalan-jalan sebentar untuk mengurangi stres.",Saya juga ingin kamu mencoba journaling seminggu sekali. Tuliskan semua pengalaman positif yang kamu alami dalam seminggu. Ini akan membantumu lebih fokus pada hal-hal baik dalam hidupmu.,,,,,,,,,,,,,,,,,,,
Hmm... aku tidak tahu apakah itu bisa berhasil. Tapi mungkin aku bisa mencoba.,"Itu langkah awal yang baik. Selain itu, kita juga bisa membingkai ulang cara berpikir tentang situasimu. Daripada merasa 'Aku tidak bisa melakukan apa pun yang aku inginkan', kita coba ubah menjadi 'Aku masih bisa menikmati aktivitas tanpa harus memicu konflik besar'",,,,,,,,,,,,,,,,,,,
"Tidak usah, Kak. Aku takut nanti malah tambah parah. Aku akan coba bicara sendiri nanti.","Tidak apa-apa, saya menghargai keputusanmu. Jika kamu butuh dukungan, kamu bisa menghubungi saya kapan saja. Kita juga bisa mencoba sesi konseling daring kalau itu lebih mudah bagimu.",,,,,,,,,,,,,,,,,,,
"Journaling? Aku tidak terbiasa menulis tentang diriku sendiri, Kak.","Tidak perlu panjang, cukup beberapa kalimat saja. Misalnya, kamu bisa menulis: 'Hari ini aku bisa menyapa teman baru' atau 'Aku berhasil memahami satu materi kuliah dengan lebih baik.' Dengan begini, kamu bisa melihat progres kecil yang kamu capai setiap minggunya.",,,,,,,,,,,,,,,,,,,
,"1. Coba buat daftar prioritas untuk melihat mana yang benar-benar penting 
2. Pikirkan kembali keputusan mengenai organisasi, bukan berdasarkan rasa takut, tetapi berdasarkan kebutuhan dan kesejahteraanmu sendiri 
3. Cari dukungan dari orang-orang terdekat yang kamu percayai 
4. Latihan manajemen waktu dan tidur lebih teratur ",,,,,,,,,,,,,,,,,,,
,"Untuk minggu ini, kita coba beberapa hal berikut, ya: 1. Coba buat to-do list harian untuk membantu manajemen waktu 
2. Perhatikan kembali pola tidur dan coba kurangi begadang 
3. Latihan mengelola pikiran negatif tentang penilaian orang lain 
4. Mulai membangun kepercayaan dengan orang yang bisa dipercaya ",,,,,,,,,,,,,,,,,,,
,"Untuk minggu ini, kita coba beberapa hal berikut, ya: 

1. Latihan teknik grounding saat suara-suara itu muncul 
2. Membuat jurnal kecil untuk mencatat perasaanmu 
3. Mencari satu aktivitas yang bisa membuatmu tenang (seperti menulis atau menggambar) 
4. Membicarakan secara bertahap dengan orang yang bisa kamu percaya ",,,,,,,,,,,,,,,,,,,
,"Untuk minggu ini, kita coba beberapa hal berikut, ya: 1. Melanjutkan to-do list harian untuk membantu belajar 
2. Mencoba lebih membuka diri dengan teman-teman di kelas, meskipun hanya percakapan kecil 
3. Mencoba teknik grounding atau journaling saat mulai merasa cemas atau stres 
4. Bertemu lagi dalam sesi berikutnya untuk mengevaluasi perkembanganmu ",,,,,,,,,,,,,,,,,,,
,"Kita bisa coba beberapa teknik berikut: 1. Teknik grounding saat panik – Misalnya, menyebutkan lima benda yang kamu lihat di sekitar, empat hal yang bisa kamu sentuh, tiga suara yang bisa kamu dengar, dua bau yang kamu cium, dan satu hal yang bisa kamu rasakan. Ini bisa membantumu kembali ke realitas saat panik mulai muncul. 

2. Reframing pola pikir – Saat kamu mulai berpikir 'Aku nggak layak dicintai', coba tanya ke dirimu sendiri: 'Apa bukti bahwa aku layak dicintai?'. Kadang pikiran negatif datang bukan karena kenyataan, tapi karena ketakutan dari masa lalu. 

3. Journaling emosi – Tuliskan apa yang kamu rasakan setiap harinya. Kalau kamu tidak nyaman menulis, kamu bisa mencoba merekam suara atau menggambar untuk mengekspresikan perasaanmu.""",,,,,,,,,,,,,,,,,,,
,"Untuk minggu ini, yuk kita coba beberapa hal berikut: 1. Melanjutkan latihan grounding setiap kali merasa cemas 
2. Mulai journaling atau ekspresi emosi dengan cara yang nyaman untukmu 
3. Bersikap fleksibel terhadap tugas ospek – jika masih merasa berat, coba komunikasikan dengan mentor 
4. Jika memungkinkan, kita bisa lanjut konseling untuk menggali lebih dalam dan mencari solusi lain bersama",,,,,,,,,,,,,,,,,,,
"Maksudnya gimana, Kak?","Kita bisa coba beberapa langkah berikut: 1. Teknik relaksasi pernapasan saat merasa panik atau overthinking. Aku bisa ajarkan cara bernapas yang bisa membantu menenangkan tubuhmu. 
2. Membatasi jumlah tanggung jawab – Kamu bisa memilih prioritas dan mengurangi beban yang tidak perlu. 
3. Roleplay komunikasi dengan ketua UKM – Kita bisa latihan bagaimana cara menyampaikan batasan kepada ketua UKM agar kamu tidak mendapat tugas tiba-tiba. 
4. Journaling terstruktur – Menuliskan tindakan yang ingin kamu lakukan, bagaimana melakukannya, dan konsekuensinya. Ini bisa membantumu lebih fokus dan berani mengambil keputusan.",,,,,,,,,,,,,,,,,,,
,"Untuk minggu ini, yuk kita coba beberapa hal berikut: 1. Melatih teknik relaksasi saat panik atau stres 
2. Membatasi jumlah tanggung jawab dan memprioritaskan yang paling penting 
3. Menyusun strategi komunikasi dengan ketua UKM untuk menghindari tugas mendadak 
4. Menuliskan jurnal tindakan untuk membantu kamu menetapkan prioritas dengan jelas ",,,,,,,,,,,,,,,,,,,
,"Untuk minggu ini, kita akan mencoba beberapa hal, ya. 1.  Membatasi akses media sosial mantan – Kurangi melihat akunnya secara bertahap agar tidak memicu stres. 
2. Mengurangi interaksi langsung – Hindari pertemuan yang tidak perlu agar kamu bisa memberi jarak emosional. 
3. Latihan mindfulness dan pernapasan – Lakukan setiap kali merasa cemas atau overthinking. 
4. Fokus ke tujuan kuliah dan kegiatan kampus – Coba ingat kembali alasan kamu masuk psikologi dan rencana masa depanmu.",,,,,,,,,,,,,,,,,,,
,"Untuk minggu ini, kita akan mencoba beberapa hal, ya. 1. Menuliskan jurnal tentang hubunganmu – Bagaimana perasaanmu dalam hubungan ini dan apa yang kamu butuhkan dari sebuah hubungan. 
2. Mencoba teknik relaksasi dan pengganti self-harm – Seperti memegang es batu atau menggunakan karet gelang saat merasa ingin melukai diri sendiri. 
3. Melakukan latihan pernapasan saat merasa cemas atau sedih. ",,,,,,,,,,,,,,,,,,,
,"Jadi, langkah kecil yang bisa kita lakukan untuk minggu ini adalah: 1. Coba menyapa minimal satu atau dua teman di kelas. 
2. Jika merasa cemas, coba tarik napas dalam-dalam dan ingatkan diri bahwa tidak apa-apa jika tidak langsung mendapat respons yang diharapkan. 
3. Jika ingin, kamu juga bisa mencatat pengalamanmu dalam sebuah jurnal, tentang bagaimana perasaanmu sebelum dan sesudah mencoba menyapa orang lain.",,,,,,,,,,,,,,,,,,,
,"Aku ingin kita lanjutkan ini dengan beberapa langkah kecil: 

1. Coba lakukan latihan relaksasi dan pernapasan dalam setiap kali kamu merasa cemas. 
2. Gunakan teknik self-control untuk membedakan antara perasaan dan fakta. 
3. Mulai mencatat kapan saja rasa takut muncul dan bagaimana kamu menanganinya. Kita akan evaluasi ini bersama nanti.",,,,,,,,,,,,,,,,,,,
,"Berdasarkan yang kita bahas hari ini, ada beberapa langkah yang bisa kamu coba: 

Untuk kesulitan belajar: Lanjutkan to-do list yang sudah kamu buat, tapi kita bisa eksplorasi strategi belajar lain yang lebih sesuai dengan gaya belajarmu. 

Untuk kesulitan berteman: Coba buka diri untuk membangun hubungan yang lebih seimbang, tidak hanya berdasarkan manfaat akademik, tetapi juga aspek sosial dan emosional. 

Untuk harga diri: Mulai mencari aspek dalam dirimu yang bisa kamu hargai, bukan hanya dari pandangan orang lain. Kamu bisa mulai dari jurnal harian tentang hal-hal kecil yang membuatmu merasa berharga. 

Hubungan dengan ibu: Kita bisa mencari pendekatan yang lebih nyaman bagi kamu untuk mencoba membangun hubungan yang lebih dekat dengan ibu.",,,,,,,,,,,,,,,,,,,
Oke... Saya akan pikirkan lagi.,,,,,,,,,,,,,,,,,,,,
Mungkin... Saya tidak tahu. Saya harus berpikir dulu.,"Baik, saya tidak akan memaksa. Tapi jika kamu berubah pikiran, saya akan siap mendampingimu untuk mendapatkan bantuan yang kamu butuhkan.",,,,,,,,,,,,,,,,,,,
"Baik, aku akan mencobanya.",,,,,,,,,,,,,,,,,,,,
"Baik, Kak. Terima kasih banyak.",,,,,,,,,,,,,,,,,,,,
"Iya, Kak. Aku bakal coba. Terima kasih sudah mendengarkan.","Tentu. Kita bisa bertemu lagi dalam sesi berikutnya untuk melihat perkembanganmu. Kalau kamu butuh bantuan sebelum itu, kamu bisa menghubungiku.",,,,,,,,,,,,,,,,,,,
"Iya, Kak. Itu kayaknya bisa membantu banget.","Terima kasih sudah berbagi cerita hari ini. Aku tahu ini bukan hal yang mudah untuk dibicarakan, tapi aku senang kamu sudah mulai terbuka.",,,,,,,,,,,,,,,,,,,
"Terima kasih, Kak. Aku nggak nyangka aku bisa cerita sejauh ini…","Aku bangga padamu karena sudah berani berbicara. Kita akan bertemu lagi, dan aku di sini jika kamu butuh bantuan sebelum pertemuan berikutnya.",,,,,,,,,,,,,,,,,,,
"Terima kasih, Kak. Aku akan coba semuanya, semoga bisa lebih baik.","Aku yakin kamu bisa! Kita akan lanjutkan sesi berikutnya untuk membahas bagaimana perkembanganmu. Jika kamu butuh sesuatu sebelum pertemuan berikutnya, jangan ragu untuk menghubungiku, ya",,,,,,,,,,,,,,,,,,,
"Iya, Kak. Aku bakal coba… Aku juga mau lanjut konseling sih, mungkin ini bisa membantu aku pelan-pelan.","Itu keputusan yang baik! Aku senang mendengarnya. Kita bisa bertemu lagi di sesi berikutnya. Jika kamu butuh sesuatu sebelum pertemuan berikutnya, jangan ragu untuk menghubungiku, ya.",,,,,,,,,,,,,,,,,,,
"Iya, Kak. Aku akan coba semuanya. Aku jadi merasa lebih punya kendali atas situasi ini.","Itu luar biasa! Kita bisa bertemu lagi di sesi berikutnya untuk melihat bagaimana perkembanganmu. Jika kamu butuh sesuatu sebelum sesi berikutnya, kamu bisa menghubungiku, ya.",,,,,,,,,,,,,,,,,,,
"Iya… Aku akan coba, Kak. Terima kasih sudah mendengarkan aku.","Sama-sama. Aku bangga kamu sudah berani berbicara tentang ini. Kita akan bertemu lagi untuk melihat bagaimana perkembanganmu. Kalau kamu butuh sesuatu sebelum sesi berikutnya, kamu bisa menghubungiku, ya",,,,,,,,,,,,,,,,,,,
"Iya… Aku akan coba, Kak. Terima kasih sudah mendengarkan aku.","Sama-sama. Aku bangga kamu sudah berani berbicara tentang ini. Kita akan bertemu lagi untuk melihat bagaimana perkembanganmu. Kalau kamu butuh sesuatu sebelum sesi berikutnya, kamu bisa menghubungiku, ya.",,,,,,,,,,,,,,,,,,,
"Iya, aku akan coba… Terima kasih, Kak.","Sama-sama. Aku bangga kamu sudah mau berbicara dan mencoba sesuatu yang baru. Kita bisa bertemu lagi untuk melihat bagaimana perkembanganmu. Jika kamu merasa butuh bantuan sebelum pertemuan berikutnya, jangan ragu untuk menghubungiku, ya.",,,,,,,,,,,,,,,,,,,
"Iya, aku merasa lebih lega setelah bicara ini. Terima kasih, Kak","Iya, aku merasa lebih lega setelah bicara ini. Terima kasih, Kak",,,,,,,,,,,,,,,,,,,
"Iya, aku akan coba. Aku merasa lebih lega setelah membicarakannya.","Bagus! Aku senang mendengarnya. Kita bisa bertemu lagi untuk melihat bagaimana perkembanganmu. Jika kamu butuh berbagi di antara sesi ini, jangan ragu untuk menghubungi aku, ya.",,,,,,,,,,,,,,,,,,,
,"Terima kasih sudah berbagi cerita hari ini. Aku tahu ini bukan hal yang mudah untuk dibahas, tapi kamu sudah melakukan langkah besar.",,,,,,,,,,,,,,,,,,,
"Terima kasih juga, Kak. Aku merasa lebih lega setelah membicarakannya. Aku akan coba mulai menulis jurnal dan lebih terbuka dengan teman-temanku.","Itu langkah yang sangat baik. Kita bisa bertemu lagi dalam sesi berikutnya untuk melihat perkembangannya, dan jika kamu butuh sesuatu sebelum pertemuan berikutnya, jangan ragu untuk menghubungiku",,,,,,,,,,,,,,,,,,,
Itu sulit… Tapi aku bisa coba.,"Terima kasih sudah berbagi hari ini, JE. Aku tahu ini tidak mudah, tapi kamu sudah melakukan langkah besar untuk membangun perubahan dalam hidupmu",,,,,,,,,,,,,,,,,,,
"Terima kasih, Kak. Aku merasa sedikit lebih lega… Walaupun aku tahu ini tidak akan mudah.","Perubahan membutuhkan waktu, dan aku di sini untuk mendukungmu. Kita akan bertemu lagi untuk membahas bagaimana jurnal dan sistem barumu berjalan. Jika kamu butuh sesuatu sebelum pertemuan berikutnya, jangan ragu untuk menghubungiku, ya.",,,,,,,,,,,,,,,,,,,
,"Sebelum kita mengakhiri sesi ini, aku ingin memastikan kamu merasa cukup nyaman dengan apa yang kita bahas hari ini. Apakah ada hal lain yang ingin kamu diskusikan?",,,,,,,,,,,,,,,,,,,
"Aku rasa cukup untuk hari ini. Aku merasa lebih baik setelah berbicara, meskipun aku masih belum yakin dengan semuanya.","Itu sudah merupakan langkah yang bagus. Untuk sesi berikutnya, kita bisa melanjutkan dengan membahas strategi yang lebih konkret untuk mengatasi kecemasanmu dan meningkatkan self-compassion. Bagaimana menurutmu?",,,,,,,,,,,,,,,,,,,
"Baik, aku akan mencoba. Terima kasih, Kak.","Sama-sama, CD. Ingat, kamu selalu bisa menghubungi aku jika ada sesuatu yang ingin kamu bahas sebelum sesi berikutnya.",,,,,,,,,,,,,,,,,,,
,,,,,,,,,,,,,,,,,,,,
,,,,,,,,,,,,,,,,,,,,
,,,,,,,,,,,,,,,,,,,,
,,,,,,,,,,,,,,,,,,,,
,,,,,,,,,,,,,,,,,,,,
,,,,,,,,,,,,,,,,,,,,
,,,,,,,,,,,,,,,,,,,,
,,,,,,,,,,,,,,,,,,,,
,,,,,,,,,,,,,,,,,,,,
,,,,,,,,,,,,,,,,,,,,
,,,,,,,,,,,,,,,,,,,,
,,,,,,,,,,,,,,,,,,,,
,,,,,,,,,,,,,,,,,,,,
,,,,,,,,,,,,,,,,,,,,
,,,,,,,,,,,,,,,,,,,,
,,,,,,,,,,,,,,,,,,,,
,,,,,,,,,,,,,,,,,,,,
,,,,,,,,,,,,,,,,,,,,
,,,,,,,,,,,,,,,,,,,,
,,,,,,,,,,,,,,,,,,,,
,,,,,,,,,,,,,,,,,,,,
,,,,,,,,,,,,,,,,,,,,
,,,,,,,,,,,,,,,,,,,,
,,,,,,,,,,,,,,,,,,,,
,,,,,,,,,,,,,,,,,,,,
,,,,,,,,,,,,,,,,,,,,
,,,,,,,,,,,,,,,,,,,,
,,,,,,,,,,,,,,,,,,,,
,,,,,,,,,,,,,,,,,,,,
,,,,,,,,,,,,,,,,,,,,
,,,,,,,,,,,,,,,,,,,,
,,,,,,,,,,,,,,,,,,,,
,,,,,,,,,,,,,,,,,,,,
,,,,,,,,,,,,,,,,,,,,
,,,,,,,,,,,,,,,,,,,,
,,,,,,,,,,,,,,,,,,,,
,,,,,,,,,,,,,,,,,,,,
,,,,,,,,,,,,,,,,,,,,
,,,,,,,,,,,,,,,,,,,,
,,,,,,,,,,,,,,,,,,,,
,,,,,,,,,,,,,,,,,,,,
,,,,,,,,,,,,,,,,,,,,
,,,,,,,,,,,,,,,,,,,,
,,,,,,,,,,,,,,,,,,,,
,,,,,,,,,,,,,,,,,,,,
,,,,,,,,,,,,,,,,,,,,
,,,,,,,,,,,,,,,,,,,,
,,,,,,,,,,,,,,,,,,,,
,,,,,,,,,,,,,,,,,,,,
,,,,,,,,,,,,,,,,,,,,
,,,,,,,,,,,,,,,,,,,,
,,,,,,,,,,,,,,,,,,,,
,,,,,,,,,,,,,,,,,,,,
,,,,,,,,,,,,,,,,,,,,
,,,,,,,,,,,,,,,,,,,,
,,,,,,,,,,,,,,,,,,,,
,,,,,,,,,,,,,,,,,,,,
,,,,,,,,,,,,,,,,,,,,
,,,,,,,,,,,,,,,,,,,,
,,,,,,,,,,,,,,,,,,,,
,,,,,,,,,,,,,,,,,,,,
,,,,,,,,,,,,,,,,,,,,
,,,,,,,,,,,,,,,,,,,,
,,,,,,,,,,,,,,,,,,,,
,,,,,,,,,,,,,,,,,,,,
,,,,,,,,,,,,,,,,,,,,
,,,,,,,,,,,,,,,,,,,,
,,,,,,,,,,,,,,,,,,,,
,,,,,,,,,,,,,,,,,,,,
,,,,,,,,,,,,,,,,,,,,
,,,,,,,,,,,,,,,,,,,,
,,,,,,,,,,,,,,,,,,,,
,,,,,,,,,,,,,,,,,,,,
,,,,,,,,,,,,,,,,,,,,
,,,,,,,,,,,,,,,,,,,,
,,,,,,,,,,,,,,,,,,,,
,,,,,,,,,,,,,,,,,,,,
,,,,,,,,,,,,,,,,,,,,
,,,,,,,,,,,,,,,,,,,,
,,,,,,,,,,,,,,,,,,,,
,,,,,,,,,,,,,,,,,,,,
,,,,,,,,,,,,,,,,,,,,
,,,,,,,,,,,,,,,,,,,,
,,,,,,,,,,,,,,,,,,,,
,,,,,,,,,,,,,,,,,,,,
,,,,,,,,,,,,,,,,,,,,
,,,,,,,,,,,,,,,,,,,,
,,,,,,,,,,,,,,,,,,,,
,,,,,,,,,,,,,,,,,,,,
,,,,,,,,,,,,,,,,,,,,
,,,,,,,,,,,,,,,,,,,,
,,,,,,,,,,,,,,,,,,,,
,,,,,,,,,,,,,,,,,,,,
,,,,,,,,,,,,,,,,,,,,
,,,,,,,,,,,,,,,,,,,,
,,,,,,,,,,,,,,,,,,,,
,,,,,,,,,,,,,,,,,,,,
,,,,,,,,,,,,,,,,,,,,
,,,,,,,,,,,,,,,,,,,,
,,,,,,,,,,,,,,,,,,,,
,,,,,,,,,,,,,,,,,,,,
,,,,,,,,,,,,,,,,,,,,
,,,,,,,,,,,,,,,,,,,,
,,,,,,,,,,,,,,,,,,,,
,,,,,,,,,,,,,,,,,,,,
,,,,,,,,,,,,,,,,,,,,
,,,,,,,,,,,,,,,,,,,,
,,,,,,,,,,,,,,,,,,,,
,,,,,,,,,,,,,,,,,,,,
,,,,,,,,,,,,,,,,,,,,
,,,,,,,,,,,,,,,,,,,,
,,,,,,,,,,,,,,,,,,,,
,,,,,,,,,,,,,,,,,,,,
,,,,,,,,,,,,,,,,,,,,
,,,,,,,,,,,,,,,,,,,,
,,,,,,,,,,,,,,,,,,,,
,,,,,,,,,,,,,,,,,,,,
,,,,,,,,,,,,,,,,,,,,
,,,,,,,,,,,,,,,,,,,,
,,,,,,,,,,,,,,,,,,,,
,,,,,,,,,,,,,,,,,,,,
,,,,,,,,,,,,,,,,,,,,
,,,,,,,,,,,,,,,,,,,,
,,,,,,,,,,,,,,,,,,,,
,,,,,,,,,,,,,,,,,,,,
,,,,,,,,,,,,,,,,,,,,
,,,,,,,,,,,,,,,,,,,,
,,,,,,,,,,,,,,,,,,,,
,,,,,,,,,,,,,,,,,,,,
,,,,,,,,,,,,,,,,,,,,
,,,,,,,,,,,,,,,,,,,,
,,,,,,,,,,,,,,,,,,,,
,,,,,,,,,,,,,,,,,,,,
,,,,,,,,,,,,,,,,,,,,
,,,,,,,,,,,,,,,,,,,,
,,,,,,,,,,,,,,,,,,,,
,,,,,,,,,,,,,,,,,,,,
,,,,,,,,,,,,,,,,,,,,
,,,,,,,,,,,,,,,,,,,,
,,,,,,,,,,,,,,,,,,,,
,,,,,,,,,,,,,,,,,,,,
,,,,,,,,,,,,,,,,,,,,
,,,,,,,,,,,,,,,,,,,,
,,,,,,,,,,,,,,,,,,,,
,,,,,,,,,,,,,,,,,,,,
,,,,,,,,,,,,,,,,,,,,
,,,,,,,,,,,,,,,,,,,,
,,,,,,,,,,,,,,,,,,,,
,,,,,,,,,,,,,,,,,,,,
,,,,,,,,,,,,,,,,,,,,
,,,,,,,,,,,,,,,,,,,,
,,,,,,,,,,,,,,,,,,,,
,,,,,,,,,,,,,,,,,,,,
,,,,,,,,,,,,,,,,,,,,
,,,,,,,,,,,,,,,,,,,,
,,,,,,,,,,,,,,,,,,,,
,,,,,,,,,,,,,,,,,,,,
,,,,,,,,,,,,,,,,,,,,
,,,,,,,,,,,,,,,,,,,,
,,,,,,,,,,,,,,,,,,,,
,,,,,,,,,,,,,,,,,,,,
,,,,,,,,,,,,,,,,,,,,
,,,,,,,,,,,,,,,,,,,,
,,,,,,,,,,,,,,,,,,,,
,,,,,,,,,,,,,,,,,,,,
,,,,,,,,,,,,,,,,,,,,
,,,,,,,,,,,,,,,,,,,,
,,,,,,,,,,,,,,,,,,,,
,,,,,,,,,,,,,,,,,,,,
,,,,,,,,,,,,,,,,,,,,
,,,,,,,,,,,,,,,,,,,,
,,,,,,,,,,,,,,,,,,,,
,,,,,,,,,,,,,,,,,,,,
,,,,,,,,,,,,,,,,,,,,
,,,,,,,,,,,,,,,,,,,,
,,,,,,,,,,,,,,,,,,,,
,,,,,,,,,,,,,,,,,,,,
,,,,,,,,,,,,,,,,,,,,
,,,,,,,,,,,,,,,,,,,,
,,,,,,,,,,,,,,,,,,,,
,,,,,,,,,,,,,,,,,,,,
,,,,,,,,,,,,,,,,,,,,
,,,,,,,,,,,,,,,,,,,,
,,,,,,,,,,,,,,,,,,,,
,,,,,,,,,,,,,,,,,,,,
,,,,,,,,,,,,,,,,,,,,
,,,,,,,,,,,,,,,,,,,,
,,,,,,,,,,,,,,,,,,,,
,,,,,,,,,,,,,,,,,,,,
,,,,,,,,,,,,,,,,,,,,
,,,,,,,,,,,,,,,,,,,,
,,,,,,,,,,,,,,,,,,,,
,,,,,,,,,,,,,,,,,,,,
,,,,,,,,,,,,,,,,,,,,
,,,,,,,,,,,,,,,,,,,,
,,,,,,,,,,,,,,,,,,,,
,,,,,,,,,,,,,,,,,,,,
,,,,,,,,,,,,,,,,,,,,
,,,,,,,,,,,,,,,,,,,,
,,,,,,,,,,,,,,,,,,,,
,,,,,,,,,,,,,,,,,,,,
,,,,,,,,,,,,,,,,,,,,
,,,,,,,,,,,,,,,,,,,,
,,,,,,,,,,,,,,,,,,,,
,,,,,,,,,,,,,,,,,,,,
,,,,,,,,,,,,,,,,,,,,
,,,,,,,,,,,,,,,,,,,,
,,,,,,,,,,,,,,,,,,,,
,,,,,,,,,,,,,,,,,,,,
,,,,,,,,,,,,,,,,,,,,
,,,,,,,,,,,,,,,,,,,,
,,,,,,,,,,,,,,,,,,,,
,,,,,,,,,,,,,,,,,,,,
,,,,,,,,,,,,,,,,,,,,
,,,,,,,,,,,,,,,,,,,,
,,,,,,,,,,,,,,,,,,,,
,,,,,,,,,,,,,,,,,,,,
,,,,,,,,,,,,,,,,,,,,
,,,,,,,,,,,,,,,,,,,,
,,,,,,,,,,,,,,,,,,,,
,,,,,,,,,,,,,,,,,,,,
,,,,,,,,,,,,,,,,,,,,
,,,,,,,,,,,,,,,,,,,,
,,,,,,,,,,,,,,,,,,,,
,,,,,,,,,,,,,,,,,,,,
,,,,,,,,,,,,,,,,,,,,
,,,,,,,,,,,,,,,,,,,,
,,,,,,,,,,,,,,,,,,,,
,,,,,,,,,,,,,,,,,,,,
,,,,,,,,,,,,,,,,,,,,
,,,,,,,,,,,,,,,,,,,,
,,,,,,,,,,,,,,,,,,,,
,,,,,,,,,,,,,,,,,,,,
,,,,,,,,,,,,,,,,,,,,
,,,,,,,,,,,,,,,,,,,,
,,,,,,,,,,,,,,,,,,,,
,,,,,,,,,,,,,,,,,,,,
,,,,,,,,,,,,,,,,,,,,
,,,,,,,,,,,,,,,,,,,,
,,,,,,,,,,,,,,,,,,,,
,,,,,,,,,,,,,,,,,,,,
,,,,,,,,,,,,,,,,,,,,
,,,,,,,,,,,,,,,,,,,,
,,,,,,,,,,,,,,,,,,,,
,,,,,,,,,,,,,,,,,,,,
,,,,,,,,,,,,,,,,,,,,
,,,,,,,,,,,,,,,,,,,,
,,,,,,,,,,,,,,,,,,,,
,,,,,,,,,,,,,,,,,,,,
,,,,,,,,,,,,,,,,,,,,
,,,,,,,,,,,,,,,,,,,,
,,,,,,,,,,,,,,,,,,,,
,,,,,,,,,,,,,,,,,,,,
,,,,,,,,,,,,,,,,,,,,
,,,,,,,,,,,,,,,,,,,,
,,,,,,,,,,,,,,,,,,,,
,,,,,,,,,,,,,,,,,,,,
,,,,,,,,,,,,,,,,,,,,
,,,,,,,,,,,,,,,,,,,,
,,,,,,,,,,,,,,,,,,,,
,,,,,,,,,,,,,,,,,,,,
,,,,,,,,,,,,,,,,,,,,
,,,,,,,,,,,,,,,,,,,,
,,,,,,,,,,,,,,,,,,,,
,,,,,,,,,,,,,,,,,,,,
,,,,,,,,,,,,,,,,,,,,
,,,,,,,,,,,,,,,,,,,,
,,,,,,,,,,,,,,,,,,,,
,,,,,,,,,,,,,,,,,,,,
,,,,,,,,,,,,,,,,,,,,
,,,,,,,,,,,,,,,,,,,,
,,,,,,,,,,,,,,,,,,,,
,,,,,,,,,,,,,,,,,,,,
,,,,,,,,,,,,,,,,,,,,
,,,,,,,,,,,,,,,,,,,,
,,,,,,,,,,,,,,,,,,,,
,,,,,,,,,,,,,,,,,,,,
,,,,,,,,,,,,,,,,,,,,
,,,,,,,,,,,,,,,,,,,,
,,,,,,,,,,,,,,,,,,,,
,,,,,,,,,,,,,,,,,,,,
,,,,,,,,,,,,,,,,,,,,
,,,,,,,,,,,,,,,,,,,,
,,,,,,,,,,,,,,,,,,,,
,,,,,,,,,,,,,,,,,,,,
,,,,,,,,,,,,,,,,,,,,
,,,,,,,,,,,,,,,,,,,,
,,,,,,,,,,,,,,,,,,,,
,,,,,,,,,,,,,,,,,,,,
,,,,,,,,,,,,,,,,,,,,
,,,,,,,,,,,,,,,,,,,,
,,,,,,,,,,,,,,,,,,,,
,,,,,,,,,,,,,,,,,,,,
,,,,,,,,,,,,,,,,,,,,
,,,,,,,,,,,,,,,,,,,,
,,,,,,,,,,,,,,,,,,,,
,,,,,,,,,,,,,,,,,,,,
,,,,,,,,,,,,,,,,,,,,
,,,,,,,,,,,,,,,,,,,,
,,,,,,,,,,,,,,,,,,,,
,,,,,,,,,,,,,,,,,,,,
,,,,,,,,,,,,,,,,,,,,
,,,,,,,,,,,,,,,,,,,,
,,,,,,,,,,,,,,,,,,,,
,,,,,,,,,,,,,,,,,,,,
,,,,,,,,,,,,,,,,,,,,
,,,,,,,,,,,,,,,,,,,,
,,,,,,,,,,,,,,,,,,,,
,,,,,,,,,,,,,,,,,,,,
,,,,,,,,,,,,,,,,,,,,
,,,,,,,,,,,,,,,,,,,,
,,,,,,,,,,,,,,,,,,,,
,,,,,,,,,,,,,,,,,,,,
,,,,,,,,,,,,,,,,,,,,
,,,,,,,,,,,,,,,,,,,,
,,,,,,,,,,,,,,,,,,,,
,,,,,,,,,,,,,,,,,,,,
,,,,,,,,,,,,,,,,,,,,
,,,,,,,,,,,,,,,,,,,,
,,,,,,,,,,,,,,,,,,,,
,,,,,,,,,,,,,,,,,,,,
,,,,,,,,,,,,,,,,,,,,
,,,,,,,,,,,,,,,,,,,,
,,,,,,,,,,,,,,,,,,,,
,,,,,,,,,,,,,,,,,,,,
,,,,,,,,,,,,,,,,,,,,
,,,,,,,,,,,,,,,,,,,,
,,,,,,,,,,,,,,,,,,,,
,,,,,,,,,,,,,,,,,,,,
,,,,,,,,,,,,,,,,,,,,
,,,,,,,,,,,,,,,,,,,,
,,,,,,,,,,,,,,,,,,,,
,,,,,,,,,,,,,,,,,,,,
,,,,,,,,,,,,,,,,,,,,
,,,,,,,,,,,,,,,,,,,,
,,,,,,,,,,,,,,,,,,,,
,,,,,,,,,,,,,,,,,,,,
,,,,,,,,,,,,,,,,,,,,
,,,,,,,,,,,,,,,,,,,,
,,,,,,,,,,,,,,,,,,,,
,,,,,,,,,,,,,,,,,,,,
,,,,,,,,,,,,,,,,,,,,
,,,,,,,,,,,,,,,,,,,,
,,,,,,,,,,,,,,,,,,,,
,,,,,,,,,,,,,,,,,,,,
,,,,,,,,,,,,,,,,,,,,
,,,,,,,,,,,,,,,,,,,,
,,,,,,,,,,,,,,,,,,,,
,,,,,,,,,,,,,,,,,,,,
,,,,,,,,,,,,,,,,,,,,
,,,,,,,,,,,,,,,,,,,,
,,,,,,,,,,,,,,,,,,,,
,,,,,,,,,,,,,,,,,,,,
,,,,,,,,,,,,,,,,,,,,
,,,,,,,,,,,,,,,,,,,,
,,,,,,,,,,,,,,,,,,,,
,,,,,,,,,,,,,,,,,,,,
,,,,,,,,,,,,,,,,,,,,
,,,,,,,,,,,,,,,,,,,,
,,,,,,,,,,,,,,,,,,,,
,,,,,,,,,,,,,,,,,,,,
,,,,,,,,,,,,,,,,,,,,
,,,,,,,,,,,,,,,,,,,,
,,,,,,,,,,,,,,,,,,,,
,,,,,,,,,,,,,,,,,,,,
,,,,,,,,,,,,,,,,,,,,
,,,,,,,,,,,,,,,,,,,,
,,,,,,,,,,,,,,,,,,,,
,,,,,,,,,,,,,,,,,,,,
,,,,,,,,,,,,,,,,,,,,
,,,,,,,,,,,,,,,,,,,,
,,,,,,,,,,,,,,,,,,,,
,,,,,,,,,,,,,,,,,,,,
,,,,,,,,,,,,,,,,,,,,
,,,,,,,,,,,,,,,,,,,,
,,,,,,,,,,,,,,,,,,,,
,,,,,,,,,,,,,,,,,,,,
,,,,,,,,,,,,,,,,,,,,
,,,,,,,,,,,,,,,,,,,,
,,,,,,,,,,,,,,,,,,,,
,,,,,,,,,,,,,,,,,,,,
,,,,,,,,,,,,,,,,,,,,
,,,,,,,,,,,,,,,,,,,,
,,,,,,,,,,,,,,,,,,,,
,,,,,,,,,,,,,,,,,,,,
,,,,,,,,,,,,,,,,,,,,
,,,,,,,,,,,,,,,,,,,,
,,,,,,,,,,,,,,,,,,,,
,,,,,,,,,,,,,,,,,,,,
,,,,,,,,,,,,,,,,,,,,
,,,,,,,,,,,,,,,,,,,,
,,,,,,,,,,,,,,,,,,,,
,,,,,,,,,,,,,,,,,,,,
,,,,,,,,,,,,,,,,,,,,
,,,,,,,,,,,,,,,,,,,,
,,,,,,,,,,,,,,,,,,,,
,,,,,,,,,,,,,,,,,,,,
,,,,,,,,,,,,,,,,,,,,
,,,,,,,,,,,,,,,,,,,,
,,,,,,,,,,,,,,,,,,,,
,,,,,,,,,,,,,,,,,,,,
,,,,,,,,,,,,,,,,,,,,
,,,,,,,,,,,,,,,,,,,,
,,,,,,,,,,,,,,,,,,,,
,,,,,,,,,,,,,,,,,,,,
,,,,,,,,,,,,,,,,,,,,
,,,,,,,,,,,,,,,,,,,,
,,,,,,,,,,,,,,,,,,,,
,,,,,,,,,,,,,,,,,,,,
,,,,,,,,,,,,,,,,,,,,
,,,,,,,,,,,,,,,,,,,,
,,,,,,,,,,,,,,,,,,,,
,,,,,,,,,,,,,,,,,,,,
,,,,,,,,,,,,,,,,,,,,
,,,,,,,,,,,,,,,,,,,,
,,,,,,,,,,,,,,,,,,,,
,,,,,,,,,,,,,,,,,,,,
,,,,,,,,,,,,,,,,,,,,
,,,,,,,,,,,,,,,,,,,,
,,,,,,,,,,,,,,,,,,,,
,,,,,,,,,,,,,,,,,,,,
,,,,,,,,,,,,,,,,,,,,
,,,,,,,,,,,,,,,,,,,,
,,,,,,,,,,,,,,,,,,,,
,,,,,,,,,,,,,,,,,,,,
,,,,,,,,,,,,,,,,,,,,
,,,,,,,,,,,,,,,,,,,,
,,,,,,,,,,,,,,,,,,,,
,,,,,,,,,,,,,,,,,,,,
,,,,,,,,,,,,,,,,,,,,
,,,,,,,,,,,,,,,,,,,,
,,,,,,,,,,,,,,,,,,,,
,,,,,,,,,,,,,,,,,,,,
,,,,,,,,,,,,,,,,,,,,
,,,,,,,,,,,,,,,,,,,,
,,,,,,,,,,,,,,,,,,,,
,,,,,,,,,,,,,,,,,,,,
,,,,,,,,,,,,,,,,,,,,
,,,,,,,,,,,,,,,,,,,,
,,,,,,,,,,,,,,,,,,,,
,,,,,,,,,,,,,,,,,,,,
,,,,,,,,,,,,,,,,,,,,
,,,,,,,,,,,,,,,,,,,,
,,,,,,,,,,,,,,,,,,,,
,,,,,,,,,,,,,,,,,,,,
,,,,,,,,,,,,,,,,,,,,
,,,,,,,,,,,,,,,,,,,,
,,,,,,,,,,,,,,,,,,,,
,,,,,,,,,,,,,,,,,,,,
,,,,,,,,,,,,,,,,,,,,
,,,,,,,,,,,,,,,,,,,,
,,,,,,,,,,,,,,,,,,,,
,,,,,,,,,,,,,,,,,,,,
,,,,,,,,,,,,,,,,,,,,
,,,,,,,,,,,,,,,,,,,,
,,,,,,,,,,,,,,,,,,,,
,,,,,,,,,,,,,,,,,,,,
,,,,,,,,,,,,,,,,,,,,
,,,,,,,,,,,,,,,,,,,,
,,,,,,,,,,,,,,,,,,,,
,,,,,,,,,,,,,,,,,,,,
,,,,,,,,,,,,,,,,,,,,
,,,,,,,,,,,,,,,,,,,,
,,,,,,,,,,,,,,,,,,,,
,,,,,,,,,,,,,,,,,,,,
,,,,,,,,,,,,,,,,,,,,
,,,,,,,,,,,,,,,,,,,,
,,,,,,,,,,,,,,,,,,,,
,,,,,,,,,,,,,,,,,,,,
,,,,,,,,,,,,,,,,,,,,
,,,,,,,,,,,,,,,,,,,,
,,,,,,,,,,,,,,,,,,,,
,,,,,,,,,,,,,,,,,,,,
,,,,,,,,,,,,,,,,,,,,
,,,,,,,,,,,,,,,,,,,,
,,,,,,,,,,,,,,,,,,,,
,,,,,,,,,,,,,,,,,,,,
,,,,,,,,,,,,,,,,,,,,
,,,,,,,,,,,,,,,,,,,,
,,,,,,,,,,,,,,,,,,,,
,,,,,,,,,,,,,,,,,,,,
,,,,,,,,,,,,,,,,,,,,
,,,,,,,,,,,,,,,,,,,,
,,,,,,,,,,,,,,,,,,,,
,,,,,,,,,,,,,,,,,,,,
,,,,,,,,,,,,,,,,,,,,
,,,,,,,,,,,,,,,,,,,,
,,,,,,,,,,,,,,,,,,,,
,,,,,,,,,,,,,,,,,,,,
,,,,,,,,,,,,,,,,,,,,
,,,,,,,,,,,,,,,,,,,,
,,,,,,,,,,,,,,,,,,,,
,,,,,,,,,,,,,,,,,,,,
,,,,,,,,,,,,,,,,,,,,
,,,,,,,,,,,,,,,,,,,,
,,,,,,,,,,,,,,,,,,,,
,,,,,,,,,,,,,,,,,,,,
,,,,,,,,,,,,,,,,,,,,
,,,,,,,,,,,,,,,,,,,,
,,,,,,,,,,,,,,,,,,,,
,,,,,,,,,,,,,,,,,,,,
,,,,,,,,,,,,,,,,,,,,
,,,,,,,,,,,,,,,,,,,,
,,,,,,,,,,,,,,,,,,,,
,,,,,,,,,,,,,,,,,,,,
,,,,,,,,,,,,,,,,,,,,
,,,,,,,,,,,,,,,,,,,,
,,,,,,,,,,,,,,,,,,,,
,,,,,,,,,,,,,,,,,,,,
,,,,,,,,,,,,,,,,,,,,
,,,,,,,,,,,,,,,,,,,,
,,,,,,,,,,,,,,,,,,,,
,,,,,,,,,,,,,,,,,,,,
,,,,,,,,,,,,,,,,,,,,
,,,,,,,,,,,,,,,,,,,,
,,,,,,,,,,,,,,,,,,,,
,,,,,,,,,,,,,,,,,,,,
,,,,,,,,,,,,,,,,,,,,
,,,,,,,,,,,,,,,,,,,,
,,,,,,,,,,,,,,,,,,,,
,,,,,,,,,,,,,,,,,,,,
,,,,,,,,,,,,,,,,,,,,
,,,,,,,,,,,,,,,,,,,,
,,,,,,,,,,,,,,,,,,,,
,,,,,,,,,,,,,,,,,,,,
,,,,,,,,,,,,,,,,,,,,
,,,,,,,,,,,,,,,,,,,,
,,,,,,,,,,,,,,,,,,,,
,,,,,,,,,,,,,,,,,,,,
,,,,,,,,,,,,,,,,,,,,
,,,,,,,,,,,,,,,,,,,,
,,,,,,,,,,,,,,,,,,,,
,,,,,,,,,,,,,,,,,,,,
,,,,,,,,,,,,,,,,,,,,
,,,,,,,,,,,,,,,,,,,,
,,,,,,,,,,,,,,,,,,,,
,,,,,,,,,,,,,,,,,,,,
,,,,,,,,,,,,,,,,,,,,
,,,,,,,,,,,,,,,,,,,,
,,,,,,,,,,,,,,,,,,,,
,,,,,,,,,,,,,,,,,,,,
,,,,,,,,,,,,,,,,,,,,
,,,,,,,,,,,,,,,,,,,,
,,,,,,,,,,,,,,,,,,,,
,,,,,,,,,,,,,,,,,,,,
,,,,,,,,,,,,,,,,,,,,
,,,,,,,,,,,,,,,,,,,,
,,,,,,,,,,,,,,,,,,,,
,,,,,,,,,,,,,,,,,,,,
,,,,,,,,,,,,,,,,,,,,
,,,,,,,,,,,,,,,,,,,,
,,,,,,,,,,,,,,,,,,,,
,,,,,,,,,,,,,,,,,,,,
,,,,,,,,,,,,,,,,,,,,
,,,,,,,,,,,,,,,,,,,,
,,,,,,,,,,,,,,,,,,,,
,,,,,,,,,,,,,,,,,,,,
,,,,,,,,,,,,,,,,,,,,
,,,,,,,,,,,,,,,,,,,,
,,,,,,,,,,,,,,,,,,,,
,,,,,,,,,,,,,,,,,,,,
,,,,,,,,,,,,,,,,,,,,
,,,,,,,,,,,,,,,,,,,,
,,,,,,,,,,,,,,,,,,,,
,,,,,,,,,,,,,,,,,,,,
,,,,,,,,,,,,,,,,,,,,
,,,,,,,,,,,,,,,,,,,,
,,,,,,,,,,,,,,,,,,,,
,,,,,,,,,,,,,,,,,,,,
,,,,,,,,,,,,,,,,,,,,
,,,,,,,,,,,,,,,,,,,,
,,,,,,,,,,,,,,,,,,,,
,,,,,,,,,,,,,,,,,,,,
,,,,,,,,,,,,,,,,,,,,
,,,,,,,,,,,,,,,,,,,,
,,,,,,,,,,,,,,,,,,,,
,,,,,,,,,,,,,,,,,,,,
,,,,,,,,,,,,,,,,,,,,
,,,,,,,,,,,,,,,,,,,,
,,,,,,,,,,,,,,,,,,,,
,,,,,,,,,,,,,,,,,,,,
,,,,,,,,,,,,,,,,,,,,
,,,,,,,,,,,,,,,,,,,,
,,,,,,,,,,,,,,,,,,,,
,,,,,,,,,,,,,,,,,,,,
,,,,,,,,,,,,,,,,,,,,
,,,,,,,,,,,,,,,,,,,,
,,,,,,,,,,,,,,,,,,,,
,,,,,,,,,,,,,,,,,,,,
,,,,,,,,,,,,,,,,,,,,
,,,,,,,,,,,,,,,,,,,,
,,,,,,,,,,,,,,,,,,,,
,,,,,,,,,,,,,,,,,,,,
,,,,,,,,,,,,,,,,,,,,
